#node1	node2	node1_string_id	node2_string_id	neighborhood_on_chromosome	gene_fusion	phylogenetic_cooccurrence	homology	coexpression	experimentally_determined_interaction	database_annotated	automated_textmining	combined_score
ABCB1	LGALS3	9606.ENSP00000478255	9606.ENSP00000254301	0	0	0	0	0	0.407	0	0.187	0.498
ABCB1	STAT3	9606.ENSP00000478255	9606.ENSP00000264657	0	0	0	0	0	0	0	0.800	0.800
ABCB1	IL6	9606.ENSP00000478255	9606.ENSP00000385675	0	0	0	0	0.055	0	0	0.435	0.443
ABCB1	ACTB	9606.ENSP00000478255	9606.ENSP00000494750	0	0	0	0	0.067	0.051	0	0.588	0.603
ACTB	IFNG	9606.ENSP00000494750	9606.ENSP00000229135	0	0	0	0	0	0.143	0	0.771	0.795
ACTB	IL4	9606.ENSP00000494750	9606.ENSP00000231449	0	0	0	0	0.057	0.053	0	0.692	0.700
ACTB	LGALS3	9606.ENSP00000494750	9606.ENSP00000254301	0	0	0	0	0.059	0	0	0.496	0.506
ACTB	CREBBP	9606.ENSP00000494750	9606.ENSP00000262367	0	0	0	0	0.047	0.077	0	0.535	0.556
ACTB	STAT3	9606.ENSP00000494750	9606.ENSP00000264657	0	0	0	0	0.084	0	0	0.789	0.798
ACTB	IFNAR1	9606.ENSP00000494750	9606.ENSP00000270139	0	0	0	0	0	0	0	0.470	0.470
ACTB	IFNA1	9606.ENSP00000494750	9606.ENSP00000276927	0	0	0	0	0	0	0	0.604	0.604
ACTB	IL18	9606.ENSP00000494750	9606.ENSP00000280357	0	0	0	0	0	0	0	0.593	0.593
ACTB	ACTC1	9606.ENSP00000494750	9606.ENSP00000290378	0	0	0.047	0.986	0.663	0.598	0	0.418	0.914
ACTB	GRIN2C	9606.ENSP00000494750	9606.ENSP00000293190	0	0	0	0	0	0.052	0	0.500	0.506
ACTB	BCL6B	9606.ENSP00000494750	9606.ENSP00000293805	0	0	0	0	0	0.073	0	0.484	0.501
ACTB	CSF2	9606.ENSP00000494750	9606.ENSP00000296871	0	0	0	0	0	0	0	0.695	0.695
ACTB	NOD2	9606.ENSP00000494750	9606.ENSP00000300589	0	0	0	0	0.055	0.114	0	0.378	0.433
ACTB	IL13	9606.ENSP00000494750	9606.ENSP00000304915	0	0	0	0	0	0	0	0.578	0.578
ACTB	CHAT	9606.ENSP00000494750	9606.ENSP00000337103	0	0	0	0	0	0	0	0.430	0.430
ACTB	NLRP3	9606.ENSP00000494750	9606.ENSP00000337383	0	0	0	0	0	0.095	0	0.586	0.610
ACTB	VCP	9606.ENSP00000494750	9606.ENSP00000351777	0	0	0	0	0.087	0.253	0	0.633	0.728
ACTB	STAT1	9606.ENSP00000494750	9606.ENSP00000354394	0	0	0	0	0.064	0	0	0.676	0.684
ACTB	IL6R	9606.ENSP00000494750	9606.ENSP00000357470	0	0	0	0	0	0	0	0.418	0.418
ACTB	ATG5	9606.ENSP00000494750	9606.ENSP00000358072	0	0	0	0	0.047	0.091	0	0.726	0.742
ACTB	BTRC	9606.ENSP00000494750	9606.ENSP00000359206	0	0	0	0	0	0.091	0	0.379	0.411
ACTB	GSN	9606.ENSP00000494750	9606.ENSP00000362924	0	0	0	0	0.063	0.650	0	0.658	0.878
ACTB	IFNA2	9606.ENSP00000494750	9606.ENSP00000369554	0	0	0	0	0	0	0	0.400	0.400
ACTB	IFNB1	9606.ENSP00000494750	9606.ENSP00000369581	0	0	0	0	0	0	0	0.664	0.664
ACTB	ATG16L1	9606.ENSP00000494750	9606.ENSP00000375873	0	0	0	0	0	0.084	0	0.396	0.423
ACTB	RELA	9606.ENSP00000494750	9606.ENSP00000384273	0	0	0	0	0.072	0.103	0	0.607	0.644
ACTB	IL6	9606.ENSP00000494750	9606.ENSP00000385675	0	0	0	0	0	0	0	0.847	0.847
ACTB	IL10	9606.ENSP00000494750	9606.ENSP00000412237	0	0	0	0	0	0	0	0.729	0.729
ACTB	ATG12	9606.ENSP00000494750	9606.ENSP00000425107	0	0	0	0	0	0.068	0	0.551	0.564
ACTB	TYK2	9606.ENSP00000494750	9606.ENSP00000431885	0	0	0	0	0.086	0.070	0	0.375	0.423
ACTB	CFL1	9606.ENSP00000494750	9606.ENSP00000432660	0	0	0	0	0.403	0.987	0.900	0.834	0.999
ACTB	IL22	9606.ENSP00000494750	9606.ENSP00000442424	0	0	0	0	0	0	0	0.447	0.447
ACTB	VIM	9606.ENSP00000494750	9606.ENSP00000446007	0	0	0	0	0.156	0.243	0	0.601	0.723
ACTB	CTLA4	9606.ENSP00000494750	9606.ENSP00000497102	0	0	0	0	0	0	0	0.412	0.412
ACTB	JAK1	9606.ENSP00000494750	9606.ENSP00000499900	0	0	0	0	0.140	0.070	0	0.511	0.575
ACTB	IL17A	9606.ENSP00000494750	9606.ENSP00000497968	0	0	0	0	0	0	0	0.648	0.648
ACTC1	IL23R	9606.ENSP00000290378	9606.ENSP00000321345	0	0	0	0	0	0.431	0	0	0.431
ACTC1	ERBIN	9606.ENSP00000290378	9606.ENSP00000426632	0	0	0	0	0.049	0.095	0.400	0.051	0.444
ACTC1	GSN	9606.ENSP00000290378	9606.ENSP00000362924	0	0	0	0	0.064	0.443	0	0.264	0.583
ACTC1	CFL1	9606.ENSP00000290378	9606.ENSP00000432660	0	0	0	0	0.095	0.679	0	0.248	0.763
ARSB	SIAE	9606.ENSP00000264914	9606.ENSP00000263593	0	0	0	0	0.042	0.483	0	0.273	0.608
ATG12	RB1CC1	9606.ENSP00000425107	9606.ENSP00000025008	0	0	0	0	0.070	0.484	0	0.979	0.989
ATG12	RIPK2	9606.ENSP00000425107	9606.ENSP00000220751	0	0	0	0	0.056	0	0	0.442	0.450
ATG12	RAB33A	9606.ENSP00000425107	9606.ENSP00000257017	0	0	0	0	0	0.593	0	0.225	0.671
ATG12	NOD2	9606.ENSP00000425107	9606.ENSP00000300589	0	0	0	0	0	0	0.900	0.558	0.953
ATG12	RAB33B	9606.ENSP00000425107	9606.ENSP00000306496	0	0	0	0	0.087	0.614	0	0.713	0.890
ATG12	ATG5	9606.ENSP00000425107	9606.ENSP00000358072	0	0	0	0	0.118	0.997	0.900	0.999	0.999
ATG12	OPTN	9606.ENSP00000425107	9606.ENSP00000368022	0	0	0	0	0.094	0	0	0.572	0.595
ATG12	ATG16L1	9606.ENSP00000425107	9606.ENSP00000375873	0	0	0	0	0.042	0.994	0.900	0.999	0.999
ATG12	IRGM	9606.ENSP00000425107	9606.ENSP00000428220	0	0	0	0	0	0.058	0	0.577	0.585
ATG16L1	RB1CC1	9606.ENSP00000375873	9606.ENSP00000025008	0	0	0	0	0.064	0.825	0.900	0.988	0.999
ATG16L1	RIPK2	9606.ENSP00000375873	9606.ENSP00000220751	0	0	0	0	0.053	0.292	0	0.727	0.800
ATG16L1	IL10RA	9606.ENSP00000375873	9606.ENSP00000227752	0	0	0	0	0	0	0	0.507	0.507
ATG16L1	IFNG	9606.ENSP00000375873	9606.ENSP00000229135	0	0	0	0	0	0	0	0.447	0.447
ATG16L1	RAB33A	9606.ENSP00000375873	9606.ENSP00000257017	0	0	0	0	0	0.727	0	0.685	0.910
ATG16L1	IL18	9606.ENSP00000375873	9606.ENSP00000280357	0	0	0	0	0.083	0	0	0.508	0.529
ATG16L1	NOD2	9606.ENSP00000375873	9606.ENSP00000300589	0	0	0	0	0.044	0.625	0.900	0.999	0.999
ATG16L1	RAB33B	9606.ENSP00000375873	9606.ENSP00000306496	0	0	0	0	0	0.983	0.900	0.991	0.999
ATG16L1	IL23R	9606.ENSP00000375873	9606.ENSP00000321345	0	0	0	0	0	0	0	0.669	0.669
ATG16L1	ATP6V0C	9606.ENSP00000375873	9606.ENSP00000329757	0	0	0	0	0	0	0	0.549	0.549
ATG16L1	NLRP3	9606.ENSP00000375873	9606.ENSP00000337383	0	0	0	0	0.044	0.045	0	0.671	0.673
ATG16L1	ATG5	9606.ENSP00000375873	9606.ENSP00000358072	0	0	0	0	0.122	0.999	0.900	0.999	0.999
ATG16L1	OPTN	9606.ENSP00000375873	9606.ENSP00000368022	0	0	0	0	0	0.292	0	0.582	0.691
ATG16L1	IL6	9606.ENSP00000375873	9606.ENSP00000385675	0	0	0	0	0	0	0	0.430	0.430
ATG16L1	IL10	9606.ENSP00000375873	9606.ENSP00000412237	0	0	0	0	0	0	0	0.445	0.445
ATG16L1	IRF5	9606.ENSP00000375873	9606.ENSP00000418037	0	0	0	0	0	0	0	0.449	0.449
ATG16L1	IRGM	9606.ENSP00000375873	9606.ENSP00000428220	0	0	0	0	0	0.292	0	0.960	0.970
ATG5	RB1CC1	9606.ENSP00000358072	9606.ENSP00000025008	0	0	0	0	0.104	0.619	0	0.920	0.970
ATG5	RIPK2	9606.ENSP00000358072	9606.ENSP00000220751	0	0	0	0	0.052	0.086	0	0.575	0.599
ATG5	IFNG	9606.ENSP00000358072	9606.ENSP00000229135	0	0	0	0	0.042	0	0	0.481	0.481
ATG5	RAB33A	9606.ENSP00000358072	9606.ENSP00000257017	0	0	0	0	0	0.631	0	0.215	0.698
ATG5	STAT3	9606.ENSP00000358072	9606.ENSP00000264657	0	0	0	0	0.088	0.170	0	0.518	0.604
ATG5	IL18	9606.ENSP00000358072	9606.ENSP00000280357	0	0	0	0	0.085	0	0	0.450	0.476
ATG5	NOD2	9606.ENSP00000358072	9606.ENSP00000300589	0	0	0	0	0	0	0.900	0.689	0.967
ATG5	RAB33B	9606.ENSP00000358072	9606.ENSP00000306496	0	0	0	0	0.082	0.640	0	0.858	0.949
ATG5	NLRP3	9606.ENSP00000358072	9606.ENSP00000337383	0	0	0	0	0	0	0	0.683	0.683
ATG5	VCP	9606.ENSP00000358072	9606.ENSP00000351777	0	0	0	0	0.094	0.330	0	0.352	0.572
ATG5	STAT1	9606.ENSP00000358072	9606.ENSP00000354394	0	0	0	0	0.090	0.181	0	0.443	0.549
ATG5	IFNB1	9606.ENSP00000358072	9606.ENSP00000369581	0	0	0	0	0	0	0	0.418	0.418
ATG5	IL6	9606.ENSP00000358072	9606.ENSP00000385675	0	0	0	0	0	0	0	0.531	0.531
ATG5	OPTN	9606.ENSP00000358072	9606.ENSP00000368022	0	0	0	0	0.061	0.510	0	0.598	0.798
ATG5	IRGM	9606.ENSP00000358072	9606.ENSP00000428220	0	0	0	0	0.105	0.292	0	0.988	0.991
ATP6V0C	SGTA	9606.ENSP00000329757	9606.ENSP00000221566	0	0	0	0	0.110	0.046	0	0.392	0.439
BAHD1	TRIM28	9606.ENSP00000396976	9606.ENSP00000253024	0	0	0	0	0.084	0.292	0	0.473	0.628
BTRC	CREBBP	9606.ENSP00000359206	9606.ENSP00000262367	0	0	0	0	0.074	0	0	0.606	0.620
BTRC	IFNAR1	9606.ENSP00000359206	9606.ENSP00000270139	0	0	0	0	0.049	0.607	0	0.494	0.794
BTRC	VCP	9606.ENSP00000359206	9606.ENSP00000351777	0	0	0	0	0	0.704	0	0.536	0.856
BTRC	ERBIN	9606.ENSP00000359206	9606.ENSP00000426632	0	0	0	0	0	0.361	0	0.157	0.438
BTRC	PRLR	9606.ENSP00000359206	9606.ENSP00000482954	0	0	0	0	0	0.301	0.500	0.183	0.689
BTRC	RELA	9606.ENSP00000359206	9606.ENSP00000384273	0	0	0	0	0.067	0.600	0.500	0.390	0.871
CARD10	NOD2	9606.ENSP00000384570	9606.ENSP00000300589	0	0	0	0	0.058	0	0	0.487	0.496
CARD10	TRIM27	9606.ENSP00000384570	9606.ENSP00000366404	0	0	0.263	0	0	0.082	0	0.190	0.404
CARD10	GFOD1	9606.ENSP00000384570	9606.ENSP00000368589	0	0	0	0	0	0.454	0	0	0.454
CARD8	RIPK2	9606.ENSP00000499211	9606.ENSP00000220751	0	0	0	0	0	0.067	0	0.658	0.667
CARD8	IL18	9606.ENSP00000499211	9606.ENSP00000280357	0	0	0	0	0.055	0	0	0.693	0.698
CARD8	NOD2	9606.ENSP00000499211	9606.ENSP00000300589	0	0	0	0	0.114	0	0	0.627	0.655
CARD8	NLRP3	9606.ENSP00000499211	9606.ENSP00000337383	0	0.069	0	0	0.081	0.307	0.900	0.976	0.998
CARD8	IL6	9606.ENSP00000499211	9606.ENSP00000385675	0	0	0	0	0.055	0	0	0.494	0.502
CARD8	CEP192	9606.ENSP00000499211	9606.ENSP00000427550	0	0	0	0	0.068	0.421	0	0	0.437
CEP152	CEP170	9606.ENSP00000370337	9606.ENSP00000355500	0	0	0	0	0.060	0	0	0.541	0.550
CEP152	OPTN	9606.ENSP00000370337	9606.ENSP00000368022	0	0	0	0	0	0	0.500	0	0.499
CEP152	IRF5	9606.ENSP00000370337	9606.ENSP00000418037	0	0	0	0	0	0.323	0	0.398	0.575
CEP152	CEP192	9606.ENSP00000370337	9606.ENSP00000427550	0	0	0	0	0.110	0.196	0.540	0.888	0.958
CEP170	INAVA	9606.ENSP00000355500	9606.ENSP00000392105	0	0	0	0	0	0.480	0	0.122	0.525
CEP170	CEP192	9606.ENSP00000355500	9606.ENSP00000427550	0	0	0	0	0.056	0.071	0	0.506	0.529
CEP192	OPTN	9606.ENSP00000427550	9606.ENSP00000368022	0	0	0	0	0.047	0	0.500	0	0.503
CFL1	STAT4	9606.ENSP00000432660	9606.ENSP00000351255	0	0	0	0	0.056	0	0.750	0	0.753
CFL1	VCP	9606.ENSP00000432660	9606.ENSP00000351777	0	0	0	0	0.193	0.127	0	0.223	0.405
CFL1	GSN	9606.ENSP00000432660	9606.ENSP00000362924	0	0	0	0	0.059	0	0	0.864	0.867
CFL1	TYK2	9606.ENSP00000432660	9606.ENSP00000431885	0	0	0	0	0.142	0.071	0	0.442	0.516
CFL1	JAK1	9606.ENSP00000432660	9606.ENSP00000499900	0	0	0	0	0.081	0.071	0	0.486	0.523
CNTFR	IL23A	9606.ENSP00000368265	9606.ENSP00000228534	0	0	0	0	0	0	0.650	0.154	0.691
CNTFR	IFNG	9606.ENSP00000368265	9606.ENSP00000229135	0	0	0	0	0	0	0.650	0.138	0.685
CNTFR	IL12B	9606.ENSP00000368265	9606.ENSP00000231228	0	0	0	0.602	0.051	0	0.650	0.189	0.707
CNTFR	IL4	9606.ENSP00000368265	9606.ENSP00000231449	0	0	0	0	0	0	0.650	0.098	0.670
CNTFR	IL27RA	9606.ENSP00000368265	9606.ENSP00000263379	0	0	0	0	0.054	0.091	0	0.995	0.995
CNTFR	STAT3	9606.ENSP00000368265	9606.ENSP00000264657	0	0	0	0	0.047	0	0	0.689	0.691
CNTFR	IL9	9606.ENSP00000368265	9606.ENSP00000274520	0	0	0	0	0	0	0.650	0.060	0.656
CNTFR	IFNA1	9606.ENSP00000368265	9606.ENSP00000276927	0	0	0	0	0.065	0	0.650	0.068	0.668
CNTFR	IFNK	9606.ENSP00000368265	9606.ENSP00000276943	0	0	0	0	0.065	0	0.650	0	0.658
CNTFR	CSF2	9606.ENSP00000368265	9606.ENSP00000296871	0	0	0	0	0	0	0.650	0.096	0.670
CNTFR	IL12A	9606.ENSP00000368265	9606.ENSP00000303231	0	0	0	0	0	0.096	0.650	0.127	0.699
CNTFR	IL13	9606.ENSP00000368265	9606.ENSP00000304915	0	0	0	0	0.042	0	0.650	0.091	0.668
CNTFR	IFNL1	9606.ENSP00000368265	9606.ENSP00000329991	0	0	0	0	0	0	0.650	0.127	0.681
CNTFR	IFNL2	9606.ENSP00000368265	9606.ENSP00000333639	0	0	0	0	0	0	0.650	0.068	0.659
CNTFR	IL20	9606.ENSP00000368265	9606.ENSP00000356065	0	0	0	0	0	0	0.650	0	0.650
CNTFR	IL6R	9606.ENSP00000368265	9606.ENSP00000357470	0	0	0	0.654	0	0	0.720	0.693	0.910
CNTFR	IFNL3	9606.ENSP00000368265	9606.ENSP00000481633	0	0	0	0	0	0	0.650	0	0.650
CNTFR	IFNW1	9606.ENSP00000368265	9606.ENSP00000369578	0	0	0	0	0.065	0	0.650	0	0.658
CNTFR	IFNA2	9606.ENSP00000368265	9606.ENSP00000369554	0	0	0	0	0.065	0	0.650	0	0.658
CNTFR	IFNA13	9606.ENSP00000368265	9606.ENSP00000480467	0	0	0	0	0.065	0	0.650	0	0.659
CNTFR	IFNB1	9606.ENSP00000368265	9606.ENSP00000369581	0	0	0	0	0.065	0	0.650	0.081	0.672
CNTFR	IFNE	9606.ENSP00000368265	9606.ENSP00000418018	0	0	0	0	0.065	0	0.650	0.084	0.674
CNTFR	IL19	9606.ENSP00000368265	9606.ENSP00000499459	0	0	0	0	0	0	0.650	0.114	0.676
CNTFR	IL24	9606.ENSP00000368265	9606.ENSP00000375795	0	0	0	0	0	0	0.650	0.118	0.678
CNTFR	IL10	9606.ENSP00000368265	9606.ENSP00000412237	0	0	0	0	0	0	0.650	0.143	0.687
CNTFR	IL22	9606.ENSP00000368265	9606.ENSP00000442424	0	0	0	0	0	0	0.650	0.160	0.693
CNTFR	JAK1	9606.ENSP00000368265	9606.ENSP00000499900	0	0	0	0	0	0	0.650	0.295	0.742
CNTFR	IL11RA	9606.ENSP00000368265	9606.ENSP00000450565	0	0	0	0.723	0.055	0	0	0.810	0.812
CNTFR	TYK2	9606.ENSP00000368265	9606.ENSP00000431885	0	0	0	0	0	0	0.650	0.587	0.849
CNTFR	IL6	9606.ENSP00000368265	9606.ENSP00000385675	0	0	0	0	0.074	0	0.650	0.741	0.908
CNTFR	IL6ST	9606.ENSP00000368265	9606.ENSP00000370698	0	0	0	0.588	0.054	0.328	0.800	0.905	0.986
CREBBP	TRIM28	9606.ENSP00000262367	9606.ENSP00000253024	0	0	0	0	0.067	0.301	0	0.246	0.465
CREBBP	IL6	9606.ENSP00000262367	9606.ENSP00000385675	0	0	0	0	0	0	0	0.416	0.416
CREBBP	JAK1	9606.ENSP00000262367	9606.ENSP00000499900	0	0	0	0	0.157	0.047	0	0.395	0.472
CREBBP	IFNA2	9606.ENSP00000262367	9606.ENSP00000369554	0	0	0	0	0	0	0.500	0.148	0.555
CREBBP	CSF2	9606.ENSP00000262367	9606.ENSP00000296871	0	0	0	0	0	0	0.500	0.199	0.582
CREBBP	IFNA1	9606.ENSP00000262367	9606.ENSP00000276927	0	0	0	0	0	0	0.500	0.290	0.629
CREBBP	IFNB1	9606.ENSP00000262367	9606.ENSP00000369581	0	0	0	0	0	0	0.500	0.397	0.685
CREBBP	STAT4	9606.ENSP00000262367	9606.ENSP00000351255	0	0	0	0	0.044	0.045	0.650	0.178	0.702
CREBBP	IRF5	9606.ENSP00000262367	9606.ENSP00000418037	0	0	0	0	0	0.668	0	0.185	0.718
CREBBP	STAT3	9606.ENSP00000262367	9606.ENSP00000264657	0	0	0	0	0.063	0.512	0.650	0.645	0.935
CREBBP	STAT1	9606.ENSP00000262367	9606.ENSP00000354394	0	0	0	0	0.063	0.983	0.650	0.964	0.999
CREBBP	RELA	9606.ENSP00000262367	9606.ENSP00000384273	0	0	0	0	0.102	0.991	0.500	0.958	0.999
CSF2	IL2RB	9606.ENSP00000296871	9606.ENSP00000216223	0	0	0	0	0.056	0	0.650	0.556	0.840
CSF2	IL10RA	9606.ENSP00000296871	9606.ENSP00000227752	0	0	0	0	0	0	0.650	0.445	0.797
CSF2	IL23A	9606.ENSP00000296871	9606.ENSP00000228534	0	0	0	0	0.274	0	0	0.541	0.652
CSF2	IL26	9606.ENSP00000296871	9606.ENSP00000229134	0	0	0	0	0.116	0	0	0.445	0.488
CSF2	IFNG	9606.ENSP00000296871	9606.ENSP00000229135	0	0	0	0	0.181	0	0	0.981	0.984
CSF2	IL12B	9606.ENSP00000296871	9606.ENSP00000231228	0	0	0	0	0.167	0	0.400	0.361	0.653
CSF2	IL4	9606.ENSP00000296871	9606.ENSP00000231449	0	0	0	0	0.152	0	0	0.958	0.963
CSF2	IL9R	9606.ENSP00000296871	9606.ENSP00000244174	0	0	0	0	0.042	0	0.650	0.224	0.717
CSF2	LGALS3	9606.ENSP00000296871	9606.ENSP00000254301	0	0	0	0	0	0	0	0.419	0.418
CSF2	IL12RB2	9606.ENSP00000296871	9606.ENSP00000262345	0	0	0	0	0.049	0	0.650	0.399	0.782
CSF2	IL37	9606.ENSP00000296871	9606.ENSP00000263326	0	0	0	0	0.061	0	0	0.438	0.451
CSF2	IL27RA	9606.ENSP00000296871	9606.ENSP00000263379	0	0	0	0	0.042	0	0.650	0.305	0.746
CSF2	STAT3	9606.ENSP00000296871	9606.ENSP00000264657	0	0	0	0	0	0	0.500	0.715	0.851
CSF2	IFNAR1	9606.ENSP00000296871	9606.ENSP00000270139	0	0	0	0	0	0	0.650	0.505	0.819
CSF2	IL22RA1	9606.ENSP00000296871	9606.ENSP00000270800	0	0	0	0	0	0	0.650	0.561	0.839
CSF2	IL9	9606.ENSP00000296871	9606.ENSP00000274520	0	0	0	0	0.145	0	0	0.822	0.841
CSF2	IFNA1	9606.ENSP00000296871	9606.ENSP00000276927	0	0	0	0	0.048	0	0	0.850	0.851
CSF2	IL18	9606.ENSP00000296871	9606.ENSP00000280357	0	0	0	0	0	0	0.400	0.835	0.897
CSF2	IL10RB	9606.ENSP00000296871	9606.ENSP00000290200	0	0	0	0	0	0	0.650	0.323	0.752
CSF2	IRF5	9606.ENSP00000296871	9606.ENSP00000418037	0	0	0	0	0.044	0	0	0.419	0.420
CSF2	IFNL1	9606.ENSP00000296871	9606.ENSP00000329991	0	0	0	0	0.067	0	0	0.430	0.445
CSF2	RELA	9606.ENSP00000296871	9606.ENSP00000384273	0	0	0	0	0	0	0	0.447	0.447
CSF2	IFNL2	9606.ENSP00000296871	9606.ENSP00000333639	0	0	0	0	0.092	0	0	0.417	0.448
CSF2	STAT4	9606.ENSP00000296871	9606.ENSP00000351255	0	0	0	0	0.056	0	0	0.466	0.475
CSF2	TYK2	9606.ENSP00000296871	9606.ENSP00000431885	0	0	0	0	0	0	0	0.480	0.480
CSF2	NOD2	9606.ENSP00000296871	9606.ENSP00000300589	0	0	0	0	0.042	0	0	0.481	0.482
CSF2	IL19	9606.ENSP00000296871	9606.ENSP00000499459	0	0	0	0	0.176	0	0	0.419	0.501
CSF2	IFNA13	9606.ENSP00000296871	9606.ENSP00000480467	0	0	0	0	0.044	0	0	0.506	0.507
CSF2	NLRP3	9606.ENSP00000296871	9606.ENSP00000337383	0	0	0	0	0.062	0	0	0.507	0.517
CSF2	IL24	9606.ENSP00000296871	9606.ENSP00000375795	0	0	0	0	0.221	0	0	0.432	0.538
CSF2	IL12A	9606.ENSP00000296871	9606.ENSP00000303231	0	0	0	0	0.125	0	0.400	0.239	0.566
CSF2	STAT1	9606.ENSP00000296871	9606.ENSP00000354394	0	0	0	0	0	0	0	0.673	0.673
CSF2	PRLR	9606.ENSP00000296871	9606.ENSP00000482954	0	0	0	0	0	0	0.650	0.129	0.682
CSF2	IL11RA	9606.ENSP00000296871	9606.ENSP00000450565	0	0	0	0	0	0	0.650	0.163	0.694
CSF2	IL22RA2	9606.ENSP00000296871	9606.ENSP00000296980	0	0	0	0	0.047	0	0.650	0.194	0.707
CSF2	IL20RB	9606.ENSP00000296871	9606.ENSP00000328133	0	0	0	0	0.052	0	0.650	0.201	0.711
CSF2	IFNLR1	9606.ENSP00000296871	9606.ENSP00000327824	0	0	0	0	0.042	0	0.650	0.209	0.711
CSF2	JAK1	9606.ENSP00000296871	9606.ENSP00000499900	0	0	0	0	0	0	0.400	0.580	0.737
CSF2	CTLA4	9606.ENSP00000296871	9606.ENSP00000497102	0	0	0	0	0.134	0	0	0.723	0.750
CSF2	IL6ST	9606.ENSP00000296871	9606.ENSP00000370698	0	0	0	0	0	0	0.650	0.325	0.753
CSF2	IL13RA1	9606.ENSP00000296871	9606.ENSP00000360730	0	0	0	0	0	0	0.650	0.324	0.753
CSF2	IFNAR2	9606.ENSP00000296871	9606.ENSP00000343957	0	0	0	0	0	0	0.650	0.349	0.762
CSF2	IL13RA2	9606.ENSP00000296871	9606.ENSP00000361004	0	0	0	0	0.047	0	0.650	0.370	0.771
CSF2	IFNGR1	9606.ENSP00000296871	9606.ENSP00000356713	0	0	0	0	0	0	0.650	0.406	0.783
CSF2	IL12RB1	9606.ENSP00000296871	9606.ENSP00000470788	0	0	0	0	0	0	0.650	0.423	0.789
CSF2	IL22	9606.ENSP00000296871	9606.ENSP00000442424	0	0	0	0	0.192	0	0	0.765	0.802
CSF2	IL20RA	9606.ENSP00000296871	9606.ENSP00000314976	0	0	0	0	0	0	0.650	0.488	0.813
CSF2	IFNB1	9606.ENSP00000296871	9606.ENSP00000369581	0	0	0	0	0.085	0	0	0.822	0.830
CSF2	IL6R	9606.ENSP00000296871	9606.ENSP00000357470	0	0	0	0	0	0	0.650	0.553	0.837
CSF2	IL21R	9606.ENSP00000296871	9606.ENSP00000338010	0	0	0	0	0.048	0	0.650	0.559	0.840
CSF2	IL23R	9606.ENSP00000296871	9606.ENSP00000321345	0	0	0	0	0.074	0	0.650	0.547	0.840
CSF2	IL4R	9606.ENSP00000296871	9606.ENSP00000379111	0	0	0	0	0.042	0	0.650	0.570	0.843
CSF2	IFNA2	9606.ENSP00000296871	9606.ENSP00000369554	0	0	0	0	0.048	0	0	0.868	0.868
CSF2	IL2RA	9606.ENSP00000296871	9606.ENSP00000369293	0	0	0	0	0.084	0	0.650	0.625	0.869
CSF2	IL17A	9606.ENSP00000296871	9606.ENSP00000497968	0	0	0	0	0.101	0	0	0.881	0.888
CSF2	IL13	9606.ENSP00000296871	9606.ENSP00000304915	0	0	0	0	0.204	0	0	0.921	0.934
CSF2	IL10	9606.ENSP00000296871	9606.ENSP00000412237	0	0	0	0	0.096	0	0.400	0.930	0.959
CSF2	IL6	9606.ENSP00000296871	9606.ENSP00000385675	0	0	0	0	0.284	0	0.400	0.945	0.974
CSF2	IL5RA	9606.ENSP00000296871	9606.ENSP00000412209	0	0	0	0	0.043	0	0.650	0.937	0.977
CTLA4	IL2RB	9606.ENSP00000497102	9606.ENSP00000216223	0	0	0	0	0.263	0	0	0.582	0.679
CTLA4	IL10RA	9606.ENSP00000497102	9606.ENSP00000227752	0	0	0	0	0.158	0	0	0.667	0.708
CTLA4	IFNG	9606.ENSP00000497102	9606.ENSP00000229135	0	0	0	0	0.302	0	0	0.933	0.951
CTLA4	IL4	9606.ENSP00000497102	9606.ENSP00000231449	0	0	0	0	0.144	0	0	0.860	0.875
CTLA4	LGALS3	9606.ENSP00000497102	9606.ENSP00000254301	0	0	0	0	0	0	0	0.844	0.844
CTLA4	IL12RB2	9606.ENSP00000497102	9606.ENSP00000262345	0	0	0	0	0.128	0	0	0.419	0.471
CTLA4	IL27RA	9606.ENSP00000497102	9606.ENSP00000263379	0	0	0	0	0.099	0	0	0.513	0.542
CTLA4	STAT3	9606.ENSP00000497102	9606.ENSP00000264657	0	0	0	0	0.059	0	0	0.668	0.674
CTLA4	IFNAR1	9606.ENSP00000497102	9606.ENSP00000270139	0	0	0	0	0.055	0.166	0	0.380	0.468
CTLA4	IL9	9606.ENSP00000497102	9606.ENSP00000274520	0	0	0	0	0.061	0	0	0.620	0.627
CTLA4	IFNA1	9606.ENSP00000497102	9606.ENSP00000276927	0	0	0	0	0	0	0	0.668	0.668
CTLA4	IL18	9606.ENSP00000497102	9606.ENSP00000280357	0	0	0	0	0.074	0	0	0.588	0.602
CTLA4	IL10RB	9606.ENSP00000497102	9606.ENSP00000290200	0	0	0	0	0.055	0.174	0	0.294	0.400
CTLA4	NOD2	9606.ENSP00000497102	9606.ENSP00000300589	0	0	0	0	0.099	0	0	0.367	0.405
CTLA4	IL13	9606.ENSP00000497102	9606.ENSP00000304915	0	0	0	0	0.117	0	0	0.621	0.651
CTLA4	IL23R	9606.ENSP00000497102	9606.ENSP00000321345	0	0	0	0	0.081	0	0	0.444	0.467
CTLA4	IL21R	9606.ENSP00000497102	9606.ENSP00000338010	0	0	0	0	0.238	0	0	0.618	0.697
CTLA4	STAT4	9606.ENSP00000497102	9606.ENSP00000351255	0	0	0	0	0.158	0	0	0.581	0.632
CTLA4	STAT1	9606.ENSP00000497102	9606.ENSP00000354394	0	0	0	0	0.079	0	0	0.732	0.742
CTLA4	IFNGR1	9606.ENSP00000497102	9606.ENSP00000356713	0	0	0	0	0	0	0	0.586	0.586
CTLA4	IL6R	9606.ENSP00000497102	9606.ENSP00000357470	0	0	0	0	0.059	0	0	0.475	0.484
CTLA4	IL13RA2	9606.ENSP00000497102	9606.ENSP00000361004	0	0	0	0	0	0	0	0.418	0.418
CTLA4	IL2RA	9606.ENSP00000497102	9606.ENSP00000369293	0	0	0	0	0.366	0	0	0.805	0.871
CTLA4	IFNA2	9606.ENSP00000497102	9606.ENSP00000369554	0	0	0	0	0.044	0	0	0.547	0.548
CTLA4	IFNB1	9606.ENSP00000497102	9606.ENSP00000369581	0	0	0	0	0.085	0	0	0.541	0.562
CTLA4	IL4R	9606.ENSP00000497102	9606.ENSP00000379111	0	0	0	0	0.047	0	0	0.446	0.449
CTLA4	RELA	9606.ENSP00000497102	9606.ENSP00000384273	0	0	0	0	0.055	0	0	0.465	0.472
CTLA4	IL6	9606.ENSP00000497102	9606.ENSP00000385675	0	0	0	0	0.084	0	0	0.806	0.815
CTLA4	IL10	9606.ENSP00000497102	9606.ENSP00000412237	0	0	0	0	0.119	0	0	0.915	0.922
CTLA4	IRF5	9606.ENSP00000497102	9606.ENSP00000418037	0	0	0	0	0.071	0	0	0.446	0.463
CTLA4	IL22	9606.ENSP00000497102	9606.ENSP00000442424	0	0	0	0	0.137	0	0	0.543	0.588
CTLA4	IL12RB1	9606.ENSP00000497102	9606.ENSP00000470788	0	0	0	0	0.149	0.091	0	0.401	0.496
CTLA4	IFNA13	9606.ENSP00000497102	9606.ENSP00000480467	0	0	0	0	0	0	0	0.480	0.480
CTLA4	JAK1	9606.ENSP00000497102	9606.ENSP00000499900	0	0	0	0	0.056	0	0	0.541	0.548
CTLA4	IL17A	9606.ENSP00000497102	9606.ENSP00000497968	0	0	0	0	0.079	0	0	0.875	0.880
CYTH1	CYTH3	9606.ENSP00000389095	9606.ENSP00000297044	0	0	0.050	0.981	0.049	0.606	0.500	0.058	0.801
CYTH1	INAVA	9606.ENSP00000389095	9606.ENSP00000392105	0	0	0	0	0	0.726	0	0.395	0.827
CYTH1	CYTH2	9606.ENSP00000389095	9606.ENSP00000493357	0	0	0.049	0.982	0.049	0.607	0.500	0.505	0.896
CYTH2	CYTH3	9606.ENSP00000493357	9606.ENSP00000297044	0	0	0.050	0.980	0	0	0.500	0.059	0.514
CYTH2	INAVA	9606.ENSP00000493357	9606.ENSP00000392105	0	0	0	0	0	0.776	0	0.347	0.847
CYTH3	INAVA	9606.ENSP00000297044	9606.ENSP00000392105	0	0	0	0	0	0.644	0	0.318	0.747
E2F6	STAT1	9606.ENSP00000370936	9606.ENSP00000354394	0	0	0	0	0	0	0	0.402	0.402
E2F6	RNF2	9606.ENSP00000370936	9606.ENSP00000356480	0	0	0	0	0.055	0.836	0.900	0.746	0.995
ERBIN	STAT3	9606.ENSP00000426632	9606.ENSP00000264657	0	0	0	0	0.059	0.158	0	0.504	0.573
ERBIN	NOD2	9606.ENSP00000426632	9606.ENSP00000300589	0	0	0	0	0	0.404	0.900	0.892	0.993
ERBIN	TYK2	9606.ENSP00000426632	9606.ENSP00000431885	0	0	0	0	0.067	0.100	0	0.425	0.475
FAM167A	STAT4	9606.ENSP00000284486	9606.ENSP00000351255	0	0	0	0	0	0	0	0.571	0.571
FAM167A	IRF5	9606.ENSP00000284486	9606.ENSP00000418037	0	0	0	0	0	0	0	0.583	0.583
FGFR3	STAT3	9606.ENSP00000339824	9606.ENSP00000264657	0	0	0	0	0	0.328	0	0.449	0.614
FGFR3	STAT1	9606.ENSP00000339824	9606.ENSP00000354394	0	0	0	0	0	0.090	0	0.515	0.539
FGFR3	JAK1	9606.ENSP00000339824	9606.ENSP00000499900	0	0	0	0.604	0	0.074	0.900	0.162	0.915
GFOD1	RALGAPB	9606.ENSP00000368589	9606.ENSP00000262879	0	0	0	0	0	0.581	0	0	0.581
GSN	TYK2	9606.ENSP00000362924	9606.ENSP00000431885	0	0	0	0	0	0	0	0.427	0.427
GSN	JAK1	9606.ENSP00000362924	9606.ENSP00000499900	0	0	0	0	0.060	0	0	0.429	0.440
GSN	VIM	9606.ENSP00000362924	9606.ENSP00000446007	0	0	0	0	0.107	0	0	0.485	0.520
IFNA1	IL2RB	9606.ENSP00000276927	9606.ENSP00000216223	0	0	0	0	0	0	0.650	0.322	0.752
IFNA1	IL10RA	9606.ENSP00000276927	9606.ENSP00000227752	0	0	0	0	0	0	0.650	0.419	0.787
IFNA1	IL26	9606.ENSP00000276927	9606.ENSP00000229134	0	0	0	0	0.058	0	0	0.397	0.407
IFNA1	IFNG	9606.ENSP00000276927	9606.ENSP00000229135	0	0	0	0	0.115	0	0	0.950	0.954
IFNA1	IL4	9606.ENSP00000276927	9606.ENSP00000231449	0	0	0	0	0.058	0	0	0.791	0.794
IFNA1	IL9R	9606.ENSP00000276927	9606.ENSP00000244174	0	0	0	0	0.044	0	0.650	0.125	0.681
IFNA1	IL12RB2	9606.ENSP00000276927	9606.ENSP00000262345	0	0	0	0	0.042	0	0.650	0.400	0.781
IFNA1	IL27RA	9606.ENSP00000276927	9606.ENSP00000263379	0	0	0	0	0	0	0.650	0.305	0.746
IFNA1	STAT3	9606.ENSP00000276927	9606.ENSP00000264657	0	0	0	0	0	0	0	0.696	0.696
IFNA1	IFNAR1	9606.ENSP00000276927	9606.ENSP00000270139	0	0	0	0	0.058	0.091	0.900	0.999	0.999
IFNA1	IL22RA1	9606.ENSP00000276927	9606.ENSP00000270800	0	0	0	0	0	0	0.650	0.424	0.789
IFNA1	IL9	9606.ENSP00000276927	9606.ENSP00000274520	0	0	0	0	0.104	0	0	0.729	0.747
IFNA1	IL24	9606.ENSP00000276927	9606.ENSP00000375795	0	0	0	0	0.107	0	0	0.388	0.430
IFNA1	NOD2	9606.ENSP00000276927	9606.ENSP00000300589	0	0	0	0	0.047	0	0	0.506	0.509
IFNA1	NLRP3	9606.ENSP00000276927	9606.ENSP00000337383	0	0	0	0	0.051	0	0	0.546	0.552
IFNA1	IL19	9606.ENSP00000276927	9606.ENSP00000499459	0	0	0	0	0.044	0	0	0.588	0.589
IFNA1	IFNA2	9606.ENSP00000276927	9606.ENSP00000369554	0	0	0.052	0.977	0.444	0	0.400	0.062	0.663
IFNA1	IRF5	9606.ENSP00000276927	9606.ENSP00000418037	0	0	0	0	0.042	0	0	0.670	0.670
IFNA1	PRLR	9606.ENSP00000276927	9606.ENSP00000482954	0	0	0	0	0	0	0.650	0.108	0.674
IFNA1	IL11RA	9606.ENSP00000276927	9606.ENSP00000450565	0	0	0	0	0	0	0.650	0.108	0.674
IFNA1	IL20RB	9606.ENSP00000276927	9606.ENSP00000328133	0	0	0	0	0	0	0.650	0.160	0.693
IFNA1	IL20RA	9606.ENSP00000276927	9606.ENSP00000314976	0	0	0	0	0	0	0.650	0.174	0.698
IFNA1	IL22RA2	9606.ENSP00000276927	9606.ENSP00000296980	0	0	0	0	0	0	0.650	0.180	0.700
IFNA1	IL13	9606.ENSP00000276927	9606.ENSP00000304915	0	0	0	0	0	0	0	0.713	0.713
IFNA1	IL13RA2	9606.ENSP00000276927	9606.ENSP00000361004	0	0	0	0	0	0	0.650	0.222	0.716
IFNA1	IL13RA1	9606.ENSP00000276927	9606.ENSP00000360730	0	0	0	0	0.074	0	0.650	0.201	0.718
IFNA1	IL6ST	9606.ENSP00000276927	9606.ENSP00000370698	0	0	0	0	0	0	0.650	0.270	0.733
IFNA1	IL21R	9606.ENSP00000276927	9606.ENSP00000338010	0	0	0	0	0	0	0.650	0.337	0.758
IFNA1	IL22	9606.ENSP00000276927	9606.ENSP00000442424	0	0	0	0	0.123	0	0	0.742	0.764
IFNA1	STAT4	9606.ENSP00000276927	9606.ENSP00000351255	0	0	0	0	0	0	0	0.776	0.776
IFNA1	IL4R	9606.ENSP00000276927	9606.ENSP00000379111	0	0	0	0	0.059	0	0.650	0.385	0.779
IFNA1	IL5RA	9606.ENSP00000276927	9606.ENSP00000412209	0	0	0	0	0.089	0	0.650	0.368	0.781
IFNA1	IFNL2	9606.ENSP00000276927	9606.ENSP00000333639	0	0	0	0	0.110	0	0	0.765	0.781
IFNA1	RELA	9606.ENSP00000276927	9606.ENSP00000384273	0	0	0	0	0	0	0.650	0.419	0.787
IFNA1	IL17A	9606.ENSP00000276927	9606.ENSP00000497968	0	0	0	0	0.135	0	0	0.768	0.790
IFNA1	IL6R	9606.ENSP00000276927	9606.ENSP00000357470	0	0	0	0	0.065	0	0.650	0.448	0.803
IFNA1	IL23R	9606.ENSP00000276927	9606.ENSP00000321345	0	0	0	0	0.056	0	0.650	0.547	0.837
IFNA1	IL2RA	9606.ENSP00000276927	9606.ENSP00000369293	0	0	0	0	0.044	0	0.650	0.571	0.843
IFNA1	IL18	9606.ENSP00000276927	9606.ENSP00000280357	0	0	0	0	0	0	0	0.849	0.849
IFNA1	IL10	9606.ENSP00000276927	9606.ENSP00000412237	0	0	0	0	0.101	0	0	0.843	0.852
IFNA1	IL12RB1	9606.ENSP00000276927	9606.ENSP00000470788	0	0	0	0	0	0	0.650	0.622	0.862
IFNA1	IFNK	9606.ENSP00000276927	9606.ENSP00000276943	0	0	0.133	0.725	0.054	0	0	0.851	0.867
IFNA1	IFNL1	9606.ENSP00000276927	9606.ENSP00000329991	0	0	0	0	0.188	0	0	0.851	0.873
IFNA1	IFNL3	9606.ENSP00000276927	9606.ENSP00000481633	0	0	0	0	0.095	0	0	0.875	0.882
IFNA1	IFNE	9606.ENSP00000276927	9606.ENSP00000418018	0	0	0	0.831	0.099	0	0	0.887	0.893
IFNA1	IFNA13	9606.ENSP00000276927	9606.ENSP00000480467	0	0	0.047	0.986	0.428	0.831	0	0	0.900
IFNA1	IL10RB	9606.ENSP00000276927	9606.ENSP00000290200	0	0	0	0	0.058	0.091	0.650	0.727	0.907
IFNA1	IL6	9606.ENSP00000276927	9606.ENSP00000385675	0	0	0	0	0.092	0	0	0.923	0.927
IFNA1	IFNLR1	9606.ENSP00000276927	9606.ENSP00000327824	0	0	0	0	0	0	0.650	0.821	0.934
IFNA1	STAT1	9606.ENSP00000276927	9606.ENSP00000354394	0	0	0	0	0.042	0	0.500	0.924	0.960
IFNA1	IFNGR1	9606.ENSP00000276927	9606.ENSP00000356713	0	0	0	0	0.074	0	0.650	0.897	0.963
IFNA1	JAK1	9606.ENSP00000276927	9606.ENSP00000499900	0	0	0	0	0	0	0.650	0.980	0.992
IFNA1	TYK2	9606.ENSP00000276927	9606.ENSP00000431885	0	0	0	0	0	0	0.500	0.985	0.992
IFNA1	IFNB1	9606.ENSP00000276927	9606.ENSP00000369581	0	0	0.130	0.787	0.197	0	0.400	0.986	0.993
IFNA1	IFNAR2	9606.ENSP00000276927	9606.ENSP00000343957	0	0	0	0	0	0.287	0.650	0.997	0.999
IFNA13	IL2RB	9606.ENSP00000480467	9606.ENSP00000216223	0	0	0	0	0	0	0.650	0.126	0.681
IFNA13	IL10RA	9606.ENSP00000480467	9606.ENSP00000227752	0	0	0	0	0	0	0.650	0.145	0.687
IFNA13	IFNG	9606.ENSP00000480467	9606.ENSP00000229135	0	0	0	0	0.108	0	0	0.800	0.814
IFNA13	IL4	9606.ENSP00000480467	9606.ENSP00000231449	0	0	0	0	0.047	0	0	0.478	0.481
IFNA13	IL9R	9606.ENSP00000480467	9606.ENSP00000244174	0	0	0	0	0.049	0	0.650	0.060	0.659
IFNA13	IL12RB2	9606.ENSP00000480467	9606.ENSP00000262345	0	0	0	0	0	0	0.650	0.137	0.685
IFNA13	IL27RA	9606.ENSP00000480467	9606.ENSP00000263379	0	0	0	0	0	0	0.650	0.069	0.660
IFNA13	IFNAR1	9606.ENSP00000480467	9606.ENSP00000270139	0	0	0	0	0.058	0.091	0.900	0.816	0.982
IFNA13	IL22RA1	9606.ENSP00000480467	9606.ENSP00000270800	0	0	0	0	0	0	0.650	0	0.650
IFNA13	IL10RB	9606.ENSP00000480467	9606.ENSP00000290200	0	0	0	0	0.058	0.091	0.650	0.152	0.712
IFNA13	IL22RA2	9606.ENSP00000480467	9606.ENSP00000296980	0	0	0	0	0	0	0.650	0.068	0.659
IFNA13	IL20RA	9606.ENSP00000480467	9606.ENSP00000314976	0	0	0	0	0	0	0.650	0	0.650
IFNA13	IL23R	9606.ENSP00000480467	9606.ENSP00000321345	0	0	0	0	0.047	0	0.650	0.125	0.682
IFNA13	IFNLR1	9606.ENSP00000480467	9606.ENSP00000327824	0	0	0	0	0	0	0.650	0.182	0.701
IFNA13	IL20RB	9606.ENSP00000480467	9606.ENSP00000328133	0	0	0	0	0	0	0.650	0.089	0.667
IFNA13	IFNL1	9606.ENSP00000480467	9606.ENSP00000329991	0	0	0	0	0.239	0	0	0.327	0.466
IFNA13	IFNL2	9606.ENSP00000480467	9606.ENSP00000333639	0	0	0	0	0.235	0	0	0.301	0.442
IFNA13	IL21R	9606.ENSP00000480467	9606.ENSP00000338010	0	0	0	0	0	0	0.650	0.091	0.668
IFNA13	IFNAR2	9606.ENSP00000480467	9606.ENSP00000343957	0	0	0	0	0	0	0.650	0.558	0.838
IFNA13	STAT1	9606.ENSP00000480467	9606.ENSP00000354394	0	0	0	0	0	0	0	0.478	0.478
IFNA13	IFNGR1	9606.ENSP00000480467	9606.ENSP00000356713	0	0	0	0	0.074	0	0.650	0.534	0.835
IFNA13	IL6R	9606.ENSP00000480467	9606.ENSP00000357470	0	0	0	0	0.065	0	0.650	0.194	0.713
IFNA13	IL13RA1	9606.ENSP00000480467	9606.ENSP00000360730	0	0	0	0	0.074	0	0.650	0	0.662
IFNA13	IL13RA2	9606.ENSP00000480467	9606.ENSP00000361004	0	0	0	0	0	0	0.650	0.091	0.668
IFNA13	IL2RA	9606.ENSP00000480467	9606.ENSP00000369293	0	0	0	0	0	0	0.650	0.229	0.718
IFNA13	IFNB1	9606.ENSP00000480467	9606.ENSP00000369581	0	0	0.127	0.788	0.159	0	0	0.491	0.594
IFNA13	IL6ST	9606.ENSP00000480467	9606.ENSP00000370698	0	0	0	0	0	0	0.650	0.125	0.680
IFNA13	IL24	9606.ENSP00000480467	9606.ENSP00000375795	0	0	0	0	0.107	0	0	0.378	0.421
IFNA13	IL4R	9606.ENSP00000480467	9606.ENSP00000379111	0	0	0	0	0.059	0	0.650	0.153	0.696
IFNA13	RELA	9606.ENSP00000480467	9606.ENSP00000384273	0	0	0	0	0	0	0.650	0.166	0.695
IFNA13	IL6	9606.ENSP00000480467	9606.ENSP00000385675	0	0	0	0	0.087	0	0	0.664	0.680
IFNA13	IL5RA	9606.ENSP00000480467	9606.ENSP00000412209	0	0	0	0	0.092	0	0.650	0.118	0.695
IFNA13	IL10	9606.ENSP00000480467	9606.ENSP00000412237	0	0	0	0	0.087	0	0	0.545	0.567
IFNA13	IL22	9606.ENSP00000480467	9606.ENSP00000442424	0	0	0	0	0.114	0	0	0.464	0.505
IFNA13	IL11RA	9606.ENSP00000480467	9606.ENSP00000450565	0	0	0	0	0	0	0.650	0.068	0.659
IFNA13	IL12RB1	9606.ENSP00000480467	9606.ENSP00000470788	0	0	0	0	0	0	0.650	0.108	0.674
IFNA13	IL19	9606.ENSP00000480467	9606.ENSP00000499459	0	0	0	0	0.042	0	0	0.402	0.402
IFNA13	IL17A	9606.ENSP00000480467	9606.ENSP00000497968	0	0	0	0	0.114	0	0	0.397	0.443
IFNA13	PRLR	9606.ENSP00000480467	9606.ENSP00000482954	0	0	0	0	0	0	0.650	0.057	0.655
IFNA13	IFNL3	9606.ENSP00000480467	9606.ENSP00000481633	0	0	0	0	0.094	0	0	0.665	0.683
IFNA13	JAK1	9606.ENSP00000480467	9606.ENSP00000499900	0	0	0	0	0	0	0.650	0.398	0.780
IFNA2	IL2RB	9606.ENSP00000369554	9606.ENSP00000216223	0	0	0	0	0	0	0.650	0.184	0.702
IFNA2	IL10RA	9606.ENSP00000369554	9606.ENSP00000227752	0	0	0	0	0	0	0.650	0.241	0.722
IFNA2	IFNG	9606.ENSP00000369554	9606.ENSP00000229135	0	0	0	0	0.120	0	0	0.965	0.968
IFNA2	IL4	9606.ENSP00000369554	9606.ENSP00000231449	0	0	0	0	0.049	0	0	0.625	0.628
IFNA2	IL9R	9606.ENSP00000369554	9606.ENSP00000244174	0	0	0	0	0.047	0	0.650	0.127	0.683
IFNA2	IL12RB2	9606.ENSP00000369554	9606.ENSP00000262345	0	0	0	0	0.047	0	0.650	0.417	0.788
IFNA2	IL27RA	9606.ENSP00000369554	9606.ENSP00000263379	0	0	0	0	0	0	0.650	0.101	0.671
IFNA2	STAT3	9606.ENSP00000369554	9606.ENSP00000264657	0	0	0	0	0	0	0	0.474	0.474
IFNA2	IFNAR1	9606.ENSP00000369554	9606.ENSP00000270139	0	0	0	0	0.058	0.962	0.900	0.997	0.999
IFNA2	IL22RA1	9606.ENSP00000369554	9606.ENSP00000270800	0	0	0	0	0	0	0.650	0.118	0.678
IFNA2	IL9	9606.ENSP00000369554	9606.ENSP00000274520	0	0	0	0	0.099	0	0	0.738	0.753
IFNA2	IL18	9606.ENSP00000369554	9606.ENSP00000280357	0	0	0	0	0	0	0	0.726	0.726
IFNA2	IL10RB	9606.ENSP00000369554	9606.ENSP00000290200	0	0	0	0	0.058	0.091	0.650	0.651	0.881
IFNA2	IL22RA2	9606.ENSP00000369554	9606.ENSP00000296980	0	0	0	0	0.044	0	0.650	0.077	0.664
IFNA2	IL13	9606.ENSP00000369554	9606.ENSP00000304915	0	0	0	0	0.042	0	0	0.607	0.607
IFNA2	IL20RA	9606.ENSP00000369554	9606.ENSP00000314976	0	0	0	0	0	0	0.650	0.064	0.658
IFNA2	IL23R	9606.ENSP00000369554	9606.ENSP00000321345	0	0	0	0	0.048	0	0.650	0.157	0.694
IFNA2	IFNLR1	9606.ENSP00000369554	9606.ENSP00000327824	0	0	0	0	0.042	0	0.650	0.718	0.897
IFNA2	IL20RB	9606.ENSP00000369554	9606.ENSP00000328133	0	0	0	0	0	0	0.650	0.068	0.659
IFNA2	IFNL1	9606.ENSP00000369554	9606.ENSP00000329991	0	0	0	0	0.115	0	0	0.903	0.910
IFNA2	IFNL2	9606.ENSP00000369554	9606.ENSP00000333639	0	0	0	0	0.085	0	0	0.819	0.827
IFNA2	IL21R	9606.ENSP00000369554	9606.ENSP00000338010	0	0	0	0	0	0	0.650	0.159	0.693
IFNA2	IFNAR2	9606.ENSP00000369554	9606.ENSP00000343957	0	0	0	0	0	0.978	0.650	0.991	0.999
IFNA2	STAT4	9606.ENSP00000369554	9606.ENSP00000351255	0	0	0	0	0	0	0	0.497	0.497
IFNA2	STAT1	9606.ENSP00000369554	9606.ENSP00000354394	0	0	0	0	0.049	0	0.500	0.831	0.912
IFNA2	IFNGR1	9606.ENSP00000369554	9606.ENSP00000356713	0	0	0	0	0.074	0	0.650	0.692	0.891
IFNA2	IL6R	9606.ENSP00000369554	9606.ENSP00000357470	0	0	0	0	0.065	0	0.650	0.305	0.752
IFNA2	IL13RA1	9606.ENSP00000369554	9606.ENSP00000360730	0	0	0	0	0.074	0	0.650	0.130	0.693
IFNA2	IL13RA2	9606.ENSP00000369554	9606.ENSP00000361004	0	0	0	0	0	0	0.650	0.116	0.677
IFNA2	IL2RA	9606.ENSP00000369554	9606.ENSP00000369293	0	0	0	0	0	0	0.650	0.433	0.793
IFNA2	IRF5	9606.ENSP00000369554	9606.ENSP00000418037	0	0	0	0	0.042	0	0	0.427	0.428
IFNA2	IFNW1	9606.ENSP00000369554	9606.ENSP00000369578	0	0	0.063	0.953	0.421	0	0	0.074	0.454
IFNA2	PRLR	9606.ENSP00000369554	9606.ENSP00000482954	0	0	0	0	0.047	0	0.650	0.075	0.664
IFNA2	IL17A	9606.ENSP00000369554	9606.ENSP00000497968	0	0	0	0	0.120	0	0	0.642	0.671
IFNA2	IL11RA	9606.ENSP00000369554	9606.ENSP00000450565	0	0	0	0	0	0	0.650	0.108	0.674
IFNA2	IL22	9606.ENSP00000369554	9606.ENSP00000442424	0	0	0	0	0.119	0	0	0.661	0.688
IFNA2	IL6ST	9606.ENSP00000369554	9606.ENSP00000370698	0	0	0	0	0	0	0.650	0.218	0.714
IFNA2	IL5RA	9606.ENSP00000369554	9606.ENSP00000412209	0	0	0	0	0.089	0	0.650	0.180	0.715
IFNA2	IL4R	9606.ENSP00000369554	9606.ENSP00000379111	0	0	0	0	0.059	0	0.650	0.207	0.716
IFNA2	RELA	9606.ENSP00000369554	9606.ENSP00000384273	0	0	0	0	0	0	0.650	0.246	0.724
IFNA2	IL12RB1	9606.ENSP00000369554	9606.ENSP00000470788	0	0	0	0	0	0	0.650	0.430	0.791
IFNA2	IFNB1	9606.ENSP00000369554	9606.ENSP00000369581	0	0	0.126	0.807	0.238	0	0.400	0.554	0.798
IFNA2	IFNL3	9606.ENSP00000369554	9606.ENSP00000481633	0	0	0	0	0.099	0	0	0.868	0.876
IFNA2	IL10	9606.ENSP00000369554	9606.ENSP00000412237	0	0	0	0	0.094	0	0	0.884	0.890
IFNA2	TYK2	9606.ENSP00000369554	9606.ENSP00000431885	0	0	0	0	0	0	0.500	0.793	0.892
IFNA2	IL6	9606.ENSP00000369554	9606.ENSP00000385675	0	0	0	0	0.074	0	0	0.900	0.903
IFNA2	JAK1	9606.ENSP00000369554	9606.ENSP00000499900	0	0	0	0	0	0	0.650	0.827	0.937
IFNAR1	IL10RA	9606.ENSP00000270139	9606.ENSP00000227752	0	0	0.209	0	0.085	0	0	0.415	0.540
IFNAR1	IL23A	9606.ENSP00000270139	9606.ENSP00000228534	0	0	0	0	0	0	0.650	0.201	0.708
IFNAR1	IFNG	9606.ENSP00000270139	9606.ENSP00000229135	0	0	0	0	0	0	0.900	0.898	0.989
IFNAR1	IL12B	9606.ENSP00000270139	9606.ENSP00000231228	0	0	0	0	0.087	0	0.650	0.163	0.709
IFNAR1	IL4	9606.ENSP00000270139	9606.ENSP00000231449	0	0	0	0	0	0	0.650	0.604	0.855
IFNAR1	STAT3	9606.ENSP00000270139	9606.ENSP00000264657	0	0	0	0	0.110	0.294	0	0.862	0.906
IFNAR1	NLRP3	9606.ENSP00000270139	9606.ENSP00000337383	0	0	0	0	0	0	0	0.424	0.424
IFNAR1	NOD2	9606.ENSP00000270139	9606.ENSP00000300589	0	0	0	0	0.104	0	0	0.441	0.478
IFNAR1	IL10RB	9606.ENSP00000270139	9606.ENSP00000290200	0	0	0	0.652	0.178	0	0	0.395	0.482
IFNAR1	IL17A	9606.ENSP00000270139	9606.ENSP00000497968	0	0	0	0	0.055	0	0	0.477	0.484
IFNAR1	IL22RA1	9606.ENSP00000270139	9606.ENSP00000270800	0	0	0	0.557	0	0.317	0	0.322	0.517
IFNAR1	IL6R	9606.ENSP00000270139	9606.ENSP00000357470	0	0	0	0	0.130	0	0	0.532	0.575
IFNAR1	IL12RB1	9606.ENSP00000270139	9606.ENSP00000470788	0	0	0	0	0.087	0	0	0.595	0.614
IFNAR1	IL20	9606.ENSP00000270139	9606.ENSP00000356065	0	0	0	0	0	0	0.650	0.102	0.672
IFNAR1	IL12A	9606.ENSP00000270139	9606.ENSP00000303231	0	0	0	0	0	0	0.650	0.138	0.685
IFNAR1	IRF5	9606.ENSP00000270139	9606.ENSP00000418037	0	0	0	0	0.067	0	0	0.683	0.692
IFNAR1	IL24	9606.ENSP00000270139	9606.ENSP00000375795	0	0	0	0	0	0	0.650	0.159	0.693
IFNAR1	IL4R	9606.ENSP00000270139	9606.ENSP00000379111	0	0	0.296	0	0.060	0.046	0	0.577	0.697
IFNAR1	IL19	9606.ENSP00000270139	9606.ENSP00000499459	0	0	0	0	0	0	0.650	0.177	0.699
IFNAR1	IL18	9606.ENSP00000270139	9606.ENSP00000280357	0	0	0.264	0	0	0	0	0.627	0.713
IFNAR1	IL9	9606.ENSP00000270139	9606.ENSP00000274520	0	0	0	0	0	0	0.650	0.232	0.719
IFNAR1	IL13	9606.ENSP00000270139	9606.ENSP00000304915	0	0	0	0	0	0	0.650	0.367	0.768
IFNAR1	STAT4	9606.ENSP00000270139	9606.ENSP00000351255	0	0	0	0	0.082	0.045	0	0.855	0.862
IFNAR1	IL22	9606.ENSP00000270139	9606.ENSP00000442424	0	0	0	0	0	0.139	0.650	0.595	0.867
IFNAR1	IL6	9606.ENSP00000270139	9606.ENSP00000385675	0	0	0	0	0.067	0	0.650	0.640	0.872
IFNAR1	IL10	9606.ENSP00000270139	9606.ENSP00000412237	0	0	0	0	0	0	0.650	0.749	0.908
IFNAR1	IFNL3	9606.ENSP00000270139	9606.ENSP00000481633	0	0	0	0	0	0	0.650	0.836	0.940
IFNAR1	IFNL1	9606.ENSP00000270139	9606.ENSP00000329991	0	0	0	0	0	0	0.650	0.867	0.951
IFNAR1	IFNL2	9606.ENSP00000270139	9606.ENSP00000333639	0	0	0	0	0	0	0.650	0.873	0.953
IFNAR1	IFNLR1	9606.ENSP00000270139	9606.ENSP00000327824	0	0	0	0	0.067	0	0	0.965	0.966
IFNAR1	IFNGR1	9606.ENSP00000270139	9606.ENSP00000356713	0	0	0	0	0.161	0.429	0.900	0.863	0.992
IFNAR1	IFNE	9606.ENSP00000270139	9606.ENSP00000418018	0	0	0	0	0.058	0.091	0.900	0.977	0.997
IFNAR1	IFNK	9606.ENSP00000270139	9606.ENSP00000276943	0	0	0	0	0.058	0.091	0.900	0.970	0.997
IFNAR1	IFNW1	9606.ENSP00000270139	9606.ENSP00000369578	0	0	0	0	0.058	0.948	0.900	0.587	0.997
IFNAR1	STAT1	9606.ENSP00000270139	9606.ENSP00000354394	0	0	0	0	0.196	0.301	0.900	0.982	0.998
IFNAR1	TYK2	9606.ENSP00000270139	9606.ENSP00000431885	0	0	0	0	0.091	0.983	0.900	0.997	0.999
IFNAR1	IFNB1	9606.ENSP00000270139	9606.ENSP00000369581	0	0	0	0	0.099	0.802	0.900	0.999	0.999
IFNAR1	IFNAR2	9606.ENSP00000270139	9606.ENSP00000343957	0	0	0	0	0.226	0.919	0.900	0.999	0.999
IFNAR1	JAK1	9606.ENSP00000270139	9606.ENSP00000499900	0	0	0	0	0.111	0.365	0.900	0.998	0.999
IFNAR2	IL10RA	9606.ENSP00000343957	9606.ENSP00000227752	0	0	0	0	0.111	0	0	0.664	0.688
IFNAR2	IL23A	9606.ENSP00000343957	9606.ENSP00000228534	0	0	0	0	0	0	0.650	0.094	0.669
IFNAR2	IFNG	9606.ENSP00000343957	9606.ENSP00000229135	0	0	0	0	0.081	0	0.900	0.862	0.986
IFNAR2	IL12B	9606.ENSP00000343957	9606.ENSP00000231228	0	0	0	0	0.083	0	0.650	0	0.665
IFNAR2	IL4	9606.ENSP00000343957	9606.ENSP00000231449	0	0	0	0	0	0	0.650	0.633	0.866
IFNAR2	STAT3	9606.ENSP00000343957	9606.ENSP00000264657	0	0	0	0	0.118	0.046	0	0.420	0.469
IFNAR2	IL22RA1	9606.ENSP00000343957	9606.ENSP00000270800	0	0	0	0	0	0	0	0.517	0.517
IFNAR2	IL9	9606.ENSP00000343957	9606.ENSP00000274520	0	0	0	0	0.050	0	0.650	0.196	0.709
IFNAR2	IFNK	9606.ENSP00000343957	9606.ENSP00000276943	0	0	0	0	0	0	0.900	0.920	0.991
IFNAR2	IL10RB	9606.ENSP00000343957	9606.ENSP00000290200	0	0.323	0	0	0.290	0	0	0.898	0.947
IFNAR2	IL12A	9606.ENSP00000343957	9606.ENSP00000303231	0	0	0	0	0	0	0.650	0	0.650
IFNAR2	IL13	9606.ENSP00000343957	9606.ENSP00000304915	0	0	0	0	0	0	0.650	0.291	0.741
IFNAR2	IFNLR1	9606.ENSP00000343957	9606.ENSP00000327824	0	0	0	0	0	0	0	0.828	0.828
IFNAR2	IFNL1	9606.ENSP00000343957	9606.ENSP00000329991	0	0	0	0	0	0	0.650	0.750	0.908
IFNAR2	IFNL2	9606.ENSP00000343957	9606.ENSP00000333639	0	0	0	0	0	0	0.650	0.718	0.897
IFNAR2	STAT4	9606.ENSP00000343957	9606.ENSP00000351255	0	0	0	0	0.070	0.046	0	0.429	0.449
IFNAR2	IRF5	9606.ENSP00000343957	9606.ENSP00000418037	0	0	0	0	0.106	0.099	0	0.427	0.499
IFNAR2	IL20	9606.ENSP00000343957	9606.ENSP00000356065	0	0	0	0	0	0	0.650	0	0.650
IFNAR2	IL24	9606.ENSP00000343957	9606.ENSP00000375795	0	0	0	0	0	0	0.650	0.178	0.700
IFNAR2	IL19	9606.ENSP00000343957	9606.ENSP00000499459	0	0	0	0	0	0	0.650	0.194	0.705
IFNAR2	IL22	9606.ENSP00000343957	9606.ENSP00000442424	0	0	0	0	0	0	0.650	0.513	0.822
IFNAR2	IL6	9606.ENSP00000343957	9606.ENSP00000385675	0	0	0	0	0.086	0	0.650	0.506	0.828
IFNAR2	IFNL3	9606.ENSP00000343957	9606.ENSP00000481633	0	0	0	0	0	0	0.650	0.582	0.847
IFNAR2	IL10	9606.ENSP00000343957	9606.ENSP00000412237	0	0	0	0	0.066	0	0.650	0.678	0.885
IFNAR2	IFNGR1	9606.ENSP00000343957	9606.ENSP00000356713	0	0	0	0	0.120	0	0.900	0.918	0.992
IFNAR2	IFNE	9606.ENSP00000343957	9606.ENSP00000418018	0	0	0	0	0	0	0.900	0.955	0.995
IFNAR2	IFNW1	9606.ENSP00000343957	9606.ENSP00000369578	0	0	0	0	0	0.946	0.900	0.630	0.997
IFNAR2	STAT1	9606.ENSP00000343957	9606.ENSP00000354394	0	0	0	0	0.121	0.738	0.900	0.957	0.998
IFNAR2	TYK2	9606.ENSP00000343957	9606.ENSP00000431885	0	0	0	0	0.076	0.068	0.900	0.995	0.999
IFNAR2	IFNB1	9606.ENSP00000343957	9606.ENSP00000369581	0	0	0	0	0.098	0.287	0.900	0.998	0.999
IFNAR2	JAK1	9606.ENSP00000343957	9606.ENSP00000499900	0	0	0	0	0.094	0.635	0.900	0.997	0.999
IFNB1	IL2RB	9606.ENSP00000369581	9606.ENSP00000216223	0	0	0	0	0.042	0	0.650	0.259	0.729
IFNB1	RIPK2	9606.ENSP00000369581	9606.ENSP00000220751	0	0	0	0	0.114	0	0	0.437	0.480
IFNB1	IL10RA	9606.ENSP00000369581	9606.ENSP00000227752	0	0	0	0	0	0	0.650	0.380	0.773
IFNB1	IL23A	9606.ENSP00000369581	9606.ENSP00000228534	0	0	0	0	0.072	0	0	0.396	0.415
IFNB1	IL26	9606.ENSP00000369581	9606.ENSP00000229134	0	0	0	0	0	0	0	0.418	0.418
IFNB1	IFNG	9606.ENSP00000369581	9606.ENSP00000229135	0	0	0	0	0.149	0	0	0.943	0.950
IFNB1	IL4	9606.ENSP00000369581	9606.ENSP00000231449	0	0	0	0	0.054	0	0	0.717	0.720
IFNB1	IL9R	9606.ENSP00000369581	9606.ENSP00000244174	0	0	0	0	0	0	0.650	0.110	0.675
IFNB1	IL12RB2	9606.ENSP00000369581	9606.ENSP00000262345	0	0	0	0	0.042	0	0.650	0.329	0.755
IFNB1	IL27RA	9606.ENSP00000369581	9606.ENSP00000263379	0	0	0	0	0	0	0.650	0.305	0.746
IFNB1	STAT3	9606.ENSP00000369581	9606.ENSP00000264657	0	0	0	0	0.099	0	0	0.725	0.741
IFNB1	IL22RA1	9606.ENSP00000369581	9606.ENSP00000270800	0	0	0	0	0.042	0	0.650	0.282	0.738
IFNB1	IL9	9606.ENSP00000369581	9606.ENSP00000274520	0	0	0	0	0.089	0	0	0.476	0.502
IFNB1	IFNK	9606.ENSP00000369581	9606.ENSP00000276943	0	0	0.113	0.777	0.060	0	0	0.625	0.660
IFNB1	IL18	9606.ENSP00000369581	9606.ENSP00000280357	0	0	0	0	0	0	0	0.717	0.717
IFNB1	IL10RB	9606.ENSP00000369581	9606.ENSP00000290200	0	0	0	0	0.067	0.258	0.650	0.507	0.864
IFNB1	IL22RA2	9606.ENSP00000369581	9606.ENSP00000296980	0	0	0	0	0.044	0	0.650	0.199	0.708
IFNB1	NOD2	9606.ENSP00000369581	9606.ENSP00000300589	0	0	0	0	0.089	0	0	0.610	0.630
IFNB1	IL13	9606.ENSP00000369581	9606.ENSP00000304915	0	0	0	0	0.047	0	0	0.620	0.622
IFNB1	IL20RA	9606.ENSP00000369581	9606.ENSP00000314976	0	0	0	0	0	0	0.650	0.192	0.705
IFNB1	IL23R	9606.ENSP00000369581	9606.ENSP00000321345	0	0	0	0	0.042	0	0.650	0.299	0.744
IFNB1	IFNLR1	9606.ENSP00000369581	9606.ENSP00000327824	0	0	0	0	0	0	0.650	0.782	0.920
IFNB1	IL20RB	9606.ENSP00000369581	9606.ENSP00000328133	0	0	0	0	0	0	0.650	0.192	0.705
IFNB1	IFNL1	9606.ENSP00000369581	9606.ENSP00000329991	0	0	0	0	0.638	0	0	0.900	0.962
IFNB1	IFNL2	9606.ENSP00000369581	9606.ENSP00000333639	0	0	0	0	0.255	0	0	0.772	0.822
IFNB1	NLRP3	9606.ENSP00000369581	9606.ENSP00000337383	0	0	0	0	0.053	0	0	0.611	0.616
IFNB1	IL21R	9606.ENSP00000369581	9606.ENSP00000338010	0	0	0	0	0	0	0.650	0.222	0.716
IFNB1	STAT4	9606.ENSP00000369581	9606.ENSP00000351255	0	0	0	0	0.064	0	0	0.462	0.476
IFNB1	STAT1	9606.ENSP00000369581	9606.ENSP00000354394	0	0	0	0	0.106	0	0.500	0.906	0.954
IFNB1	IFNGR1	9606.ENSP00000369581	9606.ENSP00000356713	0	0	0.206	0	0.098	0	0.650	0.789	0.940
IFNB1	IL6R	9606.ENSP00000369581	9606.ENSP00000357470	0	0	0	0	0.105	0	0.650	0.399	0.795
IFNB1	IL13RA1	9606.ENSP00000369581	9606.ENSP00000360730	0	0	0	0	0.099	0	0.650	0.219	0.732
IFNB1	IL13RA2	9606.ENSP00000369581	9606.ENSP00000361004	0	0	0	0	0	0	0.650	0.196	0.706
IFNB1	IL2RA	9606.ENSP00000369581	9606.ENSP00000369293	0	0	0	0	0	0	0.650	0.392	0.778
IFNB1	IL24	9606.ENSP00000369581	9606.ENSP00000375795	0	0	0	0	0.107	0	0	0.415	0.455
IFNB1	IFNE	9606.ENSP00000369581	9606.ENSP00000418018	0	0	0	0.826	0.065	0	0	0.575	0.586
IFNB1	IL11RA	9606.ENSP00000369581	9606.ENSP00000450565	0	0	0	0	0	0	0.650	0.108	0.674
IFNB1	PRLR	9606.ENSP00000369581	9606.ENSP00000482954	0	0	0	0	0.050	0	0.650	0.102	0.675
IFNB1	IRF5	9606.ENSP00000369581	9606.ENSP00000418037	0	0	0	0	0.082	0	0	0.665	0.680
IFNB1	IL5RA	9606.ENSP00000369581	9606.ENSP00000412209	0	0	0	0	0.104	0	0.650	0.128	0.702
IFNB1	IL6ST	9606.ENSP00000369581	9606.ENSP00000370698	0	0	0	0	0	0	0.650	0.204	0.709
IFNB1	IL17A	9606.ENSP00000369581	9606.ENSP00000497968	0	0	0	0	0.109	0	0	0.697	0.718
IFNB1	IL22	9606.ENSP00000369581	9606.ENSP00000442424	0	0	0	0	0.119	0	0	0.715	0.738
IFNB1	IL4R	9606.ENSP00000369581	9606.ENSP00000379111	0	0	0	0	0.059	0	0.650	0.375	0.776
IFNB1	IL12RB1	9606.ENSP00000369581	9606.ENSP00000470788	0	0	0	0	0.085	0	0.650	0.360	0.777
IFNB1	IFNL3	9606.ENSP00000369581	9606.ENSP00000481633	0	0	0	0	0.330	0	0	0.720	0.804
IFNB1	IL10	9606.ENSP00000369581	9606.ENSP00000412237	0	0	0	0	0.094	0	0	0.797	0.809
IFNB1	RELA	9606.ENSP00000369581	9606.ENSP00000384273	0	0	0	0	0	0	0.650	0.545	0.834
IFNB1	IL6	9606.ENSP00000369581	9606.ENSP00000385675	0	0	0	0	0.185	0	0	0.908	0.922
IFNB1	JAK1	9606.ENSP00000369581	9606.ENSP00000499900	0	0	0	0	0.057	0	0.650	0.810	0.932
IFNB1	TYK2	9606.ENSP00000369581	9606.ENSP00000431885	0	0	0	0	0.057	0	0.500	0.914	0.956
IFNE	IL2RB	9606.ENSP00000418018	9606.ENSP00000216223	0	0	0	0	0	0	0.650	0.051	0.653
IFNE	IL10RA	9606.ENSP00000418018	9606.ENSP00000227752	0	0	0	0	0	0	0.650	0.091	0.668
IFNE	IFNG	9606.ENSP00000418018	9606.ENSP00000229135	0	0	0	0	0.107	0	0	0.483	0.518
IFNE	IL9R	9606.ENSP00000418018	9606.ENSP00000244174	0	0	0	0	0	0	0.650	0	0.650
IFNE	IL12RB2	9606.ENSP00000418018	9606.ENSP00000262345	0	0	0	0	0	0	0.650	0.061	0.657
IFNE	IL27RA	9606.ENSP00000418018	9606.ENSP00000263379	0	0	0	0	0	0	0.650	0.063	0.658
IFNE	IL22RA1	9606.ENSP00000418018	9606.ENSP00000270800	0	0	0	0	0	0	0.650	0.147	0.688
IFNE	IFNK	9606.ENSP00000418018	9606.ENSP00000276943	0	0	0.107	0.722	0.062	0	0	0.696	0.723
IFNE	IL10RB	9606.ENSP00000418018	9606.ENSP00000290200	0	0	0	0	0.058	0.091	0.650	0.478	0.822
IFNE	IL22RA2	9606.ENSP00000418018	9606.ENSP00000296980	0	0	0	0	0	0	0.650	0.091	0.668
IFNE	IL20RA	9606.ENSP00000418018	9606.ENSP00000314976	0	0	0	0	0	0	0.650	0.169	0.696
IFNE	IL23R	9606.ENSP00000418018	9606.ENSP00000321345	0	0	0	0	0	0	0.650	0.078	0.663
IFNE	IFNLR1	9606.ENSP00000418018	9606.ENSP00000327824	0	0	0	0	0	0	0.650	0.621	0.861
IFNE	IL20RB	9606.ENSP00000418018	9606.ENSP00000328133	0	0	0	0	0.062	0	0.650	0.059	0.664
IFNE	IFNL1	9606.ENSP00000418018	9606.ENSP00000329991	0	0	0	0	0.087	0	0	0.718	0.731
IFNE	IFNL2	9606.ENSP00000418018	9606.ENSP00000333639	0	0	0	0	0.062	0	0	0.717	0.723
IFNE	IL21R	9606.ENSP00000418018	9606.ENSP00000338010	0	0	0	0	0	0	0.650	0.103	0.672
IFNE	STAT1	9606.ENSP00000418018	9606.ENSP00000354394	0	0	0	0	0	0	0	0.511	0.511
IFNE	IFNGR1	9606.ENSP00000418018	9606.ENSP00000356713	0	0	0	0	0.074	0	0.650	0.506	0.825
IFNE	IL6R	9606.ENSP00000418018	9606.ENSP00000357470	0	0	0	0	0.065	0	0.650	0.098	0.679
IFNE	IL13RA1	9606.ENSP00000418018	9606.ENSP00000360730	0	0	0	0	0.074	0	0.650	0.088	0.678
IFNE	IL13RA2	9606.ENSP00000418018	9606.ENSP00000361004	0	0	0	0	0.044	0	0.650	0	0.651
IFNE	IL2RA	9606.ENSP00000418018	9606.ENSP00000369293	0	0	0	0	0	0	0.650	0.067	0.659
IFNE	IL6ST	9606.ENSP00000418018	9606.ENSP00000370698	0	0	0	0	0	0	0.650	0.057	0.655
IFNE	IL4R	9606.ENSP00000418018	9606.ENSP00000379111	0	0	0	0	0.059	0	0.650	0.088	0.673
IFNE	IL5RA	9606.ENSP00000418018	9606.ENSP00000412209	0	0	0	0	0.086	0	0.650	0	0.666
IFNE	JAK1	9606.ENSP00000418018	9606.ENSP00000499900	0	0	0	0	0	0	0	0.510	0.510
IFNE	TYK2	9606.ENSP00000418018	9606.ENSP00000431885	0	0	0	0	0	0	0	0.547	0.547
IFNE	PRLR	9606.ENSP00000418018	9606.ENSP00000482954	0	0	0	0	0	0	0.650	0.057	0.655
IFNE	IL11RA	9606.ENSP00000418018	9606.ENSP00000450565	0	0	0	0	0	0	0.650	0.086	0.666
IFNE	IL12RB1	9606.ENSP00000418018	9606.ENSP00000470788	0	0	0	0	0	0	0.650	0.137	0.685
IFNE	IFNL3	9606.ENSP00000418018	9606.ENSP00000481633	0	0	0	0	0.070	0	0	0.697	0.706
IFNG	IL2RB	9606.ENSP00000229135	9606.ENSP00000216223	0	0	0	0	0.257	0	0.650	0.767	0.934
IFNG	RIPK2	9606.ENSP00000229135	9606.ENSP00000220751	0	0	0	0	0.072	0	0	0.400	0.419
IFNG	IL10RA	9606.ENSP00000229135	9606.ENSP00000227752	0	0	0	0	0.086	0	0.650	0.748	0.912
IFNG	IL23A	9606.ENSP00000229135	9606.ENSP00000228534	0	0	0	0	0.149	0	0	0.696	0.730
IFNG	IL26	9606.ENSP00000229135	9606.ENSP00000229134	0	0	0	0	0.138	0	0	0.583	0.625
IFNG	IL12A	9606.ENSP00000229135	9606.ENSP00000303231	0	0	0	0	0.159	0	0	0.385	0.461
IFNG	IFNK	9606.ENSP00000229135	9606.ENSP00000276943	0	0	0	0	0.108	0	0	0.509	0.543
IFNG	IL19	9606.ENSP00000229135	9606.ENSP00000499459	0	0	0	0	0.048	0	0	0.541	0.544
IFNG	IRGM	9606.ENSP00000229135	9606.ENSP00000428220	0	0	0	0	0	0	0	0.554	0.554
IFNG	IL24	9606.ENSP00000229135	9606.ENSP00000375795	0	0	0	0	0.140	0	0	0.517	0.567
IFNG	IL37	9606.ENSP00000229135	9606.ENSP00000263326	0	0	0	0	0	0	0	0.567	0.567
IFNG	RELA	9606.ENSP00000229135	9606.ENSP00000384273	0	0	0	0	0	0	0	0.585	0.585
IFNG	IRF5	9606.ENSP00000229135	9606.ENSP00000418037	0	0	0	0	0.057	0	0	0.593	0.600
IFNG	NLRP3	9606.ENSP00000229135	9606.ENSP00000337383	0	0	0	0	0.058	0	0	0.664	0.669
IFNG	PRLR	9606.ENSP00000229135	9606.ENSP00000482954	0	0	0	0	0	0	0.650	0.182	0.701
IFNG	IL11RA	9606.ENSP00000229135	9606.ENSP00000450565	0	0	0	0	0	0	0.650	0.222	0.716
IFNG	IFNL2	9606.ENSP00000229135	9606.ENSP00000333639	0	0	0.359	0	0.042	0	0	0.598	0.731
IFNG	IFNL3	9606.ENSP00000229135	9606.ENSP00000481633	0	0	0.390	0	0.047	0	0	0.583	0.736
IFNG	IL12B	9606.ENSP00000229135	9606.ENSP00000231228	0	0	0.375	0	0.197	0	0	0.523	0.740
IFNG	IL9R	9606.ENSP00000229135	9606.ENSP00000244174	0	0	0	0	0	0	0.650	0.308	0.747
IFNG	IL20RB	9606.ENSP00000229135	9606.ENSP00000328133	0	0	0	0	0.089	0	0.650	0.275	0.748
IFNG	IL22RA2	9606.ENSP00000229135	9606.ENSP00000296980	0	0	0	0	0.093	0	0.650	0.311	0.762
IFNG	IL5RA	9606.ENSP00000229135	9606.ENSP00000412209	0	0	0	0	0.044	0	0.650	0.358	0.766
IFNG	NOD2	9606.ENSP00000229135	9606.ENSP00000300589	0	0	0	0	0.082	0	0	0.760	0.770
IFNG	IL22RA1	9606.ENSP00000229135	9606.ENSP00000270800	0	0	0	0	0	0	0.650	0.447	0.798
IFNG	IL20RA	9606.ENSP00000229135	9606.ENSP00000314976	0	0	0.257	0	0	0	0.650	0.311	0.805
IFNG	IL10RB	9606.ENSP00000229135	9606.ENSP00000290200	0	0	0	0	0	0	0.650	0.553	0.837
IFNG	IL9	9606.ENSP00000229135	9606.ENSP00000274520	0	0	0	0	0.083	0	0	0.831	0.838
IFNG	LGALS3	9606.ENSP00000229135	9606.ENSP00000254301	0	0	0	0	0.073	0	0	0.839	0.844
IFNG	IL13RA1	9606.ENSP00000229135	9606.ENSP00000360730	0	0	0	0	0	0	0.650	0.618	0.860
IFNG	IFNL1	9606.ENSP00000229135	9606.ENSP00000329991	0	0	0.423	0	0.065	0	0	0.767	0.863
IFNG	IL6ST	9606.ENSP00000229135	9606.ENSP00000370698	0	0	0	0	0.121	0	0.650	0.598	0.865
IFNG	IL21R	9606.ENSP00000229135	9606.ENSP00000338010	0	0	0	0	0.171	0	0.650	0.594	0.872
IFNG	IL13RA2	9606.ENSP00000229135	9606.ENSP00000361004	0	0	0	0	0	0	0.650	0.662	0.876
IFNG	TYK2	9606.ENSP00000229135	9606.ENSP00000431885	0	0	0	0	0.057	0	0	0.876	0.878
IFNG	IFNLR1	9606.ENSP00000229135	9606.ENSP00000327824	0	0	0	0	0.089	0	0.650	0.693	0.893
IFNG	IL6R	9606.ENSP00000229135	9606.ENSP00000357470	0	0	0.273	0	0	0	0.650	0.624	0.896
IFNG	IL27RA	9606.ENSP00000229135	9606.ENSP00000263379	0	0	0	0	0.121	0	0.650	0.702	0.900
IFNG	STAT3	9606.ENSP00000229135	9606.ENSP00000264657	0	0	0	0	0.058	0	0	0.905	0.907
IFNG	IL22	9606.ENSP00000229135	9606.ENSP00000442424	0	0	0	0	0.208	0	0	0.926	0.939
IFNG	IL12RB2	9606.ENSP00000229135	9606.ENSP00000262345	0	0	0	0	0.207	0	0.650	0.833	0.949
IFNG	IL18	9606.ENSP00000229135	9606.ENSP00000280357	0	0	0	0	0.104	0	0	0.945	0.949
IFNG	IL12RB1	9606.ENSP00000229135	9606.ENSP00000470788	0	0	0	0	0.205	0	0.650	0.852	0.955
IFNG	IL23R	9606.ENSP00000229135	9606.ENSP00000321345	0	0	0	0	0.117	0	0.650	0.879	0.959
IFNG	IL13	9606.ENSP00000229135	9606.ENSP00000304915	0	0	0	0	0.072	0	0	0.960	0.961
IFNG	IL4R	9606.ENSP00000229135	9606.ENSP00000379111	0	0	0.207	0	0.049	0	0.650	0.876	0.962
IFNG	IL2RA	9606.ENSP00000229135	9606.ENSP00000369293	0	0	0	0	0.382	0	0.650	0.860	0.967
IFNG	IL17A	9606.ENSP00000229135	9606.ENSP00000497968	0	0	0	0	0.134	0	0	0.975	0.978
IFNG	STAT4	9606.ENSP00000229135	9606.ENSP00000351255	0	0	0	0	0.186	0	0.750	0.917	0.981
IFNG	IL6	9606.ENSP00000229135	9606.ENSP00000385675	0	0	0	0	0.128	0	0	0.981	0.983
IFNG	STAT1	9606.ENSP00000229135	9606.ENSP00000354394	0	0	0	0	0.131	0	0.500	0.971	0.986
IFNG	IL4	9606.ENSP00000229135	9606.ENSP00000231449	0	0	0	0	0.110	0	0	0.990	0.990
IFNG	JAK1	9606.ENSP00000229135	9606.ENSP00000499900	0	0	0	0	0.057	0	0.900	0.939	0.993
IFNG	IL10	9606.ENSP00000229135	9606.ENSP00000412237	0	0	0	0	0.566	0	0	0.989	0.995
IFNG	IFNGR1	9606.ENSP00000229135	9606.ENSP00000356713	0	0	0.284	0	0	0.985	0.900	0.998	0.999
IFNGR1	IL2RB	9606.ENSP00000356713	9606.ENSP00000216223	0	0	0	0	0.063	0	0	0.531	0.541
IFNGR1	IL10RA	9606.ENSP00000356713	9606.ENSP00000227752	0	0	0	0	0.141	0	0	0.751	0.777
IFNGR1	IL23A	9606.ENSP00000356713	9606.ENSP00000228534	0	0	0	0	0	0	0.650	0.193	0.705
IFNGR1	IL26	9606.ENSP00000356713	9606.ENSP00000229134	0	0	0	0	0	0	0	0.575	0.575
IFNGR1	IL12B	9606.ENSP00000356713	9606.ENSP00000231228	0	0	0.281	0	0	0	0.650	0.517	0.867
IFNGR1	IL4	9606.ENSP00000356713	9606.ENSP00000231449	0	0	0	0	0	0	0.650	0.705	0.892
IFNGR1	IL12RB2	9606.ENSP00000356713	9606.ENSP00000262345	0	0	0	0	0	0	0	0.724	0.724
IFNGR1	IL27RA	9606.ENSP00000356713	9606.ENSP00000263379	0	0	0	0	0	0	0	0.668	0.668
IFNGR1	STAT3	9606.ENSP00000356713	9606.ENSP00000264657	0	0	0	0	0.096	0.046	0	0.821	0.832
IFNGR1	IL22RA1	9606.ENSP00000356713	9606.ENSP00000270800	0	0	0	0	0	0	0	0.677	0.677
IFNGR1	IL9	9606.ENSP00000356713	9606.ENSP00000274520	0	0	0	0	0	0	0.650	0.231	0.719
IFNGR1	IFNK	9606.ENSP00000356713	9606.ENSP00000276943	0	0	0	0	0.074	0	0.650	0.480	0.816
IFNGR1	IL18	9606.ENSP00000356713	9606.ENSP00000280357	0	0	0	0	0.067	0	0	0.452	0.467
IFNGR1	IL10RB	9606.ENSP00000356713	9606.ENSP00000290200	0	0	0	0	0.128	0	0	0.806	0.823
IFNGR1	IL22RA2	9606.ENSP00000356713	9606.ENSP00000296980	0	0.021	0	0	0.049	0	0	0.566	0.569
IFNGR1	IL12A	9606.ENSP00000356713	9606.ENSP00000303231	0	0	0	0	0	0	0.650	0.204	0.709
IFNGR1	IL13	9606.ENSP00000356713	9606.ENSP00000304915	0	0	0	0	0	0	0.650	0.585	0.848
IFNGR1	IL23R	9606.ENSP00000356713	9606.ENSP00000321345	0	0	0	0	0	0	0	0.400	0.400
IFNGR1	IFNLR1	9606.ENSP00000356713	9606.ENSP00000327824	0	0	0	0	0.054	0	0	0.667	0.671
IFNGR1	IL20RB	9606.ENSP00000356713	9606.ENSP00000328133	0	0	0	0	0.042	0.189	0	0.450	0.535
IFNGR1	IFNL1	9606.ENSP00000356713	9606.ENSP00000329991	0	0	0.228	0	0	0	0.650	0.508	0.855
IFNGR1	IFNL2	9606.ENSP00000356713	9606.ENSP00000333639	0	0	0.231	0	0	0	0.650	0.480	0.847
IFNGR1	IL21R	9606.ENSP00000356713	9606.ENSP00000338010	0	0	0	0	0	0	0	0.553	0.553
IFNGR1	STAT4	9606.ENSP00000356713	9606.ENSP00000351255	0	0	0	0	0.078	0.046	0	0.614	0.631
IFNGR1	STAT1	9606.ENSP00000356713	9606.ENSP00000354394	0	0	0	0	0.124	0.837	0.900	0.977	0.999
IFNGR1	IL20	9606.ENSP00000356713	9606.ENSP00000356065	0	0	0	0	0	0	0.650	0	0.650
IFNGR1	IRGM	9606.ENSP00000356713	9606.ENSP00000428220	0	0	0	0	0	0	0	0.536	0.536
IFNGR1	IRF5	9606.ENSP00000356713	9606.ENSP00000418037	0	0	0	0	0.093	0	0	0.563	0.587
IFNGR1	IL6ST	9606.ENSP00000356713	9606.ENSP00000370698	0	0	0	0	0.056	0	0	0.619	0.624
IFNGR1	IL2RA	9606.ENSP00000356713	9606.ENSP00000369293	0	0	0.348	0	0.056	0	0	0.541	0.692
IFNGR1	IL19	9606.ENSP00000356713	9606.ENSP00000499459	0	0	0	0	0	0	0.650	0.195	0.706
IFNGR1	IL24	9606.ENSP00000356713	9606.ENSP00000375795	0	0	0	0	0	0	0.650	0.211	0.712
IFNGR1	IL4R	9606.ENSP00000356713	9606.ENSP00000379111	0	0	0	0	0.110	0.045	0	0.710	0.732
IFNGR1	IFNW1	9606.ENSP00000356713	9606.ENSP00000369578	0	0	0.209	0	0.074	0	0.650	0.150	0.752
IFNGR1	IL17A	9606.ENSP00000356713	9606.ENSP00000497968	0	0	0	0	0	0	0	0.761	0.761
IFNGR1	IL13RA1	9606.ENSP00000356713	9606.ENSP00000360730	0	0	0	0	0.259	0	0	0.703	0.770
IFNGR1	IL22	9606.ENSP00000356713	9606.ENSP00000442424	0	0	0	0	0	0	0.650	0.373	0.771
IFNGR1	IL6R	9606.ENSP00000356713	9606.ENSP00000357470	0	0	0.355	0	0.129	0	0	0.628	0.773
IFNGR1	IFNL3	9606.ENSP00000356713	9606.ENSP00000481633	0	0	0.243	0	0	0	0.650	0.480	0.850
IFNGR1	IL12RB1	9606.ENSP00000356713	9606.ENSP00000470788	0	0	0	0	0.101	0	0	0.859	0.867
IFNGR1	IL10	9606.ENSP00000356713	9606.ENSP00000412237	0	0	0	0	0.045	0	0.650	0.781	0.920
IFNGR1	IL6	9606.ENSP00000356713	9606.ENSP00000385675	0	0	0	0	0.087	0	0.650	0.788	0.926
IFNGR1	TYK2	9606.ENSP00000356713	9606.ENSP00000431885	0	0	0	0	0.083	0.065	0.900	0.760	0.976
IFNGR1	JAK1	9606.ENSP00000356713	9606.ENSP00000499900	0	0	0	0	0.151	0.634	0.900	0.997	0.999
IFNK	IL2RB	9606.ENSP00000276943	9606.ENSP00000216223	0	0	0	0	0	0	0.650	0	0.650
IFNK	IL10RA	9606.ENSP00000276943	9606.ENSP00000227752	0	0	0	0	0	0	0.650	0.091	0.668
IFNK	IL9R	9606.ENSP00000276943	9606.ENSP00000244174	0	0	0	0	0	0	0.650	0	0.650
IFNK	IL12RB2	9606.ENSP00000276943	9606.ENSP00000262345	0	0	0	0	0	0	0.650	0.108	0.674
IFNK	IL27RA	9606.ENSP00000276943	9606.ENSP00000263379	0	0	0	0	0	0	0.650	0	0.650
IFNK	IL22RA1	9606.ENSP00000276943	9606.ENSP00000270800	0	0	0	0	0	0	0.650	0.149	0.689
IFNK	JAK1	9606.ENSP00000276943	9606.ENSP00000499900	0	0	0	0	0	0	0	0.510	0.510
IFNK	STAT1	9606.ENSP00000276943	9606.ENSP00000354394	0	0	0	0	0	0	0	0.515	0.515
IFNK	TYK2	9606.ENSP00000276943	9606.ENSP00000431885	0	0	0	0	0	0	0	0.580	0.580
IFNK	IL6ST	9606.ENSP00000276943	9606.ENSP00000370698	0	0	0	0	0	0	0.650	0	0.650
IFNK	IL11RA	9606.ENSP00000276943	9606.ENSP00000450565	0	0	0	0	0	0	0.650	0	0.650
IFNK	PRLR	9606.ENSP00000276943	9606.ENSP00000482954	0	0	0	0	0	0	0.650	0	0.650
IFNK	IL13RA2	9606.ENSP00000276943	9606.ENSP00000361004	0	0	0	0	0	0	0.650	0	0.650
IFNK	IL21R	9606.ENSP00000276943	9606.ENSP00000338010	0	0	0	0	0	0	0.650	0.055	0.655
IFNK	IL2RA	9606.ENSP00000276943	9606.ENSP00000369293	0	0	0	0	0	0	0.650	0.064	0.658
IFNK	IL22RA2	9606.ENSP00000276943	9606.ENSP00000296980	0	0	0	0	0.062	0	0.650	0.060	0.664
IFNK	IL20RB	9606.ENSP00000276943	9606.ENSP00000328133	0	0	0	0	0	0	0.650	0.081	0.664
IFNK	IL5RA	9606.ENSP00000276943	9606.ENSP00000412209	0	0	0	0	0.086	0	0.650	0	0.666
IFNK	IL4R	9606.ENSP00000276943	9606.ENSP00000379111	0	0	0	0	0.059	0	0.650	0.076	0.669
IFNK	IL23R	9606.ENSP00000276943	9606.ENSP00000321345	0	0	0	0	0.042	0	0.650	0.104	0.673
IFNK	IL20RA	9606.ENSP00000276943	9606.ENSP00000314976	0	0	0	0	0	0	0.650	0.108	0.674
IFNK	IL13RA1	9606.ENSP00000276943	9606.ENSP00000360730	0	0	0	0	0.074	0	0.650	0.078	0.675
IFNK	IL6R	9606.ENSP00000276943	9606.ENSP00000357470	0	0	0	0	0.065	0	0.650	0.095	0.677
IFNK	IFNL2	9606.ENSP00000276943	9606.ENSP00000333639	0	0	0	0	0.055	0	0	0.697	0.701
IFNK	IFNL3	9606.ENSP00000276943	9606.ENSP00000481633	0	0	0	0	0.069	0	0	0.692	0.701
IFNK	IFNL1	9606.ENSP00000276943	9606.ENSP00000329991	0	0	0	0	0.087	0	0	0.713	0.726
IFNK	IL12RB1	9606.ENSP00000276943	9606.ENSP00000470788	0	0	0.203	0	0	0	0.650	0.173	0.749
IFNK	IL10RB	9606.ENSP00000276943	9606.ENSP00000290200	0	0	0	0	0.058	0.091	0.650	0.473	0.821
IFNK	IFNLR1	9606.ENSP00000276943	9606.ENSP00000327824	0	0	0	0	0	0	0.650	0.610	0.857
IFNL1	IL2RB	9606.ENSP00000329991	9606.ENSP00000216223	0	0	0.279	0	0.045	0	0.650	0.097	0.753
IFNL1	IL10RA	9606.ENSP00000329991	9606.ENSP00000227752	0	0	0	0	0.042	0	0.650	0.667	0.878
IFNL1	IL26	9606.ENSP00000329991	9606.ENSP00000229134	0	0	0	0	0	0	0	0.797	0.797
IFNL1	IL4	9606.ENSP00000329991	9606.ENSP00000231449	0	0	0	0	0.045	0	0	0.446	0.448
IFNL1	IL9R	9606.ENSP00000329991	9606.ENSP00000244174	0	0	0	0	0.044	0	0.650	0.082	0.666
IFNL1	IL12RB2	9606.ENSP00000329991	9606.ENSP00000262345	0	0	0	0	0.047	0	0.650	0.145	0.689
IFNL1	IL27RA	9606.ENSP00000329991	9606.ENSP00000263379	0	0	0	0	0.047	0	0.650	0.136	0.686
IFNL1	STAT3	9606.ENSP00000329991	9606.ENSP00000264657	0	0	0	0	0	0	0.500	0.369	0.671
IFNL1	IL22RA1	9606.ENSP00000329991	9606.ENSP00000270800	0	0	0	0	0.042	0	0.650	0.691	0.887
IFNL1	IL9	9606.ENSP00000329991	9606.ENSP00000274520	0	0	0	0	0.042	0	0	0.523	0.523
IFNL1	IL18	9606.ENSP00000329991	9606.ENSP00000280357	0	0	0	0	0	0	0	0.419	0.418
IFNL1	IL10RB	9606.ENSP00000329991	9606.ENSP00000290200	0	0	0	0	0	0	0.900	0.995	0.999
IFNL1	IL22RA2	9606.ENSP00000329991	9606.ENSP00000296980	0	0	0	0	0	0	0.650	0.707	0.893
IFNL1	IL13	9606.ENSP00000329991	9606.ENSP00000304915	0	0	0	0	0.054	0	0	0.433	0.440
IFNL1	IL20RA	9606.ENSP00000329991	9606.ENSP00000314976	0	0	0	0	0	0	0.650	0.761	0.912
IFNL1	IL23R	9606.ENSP00000329991	9606.ENSP00000321345	0	0	0	0	0.060	0	0.650	0.185	0.708
IFNL1	IFNLR1	9606.ENSP00000329991	9606.ENSP00000327824	0	0	0	0	0.042	0.946	0.900	0.999	0.999
IFNL1	IL20RB	9606.ENSP00000329991	9606.ENSP00000328133	0	0	0	0	0.042	0	0.650	0.704	0.892
IFNL1	IRF5	9606.ENSP00000329991	9606.ENSP00000418037	0	0	0	0	0.055	0	0	0.396	0.405
IFNL1	IL17A	9606.ENSP00000329991	9606.ENSP00000497968	0	0	0	0	0.042	0	0	0.446	0.446
IFNL1	RELA	9606.ENSP00000329991	9606.ENSP00000384273	0	0	0	0	0.042	0.292	0	0.271	0.462
IFNL1	IFNW1	9606.ENSP00000329991	9606.ENSP00000369578	0	0	0	0	0.183	0	0	0.370	0.463
IFNL1	IL24	9606.ENSP00000329991	9606.ENSP00000375795	0	0	0	0	0.044	0	0	0.581	0.582
IFNL1	STAT4	9606.ENSP00000329991	9606.ENSP00000351255	0	0	0	0	0.050	0	0.500	0.295	0.635
IFNL1	PRLR	9606.ENSP00000329991	9606.ENSP00000482954	0	0	0	0	0.042	0	0.650	0	0.650
IFNL1	IL13RA2	9606.ENSP00000329991	9606.ENSP00000361004	0	0	0	0	0	0	0.650	0	0.650
IFNL1	IL19	9606.ENSP00000329991	9606.ENSP00000499459	0	0	0	0	0.044	0	0	0.661	0.662
IFNL1	IL5RA	9606.ENSP00000329991	9606.ENSP00000412209	0	0	0	0	0	0	0.650	0.088	0.667
IFNL1	IL13RA1	9606.ENSP00000329991	9606.ENSP00000360730	0	0	0	0	0	0	0.650	0.125	0.680
IFNL1	IL21R	9606.ENSP00000329991	9606.ENSP00000338010	0	0	0	0	0.042	0	0.650	0.133	0.683
IFNL1	IL11RA	9606.ENSP00000329991	9606.ENSP00000450565	0	0	0	0	0.047	0	0.650	0.146	0.690
IFNL1	IL2RA	9606.ENSP00000329991	9606.ENSP00000369293	0	0	0	0	0	0	0.650	0.159	0.693
IFNL1	IL4R	9606.ENSP00000329991	9606.ENSP00000379111	0	0	0	0	0	0	0.650	0.188	0.703
IFNL1	IL6ST	9606.ENSP00000329991	9606.ENSP00000370698	0	0	0	0	0	0	0.650	0.193	0.705
IFNL1	IL12RB1	9606.ENSP00000329991	9606.ENSP00000470788	0	0	0	0	0.049	0	0.650	0.218	0.716
IFNL1	IL6R	9606.ENSP00000329991	9606.ENSP00000357470	0	0	0.208	0	0	0	0.650	0.222	0.765
IFNL1	IL22	9606.ENSP00000329991	9606.ENSP00000442424	0	0	0	0	0.044	0	0	0.784	0.784
IFNL1	IL6	9606.ENSP00000329991	9606.ENSP00000385675	0	0	0	0	0.067	0	0	0.819	0.823
IFNL1	IL10	9606.ENSP00000329991	9606.ENSP00000412237	0	0	0	0	0	0	0	0.850	0.850
IFNL1	TYK2	9606.ENSP00000329991	9606.ENSP00000431885	0	0	0	0	0.043	0	0.500	0.716	0.852
IFNL1	STAT1	9606.ENSP00000329991	9606.ENSP00000354394	0	0	0	0	0.056	0.174	0.500	0.740	0.885
IFNL1	JAK1	9606.ENSP00000329991	9606.ENSP00000499900	0	0	0	0	0	0	0.500	0.831	0.911
IFNL1	IFNL2	9606.ENSP00000329991	9606.ENSP00000333639	0	0	0.058	0.965	0.776	0.479	0	0.912	0.989
IFNL1	IFNL3	9606.ENSP00000329991	9606.ENSP00000481633	0	0	0.057	0.966	0.763	0	0	0.971	0.992
IFNL2	IL2RB	9606.ENSP00000333639	9606.ENSP00000216223	0	0	0.227	0	0	0	0.650	0.107	0.737
IFNL2	IL10RA	9606.ENSP00000333639	9606.ENSP00000227752	0	0	0	0	0	0	0.650	0.570	0.843
IFNL2	IL26	9606.ENSP00000333639	9606.ENSP00000229134	0	0	0	0	0.103	0	0	0.799	0.811
IFNL2	IL4	9606.ENSP00000333639	9606.ENSP00000231449	0	0	0	0	0.108	0	0	0.400	0.441
IFNL2	IL9R	9606.ENSP00000333639	9606.ENSP00000244174	0	0	0	0	0.047	0	0.650	0.078	0.665
IFNL2	IL12RB2	9606.ENSP00000333639	9606.ENSP00000262345	0	0	0	0	0	0	0.650	0.094	0.669
IFNL2	IL27RA	9606.ENSP00000333639	9606.ENSP00000263379	0	0	0	0	0	0	0.650	0.145	0.687
IFNL2	IL22RA1	9606.ENSP00000333639	9606.ENSP00000270800	0	0	0	0	0	0	0.650	0.604	0.855
IFNL2	IL9	9606.ENSP00000333639	9606.ENSP00000274520	0	0	0	0	0.103	0	0	0.370	0.410
IFNL2	IL10RB	9606.ENSP00000333639	9606.ENSP00000290200	0	0	0	0	0	0	0.900	0.982	0.998
IFNL2	IL22RA2	9606.ENSP00000333639	9606.ENSP00000296980	0	0	0	0	0	0	0.650	0.626	0.863
IFNL2	IL13	9606.ENSP00000333639	9606.ENSP00000304915	0	0	0	0	0.103	0	0	0.419	0.456
IFNL2	IL20RA	9606.ENSP00000333639	9606.ENSP00000314976	0	0	0	0	0	0	0.650	0.677	0.882
IFNL2	IL23R	9606.ENSP00000333639	9606.ENSP00000321345	0	0	0	0	0.047	0	0.650	0.151	0.692
IFNL2	IFNLR1	9606.ENSP00000333639	9606.ENSP00000327824	0	0	0	0	0	0	0.900	0.999	0.999
IFNL2	IL20RB	9606.ENSP00000333639	9606.ENSP00000328133	0	0	0	0	0.050	0	0.650	0.370	0.772
IFNL2	IL17A	9606.ENSP00000333639	9606.ENSP00000497968	0	0	0	0	0.106	0	0	0.433	0.471
IFNL2	IFNW1	9606.ENSP00000333639	9606.ENSP00000369578	0	0	0	0	0.075	0	0	0.461	0.480
IFNL2	IL24	9606.ENSP00000333639	9606.ENSP00000375795	0	0	0	0	0	0	0	0.518	0.518
IFNL2	IL6	9606.ENSP00000333639	9606.ENSP00000385675	0	0	0	0	0.049	0	0	0.516	0.520
IFNL2	IL19	9606.ENSP00000333639	9606.ENSP00000499459	0	0	0	0	0.105	0	0	0.620	0.645
IFNL2	IL13RA2	9606.ENSP00000333639	9606.ENSP00000361004	0	0	0	0	0	0	0.650	0	0.650
IFNL2	PRLR	9606.ENSP00000333639	9606.ENSP00000482954	0	0	0	0	0	0	0.650	0	0.650
IFNL2	IL13RA1	9606.ENSP00000333639	9606.ENSP00000360730	0	0	0	0	0	0	0.650	0.073	0.661
IFNL2	IL2RA	9606.ENSP00000333639	9606.ENSP00000369293	0	0	0	0	0	0	0.650	0.108	0.674
IFNL2	IL5RA	9606.ENSP00000333639	9606.ENSP00000412209	0	0	0	0	0	0	0.650	0.114	0.676
IFNL2	IL4R	9606.ENSP00000333639	9606.ENSP00000379111	0	0	0	0	0	0	0.650	0.125	0.680
IFNL2	IL11RA	9606.ENSP00000333639	9606.ENSP00000450565	0	0	0	0	0	0	0.650	0.128	0.681
IFNL2	IL21R	9606.ENSP00000333639	9606.ENSP00000338010	0	0	0	0	0	0	0.650	0.167	0.696
IFNL2	IL12RB1	9606.ENSP00000333639	9606.ENSP00000470788	0	0	0	0	0	0	0.650	0.180	0.700
IFNL2	IL6ST	9606.ENSP00000333639	9606.ENSP00000370698	0	0	0	0	0	0	0.650	0.179	0.700
IFNL2	STAT1	9606.ENSP00000333639	9606.ENSP00000354394	0	0	0	0	0.049	0	0	0.750	0.752
IFNL2	IL6R	9606.ENSP00000333639	9606.ENSP00000357470	0	0	0.227	0	0	0	0.650	0.167	0.754
IFNL2	TYK2	9606.ENSP00000333639	9606.ENSP00000431885	0	0	0	0	0	0	0.500	0.676	0.831
IFNL2	IL10	9606.ENSP00000333639	9606.ENSP00000412237	0	0	0	0	0.042	0	0	0.838	0.838
IFNL2	IL22	9606.ENSP00000333639	9606.ENSP00000442424	0	0	0	0	0.109	0	0	0.894	0.901
IFNL2	JAK1	9606.ENSP00000333639	9606.ENSP00000499900	0	0	0	0	0	0	0.500	0.814	0.903
IFNL2	IFNL3	9606.ENSP00000333639	9606.ENSP00000481633	0	0	0.048	0.985	0.633	0	0.900	0.961	0.998
IFNL3	IL2RB	9606.ENSP00000481633	9606.ENSP00000216223	0	0	0.247	0	0	0	0.650	0.071	0.734
IFNL3	IL10RA	9606.ENSP00000481633	9606.ENSP00000227752	0	0	0	0	0	0	0.650	0.812	0.931
IFNL3	IL26	9606.ENSP00000481633	9606.ENSP00000229134	0	0	0	0	0.103	0	0	0.724	0.741
IFNL3	IL9R	9606.ENSP00000481633	9606.ENSP00000244174	0	0	0	0	0	0	0.650	0.086	0.666
IFNL3	IL12RB2	9606.ENSP00000481633	9606.ENSP00000262345	0	0	0	0	0.042	0	0.650	0.108	0.674
IFNL3	IL27RA	9606.ENSP00000481633	9606.ENSP00000263379	0	0	0	0	0	0	0.650	0.086	0.666
IFNL3	IL22RA1	9606.ENSP00000481633	9606.ENSP00000270800	0	0	0	0	0	0	0.650	0.698	0.889
IFNL3	IL10RB	9606.ENSP00000481633	9606.ENSP00000290200	0	0	0	0	0	0.900	0.900	0.994	0.999
IFNL3	IL22RA2	9606.ENSP00000481633	9606.ENSP00000296980	0	0	0	0	0	0	0.650	0.733	0.902
IFNL3	IL20RA	9606.ENSP00000481633	9606.ENSP00000314976	0	0	0	0	0	0	0.650	0.733	0.902
IFNL3	IL23R	9606.ENSP00000481633	9606.ENSP00000321345	0	0	0	0	0.042	0	0.650	0.108	0.674
IFNL3	IFNLR1	9606.ENSP00000481633	9606.ENSP00000327824	0	0	0	0	0	0.900	0.900	0.999	0.999
IFNL3	IL20RB	9606.ENSP00000481633	9606.ENSP00000328133	0	0	0	0	0.050	0	0.650	0.680	0.884
IFNL3	IL21R	9606.ENSP00000481633	9606.ENSP00000338010	0	0	0	0	0	0	0.650	0.192	0.705
IFNL3	STAT1	9606.ENSP00000481633	9606.ENSP00000354394	0	0	0	0	0.049	0.193	0	0.745	0.787
IFNL3	IL6R	9606.ENSP00000481633	9606.ENSP00000357470	0	0	0.227	0	0	0	0.650	0.131	0.744
IFNL3	IL13RA1	9606.ENSP00000481633	9606.ENSP00000360730	0	0	0	0	0	0	0.650	0.060	0.656
IFNL3	IL13RA2	9606.ENSP00000481633	9606.ENSP00000361004	0	0	0	0	0	0	0.650	0	0.650
IFNL3	IL2RA	9606.ENSP00000481633	9606.ENSP00000369293	0	0	0	0	0	0	0.650	0.110	0.675
IFNL3	IFNW1	9606.ENSP00000481633	9606.ENSP00000369578	0	0	0	0	0.145	0	0	0.412	0.476
IFNL3	IL6ST	9606.ENSP00000481633	9606.ENSP00000370698	0	0	0	0	0	0	0.650	0.108	0.674
IFNL3	IL24	9606.ENSP00000481633	9606.ENSP00000375795	0	0	0	0	0	0	0	0.449	0.449
IFNL3	IL4R	9606.ENSP00000481633	9606.ENSP00000379111	0	0	0	0	0	0	0.650	0.137	0.685
IFNL3	IL6	9606.ENSP00000481633	9606.ENSP00000385675	0	0	0	0	0.049	0	0	0.444	0.449
IFNL3	IL5RA	9606.ENSP00000481633	9606.ENSP00000412209	0	0	0	0	0	0	0.650	0	0.650
IFNL3	IL10	9606.ENSP00000481633	9606.ENSP00000412237	0	0	0	0	0	0	0	0.813	0.813
IFNL3	TYK2	9606.ENSP00000481633	9606.ENSP00000431885	0	0	0	0	0	0	0.500	0.447	0.711
IFNL3	IL22	9606.ENSP00000481633	9606.ENSP00000442424	0	0	0	0	0.109	0	0	0.739	0.757
IFNL3	IL11RA	9606.ENSP00000481633	9606.ENSP00000450565	0	0	0	0	0	0	0.650	0	0.650
IFNL3	IL12RB1	9606.ENSP00000481633	9606.ENSP00000470788	0	0	0	0	0	0.190	0.650	0.170	0.744
IFNL3	IL19	9606.ENSP00000481633	9606.ENSP00000499459	0	0	0	0	0.103	0	0	0.478	0.511
IFNL3	PRLR	9606.ENSP00000481633	9606.ENSP00000482954	0	0	0	0	0	0	0.650	0	0.650
IFNL3	JAK1	9606.ENSP00000481633	9606.ENSP00000499900	0	0	0	0	0	0	0.500	0.659	0.822
IFNLR1	IL10RA	9606.ENSP00000327824	9606.ENSP00000227752	0	0	0	0	0.050	0	0	0.930	0.930
IFNLR1	IL23A	9606.ENSP00000327824	9606.ENSP00000228534	0	0	0	0	0.056	0	0.650	0.085	0.671
IFNLR1	IL26	9606.ENSP00000327824	9606.ENSP00000229134	0	0	0	0	0	0	0	0.820	0.820
IFNLR1	IL12B	9606.ENSP00000327824	9606.ENSP00000231228	0	0	0	0	0	0	0.650	0.114	0.676
IFNLR1	IL4	9606.ENSP00000327824	9606.ENSP00000231449	0	0	0	0	0	0	0.650	0.270	0.733
IFNLR1	STAT3	9606.ENSP00000327824	9606.ENSP00000264657	0	0	0	0	0	0	0.500	0.323	0.647
IFNLR1	IL22RA1	9606.ENSP00000327824	9606.ENSP00000270800	0	0.223	0.328	0	0.067	0	0	0.677	0.822
IFNLR1	IL9	9606.ENSP00000327824	9606.ENSP00000274520	0	0	0	0	0.050	0	0.650	0.122	0.682
IFNLR1	IL10RB	9606.ENSP00000327824	9606.ENSP00000290200	0	0	0	0	0.067	0.900	0.900	0.999	0.999
IFNLR1	IL22RA2	9606.ENSP00000327824	9606.ENSP00000296980	0	0	0	0	0.046	0	0	0.693	0.694
IFNLR1	IL12A	9606.ENSP00000327824	9606.ENSP00000303231	0	0	0	0	0.044	0	0.650	0	0.651
IFNLR1	IL13	9606.ENSP00000327824	9606.ENSP00000304915	0	0	0	0	0	0	0.650	0.276	0.735
IFNLR1	IL20RA	9606.ENSP00000327824	9606.ENSP00000314976	0	0	0.120	0.559	0.061	0	0	0.481	0.534
IFNLR1	IL20RB	9606.ENSP00000327824	9606.ENSP00000328133	0	0	0	0	0.042	0.081	0	0.375	0.402
IFNLR1	IL13RA1	9606.ENSP00000327824	9606.ENSP00000360730	0	0	0.375	0	0.051	0	0	0.125	0.435
IFNLR1	STAT4	9606.ENSP00000327824	9606.ENSP00000351255	0	0	0	0	0.042	0	0.500	0.254	0.611
IFNLR1	IL20	9606.ENSP00000327824	9606.ENSP00000356065	0	0	0	0	0	0	0.650	0	0.650
IFNLR1	IFNW1	9606.ENSP00000327824	9606.ENSP00000369578	0	0	0	0	0	0	0.650	0.447	0.798
IFNLR1	IL24	9606.ENSP00000327824	9606.ENSP00000375795	0	0	0	0	0	0	0.650	0.547	0.834
IFNLR1	IL6	9606.ENSP00000327824	9606.ENSP00000385675	0	0	0	0	0	0	0.650	0.574	0.844
IFNLR1	IL19	9606.ENSP00000327824	9606.ENSP00000499459	0	0	0	0	0	0	0.650	0.595	0.852
IFNLR1	IL22	9606.ENSP00000327824	9606.ENSP00000442424	0	0	0	0	0	0	0.650	0.769	0.915
IFNLR1	STAT1	9606.ENSP00000327824	9606.ENSP00000354394	0	0	0	0	0	0	0.500	0.853	0.923
IFNLR1	IL10	9606.ENSP00000327824	9606.ENSP00000412237	0	0	0	0	0.066	0	0.650	0.798	0.928
IFNLR1	TYK2	9606.ENSP00000327824	9606.ENSP00000431885	0	0	0	0	0	0.068	0.650	0.861	0.951
IFNLR1	JAK1	9606.ENSP00000327824	9606.ENSP00000499900	0	0	0	0	0	0.961	0.900	0.956	0.999
IFNW1	IL2RB	9606.ENSP00000369578	9606.ENSP00000216223	0	0	0	0	0	0	0.650	0	0.650
IFNW1	IL10RA	9606.ENSP00000369578	9606.ENSP00000227752	0	0	0	0	0	0	0.650	0.074	0.662
IFNW1	IL9R	9606.ENSP00000369578	9606.ENSP00000244174	0	0	0	0	0	0	0.650	0.077	0.663
IFNW1	IL12RB2	9606.ENSP00000369578	9606.ENSP00000262345	0	0	0	0	0	0	0.650	0	0.650
IFNW1	IL27RA	9606.ENSP00000369578	9606.ENSP00000263379	0	0	0	0	0	0	0.650	0	0.650
IFNW1	IL22RA1	9606.ENSP00000369578	9606.ENSP00000270800	0	0	0	0	0	0	0.650	0.123	0.680
IFNW1	IL10RB	9606.ENSP00000369578	9606.ENSP00000290200	0	0	0	0	0.058	0.091	0.650	0.458	0.816
IFNW1	IL22RA2	9606.ENSP00000369578	9606.ENSP00000296980	0	0	0	0	0.047	0	0.650	0	0.652
IFNW1	IL20RA	9606.ENSP00000369578	9606.ENSP00000314976	0	0	0	0	0	0	0.650	0	0.650
IFNW1	IL23R	9606.ENSP00000369578	9606.ENSP00000321345	0	0	0	0	0.043	0	0.650	0.052	0.654
IFNW1	IL20RB	9606.ENSP00000369578	9606.ENSP00000328133	0	0	0	0	0	0	0.650	0	0.650
IFNW1	IL21R	9606.ENSP00000369578	9606.ENSP00000338010	0	0	0	0	0	0	0.650	0.060	0.656
IFNW1	IL6R	9606.ENSP00000369578	9606.ENSP00000357470	0	0	0	0	0.065	0	0.650	0.093	0.677
IFNW1	IL13RA1	9606.ENSP00000369578	9606.ENSP00000360730	0	0	0	0	0.074	0	0.650	0.067	0.671
IFNW1	IL13RA2	9606.ENSP00000369578	9606.ENSP00000361004	0	0	0	0	0	0	0.650	0.074	0.662
IFNW1	IL2RA	9606.ENSP00000369578	9606.ENSP00000369293	0	0	0	0	0.044	0	0.650	0.105	0.674
IFNW1	IL17A	9606.ENSP00000369578	9606.ENSP00000497968	0	0	0	0	0.109	0	0	0.374	0.418
IFNW1	IL11RA	9606.ENSP00000369578	9606.ENSP00000450565	0	0	0	0	0	0	0.650	0	0.650
IFNW1	IL6ST	9606.ENSP00000369578	9606.ENSP00000370698	0	0	0	0	0	0	0.650	0	0.650
IFNW1	PRLR	9606.ENSP00000369578	9606.ENSP00000482954	0	0	0	0	0.044	0	0.650	0.047	0.653
IFNW1	IL4R	9606.ENSP00000369578	9606.ENSP00000379111	0	0	0	0	0.059	0	0.650	0.049	0.659
IFNW1	IL5RA	9606.ENSP00000369578	9606.ENSP00000412209	0	0	0	0	0.089	0	0.650	0	0.667
IFNW1	IL12RB1	9606.ENSP00000369578	9606.ENSP00000470788	0	0	0	0	0	0	0.650	0.385	0.775
IL10	IL2RB	9606.ENSP00000412237	9606.ENSP00000216223	0	0	0	0	0.096	0	0.650	0.792	0.928
IL10	IL10RA	9606.ENSP00000412237	9606.ENSP00000227752	0	0	0	0	0.072	0.988	0.900	0.998	0.999
IL10	IL23A	9606.ENSP00000412237	9606.ENSP00000228534	0	0	0	0	0.094	0	0.400	0.727	0.838
IL10	IL12B	9606.ENSP00000412237	9606.ENSP00000231228	0	0	0	0	0.147	0	0.400	0.507	0.725
IL10	IL4	9606.ENSP00000412237	9606.ENSP00000231449	0	0	0	0	0.043	0	0	0.986	0.986
IL10	IL9R	9606.ENSP00000412237	9606.ENSP00000244174	0	0	0	0	0	0	0.650	0.310	0.748
IL10	LGALS3	9606.ENSP00000412237	9606.ENSP00000254301	0	0	0	0	0.069	0	0	0.630	0.641
IL10	IL12RB2	9606.ENSP00000412237	9606.ENSP00000262345	0	0	0	0	0.074	0	0.650	0.803	0.930
IL10	IL37	9606.ENSP00000412237	9606.ENSP00000263326	0	0	0	0	0	0	0	0.593	0.593
IL10	IL27RA	9606.ENSP00000412237	9606.ENSP00000263379	0	0	0	0	0.071	0	0.650	0.571	0.848
IL10	STAT3	9606.ENSP00000412237	9606.ENSP00000264657	0	0	0	0	0.057	0.301	0.500	0.916	0.968
IL10	IL22RA1	9606.ENSP00000412237	9606.ENSP00000270800	0	0	0	0	0	0	0.650	0.747	0.907
IL10	IL9	9606.ENSP00000412237	9606.ENSP00000274520	0	0	0	0	0.049	0	0	0.959	0.959
IL10	IL18	9606.ENSP00000412237	9606.ENSP00000280357	0	0	0	0	0.165	0	0.400	0.917	0.955
IL10	IL10RB	9606.ENSP00000412237	9606.ENSP00000290200	0	0	0	0	0.042	0.975	0.900	0.997	0.999
IL10	IL22RA2	9606.ENSP00000412237	9606.ENSP00000296980	0	0	0	0	0.086	0	0.650	0.370	0.781
IL10	NOD2	9606.ENSP00000412237	9606.ENSP00000300589	0	0	0	0	0.063	0	0	0.694	0.701
IL10	IL12A	9606.ENSP00000412237	9606.ENSP00000303231	0	0	0	0	0.087	0	0.400	0.362	0.620
IL10	IL13	9606.ENSP00000412237	9606.ENSP00000304915	0	0	0	0	0.043	0	0	0.952	0.952
IL10	IL20RA	9606.ENSP00000412237	9606.ENSP00000314976	0	0	0	0	0	0	0.650	0.642	0.869
IL10	IL23R	9606.ENSP00000412237	9606.ENSP00000321345	0	0	0	0	0.086	0	0.650	0.913	0.970
IL10	IL20RB	9606.ENSP00000412237	9606.ENSP00000328133	0	0	0	0	0.048	0	0.650	0.681	0.884
IL10	NLRP3	9606.ENSP00000412237	9606.ENSP00000337383	0	0	0	0	0.091	0.046	0	0.671	0.690
IL10	IL21R	9606.ENSP00000412237	9606.ENSP00000338010	0	0	0	0	0.144	0	0.650	0.524	0.845
IL10	STAT4	9606.ENSP00000412237	9606.ENSP00000351255	0	0	0	0	0.091	0.046	0.750	0.762	0.941
IL10	STAT1	9606.ENSP00000412237	9606.ENSP00000354394	0	0	0	0	0.059	0.046	0	0.862	0.865
IL10	IL6R	9606.ENSP00000412237	9606.ENSP00000357470	0	0	0	0	0.060	0	0.650	0.787	0.923
IL10	IL13RA1	9606.ENSP00000412237	9606.ENSP00000360730	0	0	0	0	0	0	0.650	0.616	0.859
IL10	IL13RA2	9606.ENSP00000412237	9606.ENSP00000361004	0	0	0	0	0.042	0	0.650	0.434	0.793
IL10	IL2RA	9606.ENSP00000412237	9606.ENSP00000369293	0	0	0	0	0.201	0	0.650	0.910	0.972
IL10	IL6ST	9606.ENSP00000412237	9606.ENSP00000370698	0	0	0	0	0.071	0	0.650	0.464	0.810
IL10	IL24	9606.ENSP00000412237	9606.ENSP00000375795	0	0	0	0	0.152	0	0	0.838	0.856
IL10	IL4R	9606.ENSP00000412237	9606.ENSP00000379111	0	0	0	0	0.045	0.052	0.650	0.904	0.965
IL10	RELA	9606.ENSP00000412237	9606.ENSP00000384273	0	0	0	0	0	0	0	0.701	0.701
IL10	IL6	9606.ENSP00000412237	9606.ENSP00000385675	0	0	0	0	0.130	0	0.800	0.988	0.997
IL10	IL5RA	9606.ENSP00000412237	9606.ENSP00000412209	0	0	0	0	0	0	0.650	0.348	0.762
IL10	IRGM	9606.ENSP00000412237	9606.ENSP00000428220	0	0	0	0	0	0	0	0.559	0.559
IL10	PRLR	9606.ENSP00000412237	9606.ENSP00000482954	0	0	0	0	0.042	0	0.650	0.136	0.685
IL10	IL11RA	9606.ENSP00000412237	9606.ENSP00000450565	0	0	0	0	0	0	0.650	0.224	0.716
IL10	IRF5	9606.ENSP00000412237	9606.ENSP00000418037	0	0	0	0	0.072	0.128	0	0.745	0.775
IL10	IL19	9606.ENSP00000412237	9606.ENSP00000499459	0	0	0	0	0.068	0	0	0.869	0.872
IL10	IL12RB1	9606.ENSP00000412237	9606.ENSP00000470788	0	0	0	0	0.124	0	0.650	0.768	0.922
IL10	IL22	9606.ENSP00000412237	9606.ENSP00000442424	0	0	0	0	0.125	0	0	0.939	0.944
IL10	TYK2	9606.ENSP00000412237	9606.ENSP00000431885	0	0	0	0	0.055	0.052	0.500	0.919	0.958
IL10	JAK1	9606.ENSP00000412237	9606.ENSP00000499900	0	0	0	0	0.055	0.052	0.500	0.953	0.976
IL10	IL17A	9606.ENSP00000412237	9606.ENSP00000497968	0	0	0	0	0.119	0	0.400	0.965	0.980
IL10RA	IL2RB	9606.ENSP00000227752	9606.ENSP00000216223	0	0	0	0	0.352	0	0	0.644	0.759
IL10RA	IL12RB2	9606.ENSP00000227752	9606.ENSP00000262345	0	0	0	0	0.049	0	0	0.399	0.404
IL10RA	IRF5	9606.ENSP00000227752	9606.ENSP00000418037	0	0	0	0	0.229	0	0	0.264	0.409
IL10RA	IL27RA	9606.ENSP00000227752	9606.ENSP00000263379	0	0	0	0	0.083	0	0	0.398	0.424
IL10RA	STAT4	9606.ENSP00000227752	9606.ENSP00000351255	0	0	0	0	0.221	0.087	0	0.323	0.476
IL10RA	IL23R	9606.ENSP00000227752	9606.ENSP00000321345	0	0	0	0	0.090	0	0	0.479	0.505
IL10RA	IL17A	9606.ENSP00000227752	9606.ENSP00000497968	0	0	0	0	0.068	0	0	0.543	0.555
IL10RA	IL12RB1	9606.ENSP00000227752	9606.ENSP00000470788	0	0	0	0	0.182	0	0	0.516	0.587
IL10RA	IL5RA	9606.ENSP00000227752	9606.ENSP00000412209	0	0	0	0	0.047	0	0	0.591	0.594
IL10RA	IL20RA	9606.ENSP00000227752	9606.ENSP00000314976	0	0	0	0.559	0	0	0	0.594	0.594
IL10RA	IL21R	9606.ENSP00000227752	9606.ENSP00000338010	0	0	0	0	0.298	0	0	0.462	0.607
IL10RA	IL6ST	9606.ENSP00000227752	9606.ENSP00000370698	0	0	0	0	0.042	0	0	0.608	0.608
IL10RA	NOD2	9606.ENSP00000227752	9606.ENSP00000300589	0	0	0	0	0.325	0	0	0.448	0.611
IL10RA	IL18	9606.ENSP00000227752	9606.ENSP00000280357	0	0	0.310	0	0.106	0	0	0.447	0.629
IL10RA	IL20	9606.ENSP00000227752	9606.ENSP00000356065	0	0	0	0	0	0	0.650	0.055	0.655
IL10RA	IL12A	9606.ENSP00000227752	9606.ENSP00000303231	0	0	0	0	0	0	0.650	0.117	0.677
IL10RA	IL22RA2	9606.ENSP00000227752	9606.ENSP00000296980	0	0	0	0	0.092	0	0	0.660	0.678
IL10RA	IL12B	9606.ENSP00000227752	9606.ENSP00000231228	0	0	0	0	0.047	0	0.650	0.170	0.699
IL10RA	IL2RA	9606.ENSP00000227752	9606.ENSP00000369293	0	0	0	0	0.159	0	0	0.664	0.705
IL10RA	IL13RA1	9606.ENSP00000227752	9606.ENSP00000360730	0	0	0	0	0.049	0	0	0.724	0.726
IL10RA	IL9	9606.ENSP00000227752	9606.ENSP00000274520	0	0	0	0	0	0	0.650	0.315	0.750
IL10RA	IL23A	9606.ENSP00000227752	9606.ENSP00000228534	0	0	0.200	0	0.072	0	0.650	0.274	0.786
IL10RA	IL6R	9606.ENSP00000227752	9606.ENSP00000357470	0	0	0	0	0.138	0	0	0.765	0.789
IL10RA	IL4R	9606.ENSP00000227752	9606.ENSP00000379111	0	0	0.211	0	0.134	0	0	0.734	0.802
IL10RA	IL26	9606.ENSP00000227752	9606.ENSP00000229134	0	0	0	0	0	0	0	0.807	0.807
IL10RA	STAT1	9606.ENSP00000227752	9606.ENSP00000354394	0	0	0	0	0.125	0.087	0	0.841	0.861
IL10RA	IL13	9606.ENSP00000227752	9606.ENSP00000304915	0	0	0	0	0	0	0.650	0.681	0.883
IL10RA	IL24	9606.ENSP00000227752	9606.ENSP00000375795	0	0	0	0	0.107	0	0.650	0.689	0.894
IL10RA	IL20RB	9606.ENSP00000227752	9606.ENSP00000328133	0	0	0	0	0	0	0	0.910	0.910
IL10RA	IL19	9606.ENSP00000227752	9606.ENSP00000499459	0	0	0	0	0	0	0.650	0.765	0.914
IL10RA	IL4	9606.ENSP00000227752	9606.ENSP00000231449	0	0	0	0	0	0	0.650	0.802	0.927
IL10RA	IL22	9606.ENSP00000227752	9606.ENSP00000442424	0	0	0	0	0	0	0.650	0.832	0.938
IL10RA	IL6	9606.ENSP00000227752	9606.ENSP00000385675	0	0	0	0	0.129	0	0.650	0.868	0.956
IL10RA	IL22RA1	9606.ENSP00000227752	9606.ENSP00000270800	0	0	0.225	0	0	0	0	0.971	0.976
IL10RA	STAT3	9606.ENSP00000227752	9606.ENSP00000264657	0	0	0	0	0.062	0.095	0.500	0.967	0.984
IL10RA	TYK2	9606.ENSP00000227752	9606.ENSP00000431885	0	0	0	0	0.106	0	0.900	0.970	0.997
IL10RA	IL10RB	9606.ENSP00000227752	9606.ENSP00000290200	0	0	0	0	0.129	0.926	0.900	0.999	0.999
IL10RA	JAK1	9606.ENSP00000227752	9606.ENSP00000499900	0	0	0	0	0.106	0.948	0.900	0.987	0.999
IL10RB	IL23A	9606.ENSP00000290200	9606.ENSP00000228534	0	0	0	0	0	0	0.650	0.265	0.731
IL10RB	IL26	9606.ENSP00000290200	9606.ENSP00000229134	0	0	0	0	0	0	0.900	0.993	0.999
IL10RB	IL12B	9606.ENSP00000290200	9606.ENSP00000231228	0	0	0	0	0.065	0	0.650	0.159	0.700
IL10RB	IL4	9606.ENSP00000290200	9606.ENSP00000231449	0	0	0	0	0	0	0.650	0.569	0.842
IL10RB	IL12RB2	9606.ENSP00000290200	9606.ENSP00000262345	0	0	0	0	0	0	0	0.577	0.577
IL10RB	STAT3	9606.ENSP00000290200	9606.ENSP00000264657	0	0	0	0	0.093	0.045	0.500	0.864	0.933
IL10RB	IL22RA1	9606.ENSP00000290200	9606.ENSP00000270800	0	0	0	0	0	0.561	0.800	0.999	0.999
IL10RB	IL9	9606.ENSP00000290200	9606.ENSP00000274520	0	0	0	0	0	0	0.650	0.546	0.834
IL10RB	IL18	9606.ENSP00000290200	9606.ENSP00000280357	0	0	0	0	0.060	0	0	0.540	0.549
IL10RB	IL4R	9606.ENSP00000290200	9606.ENSP00000379111	0	0	0	0	0.059	0.046	0	0.398	0.412
IL10RB	IL23R	9606.ENSP00000290200	9606.ENSP00000321345	0	0	0	0	0.087	0	0	0.418	0.445
IL10RB	NOD2	9606.ENSP00000290200	9606.ENSP00000300589	0	0	0	0	0.129	0	0	0.397	0.453
IL10RB	IL21R	9606.ENSP00000290200	9606.ENSP00000338010	0	0	0	0	0.042	0	0	0.469	0.469
IL10RB	IL17A	9606.ENSP00000290200	9606.ENSP00000497968	0	0	0	0	0.055	0	0	0.479	0.486
IL10RB	IL12RB1	9606.ENSP00000290200	9606.ENSP00000470788	0	0	0	0	0.113	0	0	0.447	0.488
IL10RB	IL5RA	9606.ENSP00000290200	9606.ENSP00000412209	0	0	0	0	0.069	0	0	0.510	0.525
IL10RB	IL20RB	9606.ENSP00000290200	9606.ENSP00000328133	0	0	0	0.618	0	0	0	0.559	0.559
IL10RB	IL6R	9606.ENSP00000290200	9606.ENSP00000357470	0	0	0	0	0.117	0	0	0.610	0.641
IL10RB	STAT4	9606.ENSP00000290200	9606.ENSP00000351255	0	0	0	0	0.089	0.045	0.500	0.298	0.654
IL10RB	IL13RA1	9606.ENSP00000290200	9606.ENSP00000360730	0	0	0	0	0.145	0	0	0.620	0.661
IL10RB	IL12A	9606.ENSP00000290200	9606.ENSP00000303231	0	0	0	0	0	0	0.650	0.073	0.661
IL10RB	IL20	9606.ENSP00000290200	9606.ENSP00000356065	0	0	0	0	0	0	0.650	0.129	0.682
IL10RB	IL13	9606.ENSP00000290200	9606.ENSP00000304915	0	0	0	0	0	0	0.650	0.357	0.765
IL10RB	IL6	9606.ENSP00000290200	9606.ENSP00000385675	0	0	0	0	0.099	0	0.650	0.677	0.889
IL10RB	STAT1	9606.ENSP00000290200	9606.ENSP00000354394	0	0	0	0	0.128	0.045	0.500	0.794	0.902
IL10RB	IL22RA2	9606.ENSP00000290200	9606.ENSP00000296980	0	0	0	0	0.061	0.236	0.500	0.780	0.910
IL10RB	IL24	9606.ENSP00000290200	9606.ENSP00000375795	0	0	0	0	0	0	0.650	0.765	0.914
IL10RB	IL19	9606.ENSP00000290200	9606.ENSP00000499459	0	0	0	0	0	0	0.650	0.810	0.930
IL10RB	IL20RA	9606.ENSP00000290200	9606.ENSP00000314976	0	0	0	0.646	0	0	0.800	0.987	0.997
IL10RB	JAK1	9606.ENSP00000290200	9606.ENSP00000499900	0	0	0	0	0.102	0.046	0.900	0.986	0.998
IL10RB	IL22	9606.ENSP00000290200	9606.ENSP00000442424	0	0	0	0	0	0.814	0.900	0.997	0.999
IL10RB	TYK2	9606.ENSP00000290200	9606.ENSP00000431885	0	0	0	0	0.109	0.046	0.900	0.994	0.999
IL11RA	IL23A	9606.ENSP00000450565	9606.ENSP00000228534	0	0	0	0	0.074	0	0.650	0.079	0.675
IL11RA	IL12B	9606.ENSP00000450565	9606.ENSP00000231228	0	0	0	0.578	0	0	0.650	0	0.650
IL11RA	IL4	9606.ENSP00000450565	9606.ENSP00000231449	0	0	0	0	0	0	0.650	0.182	0.701
IL11RA	IL27RA	9606.ENSP00000450565	9606.ENSP00000263379	0	0	0	0	0.042	0	0	0.593	0.593
IL11RA	STAT3	9606.ENSP00000450565	9606.ENSP00000264657	0	0	0	0	0	0	0	0.432	0.432
IL11RA	IL9	9606.ENSP00000450565	9606.ENSP00000274520	0	0	0	0	0	0	0.650	0.154	0.691
IL11RA	IL12A	9606.ENSP00000450565	9606.ENSP00000303231	0	0	0	0	0	0	0.650	0	0.650
IL11RA	IL13	9606.ENSP00000450565	9606.ENSP00000304915	0	0	0	0	0	0	0.650	0.571	0.843
IL11RA	IL20	9606.ENSP00000450565	9606.ENSP00000356065	0	0	0	0	0	0	0.650	0	0.650
IL11RA	IL6R	9606.ENSP00000450565	9606.ENSP00000357470	0	0	0	0.649	0.049	0	0	0.883	0.883
IL11RA	IL13RA1	9606.ENSP00000450565	9606.ENSP00000360730	0	0	0	0	0	0	0	0.843	0.843
IL11RA	IL13RA2	9606.ENSP00000450565	9606.ENSP00000361004	0	0	0	0	0	0	0	0.577	0.577
IL11RA	IL6ST	9606.ENSP00000450565	9606.ENSP00000370698	0	0	0	0.566	0.044	0	0.800	0.606	0.918
IL11RA	IL24	9606.ENSP00000450565	9606.ENSP00000375795	0	0	0	0	0	0	0.650	0.147	0.688
IL11RA	IL4R	9606.ENSP00000450565	9606.ENSP00000379111	0	0	0	0	0.049	0.048	0	0.468	0.476
IL11RA	IL6	9606.ENSP00000450565	9606.ENSP00000385675	0	0	0	0	0	0	0.650	0.755	0.910
IL11RA	TYK2	9606.ENSP00000450565	9606.ENSP00000431885	0	0	0	0	0.075	0.048	0.650	0.591	0.857
IL11RA	IL22	9606.ENSP00000450565	9606.ENSP00000442424	0	0	0	0	0	0	0.650	0.204	0.709
IL11RA	IL19	9606.ENSP00000450565	9606.ENSP00000499459	0	0	0	0	0	0	0.650	0.186	0.702
IL11RA	JAK1	9606.ENSP00000450565	9606.ENSP00000499900	0	0	0	0	0.044	0.048	0.650	0.264	0.734
IL12A	IL2RB	9606.ENSP00000303231	9606.ENSP00000216223	0	0	0	0	0.047	0	0.650	0.082	0.667
IL12A	IL23A	9606.ENSP00000303231	9606.ENSP00000228534	0	0	0	0	0.061	0	0	0.395	0.408
IL12A	IL12B	9606.ENSP00000303231	9606.ENSP00000231228	0	0	0	0	0.062	0.977	0.900	0.878	0.999
IL12A	IL9R	9606.ENSP00000303231	9606.ENSP00000244174	0	0	0	0	0	0	0.650	0	0.650
IL12A	IL12RB2	9606.ENSP00000303231	9606.ENSP00000262345	0	0	0	0	0.049	0.363	0.900	0.590	0.971
IL12A	IL27RA	9606.ENSP00000303231	9606.ENSP00000263379	0	0	0	0	0	0	0.650	0.186	0.702
IL12A	STAT3	9606.ENSP00000303231	9606.ENSP00000264657	0	0	0	0	0	0	0.500	0.158	0.561
IL12A	IL22RA1	9606.ENSP00000303231	9606.ENSP00000270800	0	0	0.229	0	0	0	0.650	0	0.718
IL12A	IL18	9606.ENSP00000303231	9606.ENSP00000280357	0	0	0	0	0	0	0.400	0.217	0.510
IL12A	IL22RA2	9606.ENSP00000303231	9606.ENSP00000296980	0	0	0	0	0	0	0.650	0	0.650
IL12A	JAK1	9606.ENSP00000303231	9606.ENSP00000499900	0	0	0	0	0	0	0.500	0.129	0.546
IL12A	IL13	9606.ENSP00000303231	9606.ENSP00000304915	0	0	0	0	0.106	0	0.400	0.228	0.550
IL12A	TYK2	9606.ENSP00000303231	9606.ENSP00000431885	0	0	0	0	0	0	0.540	0.110	0.573
IL12A	IL6	9606.ENSP00000303231	9606.ENSP00000385675	0	0	0	0	0.139	0	0.400	0.303	0.609
IL12A	IL20RA	9606.ENSP00000303231	9606.ENSP00000314976	0	0	0	0	0	0	0.650	0	0.650
IL12A	PRLR	9606.ENSP00000303231	9606.ENSP00000482954	0	0	0	0	0	0	0.650	0	0.650
IL12A	IL13RA2	9606.ENSP00000303231	9606.ENSP00000361004	0	0	0	0	0.048	0	0.650	0	0.652
IL12A	IL20RB	9606.ENSP00000303231	9606.ENSP00000328133	0	0	0	0	0.052	0	0.650	0	0.654
IL12A	IL13RA1	9606.ENSP00000303231	9606.ENSP00000360730	0	0	0	0	0	0	0.650	0.065	0.658
IL12A	IL21R	9606.ENSP00000303231	9606.ENSP00000338010	0	0	0	0	0.042	0	0.650	0.065	0.659
IL12A	IL2RA	9606.ENSP00000303231	9606.ENSP00000369293	0	0	0	0	0.042	0	0.650	0.102	0.672
IL12A	IL5RA	9606.ENSP00000303231	9606.ENSP00000412209	0	0	0	0	0.103	0	0.650	0.087	0.688
IL12A	IL6ST	9606.ENSP00000303231	9606.ENSP00000370698	0	0	0	0	0	0	0.650	0.186	0.702
IL12A	IL6R	9606.ENSP00000303231	9606.ENSP00000357470	0	0	0	0	0	0.096	0.650	0.137	0.703
IL12A	IL23R	9606.ENSP00000303231	9606.ENSP00000321345	0	0	0	0	0.045	0	0.650	0.242	0.724
IL12A	IL4R	9606.ENSP00000303231	9606.ENSP00000379111	0	0	0.241	0	0	0	0.650	0.079	0.733
IL12A	STAT1	9606.ENSP00000303231	9606.ENSP00000354394	0	0	0	0	0	0	0.700	0.202	0.750
IL12A	STAT4	9606.ENSP00000303231	9606.ENSP00000351255	0	0	0	0	0.044	0	0.700	0.267	0.771
IL12A	IL12RB1	9606.ENSP00000303231	9606.ENSP00000470788	0	0	0	0	0.048	0.599	0.900	0.406	0.974
IL12B	IL2RB	9606.ENSP00000231228	9606.ENSP00000216223	0	0	0	0	0.063	0	0.650	0.084	0.673
IL12B	IL23A	9606.ENSP00000231228	9606.ENSP00000228534	0	0	0	0	0.132	0.981	0.900	0.649	0.999
IL12B	IL9	9606.ENSP00000231228	9606.ENSP00000274520	0	0	0	0	0.129	0	0	0.351	0.411
IL12B	IL4	9606.ENSP00000231228	9606.ENSP00000231449	0	0	0	0	0.056	0	0	0.410	0.420
IL12B	IRGM	9606.ENSP00000231228	9606.ENSP00000428220	0	0	0	0	0.060	0	0	0.452	0.462
IL12B	JAK1	9606.ENSP00000231228	9606.ENSP00000499900	0	0	0	0	0.055	0	0.500	0.134	0.555
IL12B	IL13	9606.ENSP00000231228	9606.ENSP00000304915	0	0	0	0	0.058	0	0.400	0.354	0.603
IL12B	STAT3	9606.ENSP00000231228	9606.ENSP00000264657	0	0	0	0	0.099	0	0.500	0.238	0.627
IL12B	IL9R	9606.ENSP00000231228	9606.ENSP00000244174	0	0	0	0	0	0	0.650	0	0.650
IL12B	IL20RA	9606.ENSP00000231228	9606.ENSP00000314976	0	0	0	0	0	0	0.650	0	0.650
IL12B	IL22RA1	9606.ENSP00000231228	9606.ENSP00000270800	0	0	0	0	0	0	0.650	0	0.650
IL12B	IL13RA1	9606.ENSP00000231228	9606.ENSP00000360730	0	0	0	0	0	0	0.650	0.054	0.654
IL12B	IL18	9606.ENSP00000231228	9606.ENSP00000280357	0	0	0	0	0.086	0	0.400	0.427	0.658
IL12B	STAT4	9606.ENSP00000231228	9606.ENSP00000351255	0	0	0	0	0.114	0	0.500	0.296	0.660
IL12B	PRLR	9606.ENSP00000231228	9606.ENSP00000482954	0	0	0	0	0	0	0.650	0.070	0.660
IL12B	IL13RA2	9606.ENSP00000231228	9606.ENSP00000361004	0	0	0	0	0	0	0.650	0.093	0.669
IL12B	IL20RB	9606.ENSP00000231228	9606.ENSP00000328133	0	0	0	0	0.108	0	0.650	0	0.674
IL12B	IL5RA	9606.ENSP00000231228	9606.ENSP00000412209	0	0	0	0	0.092	0	0.650	0.057	0.674
IL12B	IL4R	9606.ENSP00000231228	9606.ENSP00000379111	0	0	0	0	0.067	0	0.650	0.113	0.685
IL12B	IL6	9606.ENSP00000231228	9606.ENSP00000385675	0	0	0	0	0.101	0	0.400	0.474	0.691
IL12B	IL6ST	9606.ENSP00000231228	9606.ENSP00000370698	0	0	0	0	0.079	0	0.650	0.131	0.695
IL12B	IL21R	9606.ENSP00000231228	9606.ENSP00000338010	0	0	0	0	0.126	0	0.650	0.115	0.705
IL12B	IL27RA	9606.ENSP00000231228	9606.ENSP00000263379	0	0	0	0	0.079	0	0.650	0.190	0.716
IL12B	IL22RA2	9606.ENSP00000231228	9606.ENSP00000296980	0	0	0	0	0.138	0	0.650	0.157	0.723
IL12B	IL6R	9606.ENSP00000231228	9606.ENSP00000357470	0	0	0.152	0.594	0.086	0	0.650	0.210	0.757
IL12B	TYK2	9606.ENSP00000231228	9606.ENSP00000431885	0	0	0	0	0.055	0	0.540	0.513	0.769
IL12B	IL2RA	9606.ENSP00000231228	9606.ENSP00000369293	0	0	0.267	0	0.154	0	0.650	0.300	0.828
IL12B	IL12RB2	9606.ENSP00000231228	9606.ENSP00000262345	0	0	0	0	0.106	0	0.900	0.575	0.958
IL12B	IL23R	9606.ENSP00000231228	9606.ENSP00000321345	0	0	0	0	0.118	0.926	0.650	0.464	0.986
IL12B	IL12RB1	9606.ENSP00000231228	9606.ENSP00000470788	0	0	0	0	0.044	0.929	0.900	0.798	0.998
IL12RB1	IL2RB	9606.ENSP00000470788	9606.ENSP00000216223	0	0	0	0	0.222	0	0	0.447	0.551
IL12RB1	IL23A	9606.ENSP00000470788	9606.ENSP00000228534	0	0	0	0	0	0.852	0.900	0.916	0.998
IL12RB1	IL4	9606.ENSP00000470788	9606.ENSP00000231449	0	0	0	0	0	0	0.650	0.722	0.898
IL12RB1	IL12RB2	9606.ENSP00000470788	9606.ENSP00000262345	0	0	0	0	0.082	0.228	0.900	0.999	0.999
IL12RB1	IL27RA	9606.ENSP00000470788	9606.ENSP00000263379	0	0	0	0	0.059	0.045	0.540	0.960	0.981
IL12RB1	STAT3	9606.ENSP00000470788	9606.ENSP00000264657	0	0	0	0	0.085	0.091	0.900	0.751	0.976
IL12RB1	IL9	9606.ENSP00000470788	9606.ENSP00000274520	0	0	0	0	0	0	0.650	0.378	0.773
IL12RB1	IL18	9606.ENSP00000470788	9606.ENSP00000280357	0	0	0	0	0	0	0	0.682	0.682
IL12RB1	NOD2	9606.ENSP00000470788	9606.ENSP00000300589	0	0	0	0	0.130	0	0	0.499	0.545
IL12RB1	IL13	9606.ENSP00000470788	9606.ENSP00000304915	0	0	0	0	0	0	0.650	0.496	0.816
IL12RB1	IL23R	9606.ENSP00000470788	9606.ENSP00000321345	0	0	0	0	0.102	0.852	0.900	0.998	0.999
IL12RB1	IL21R	9606.ENSP00000470788	9606.ENSP00000338010	0	0	0	0	0.343	0	0	0.685	0.784
IL12RB1	STAT4	9606.ENSP00000470788	9606.ENSP00000351255	0	0	0	0	0.077	0.091	0.900	0.900	0.990
IL12RB1	STAT1	9606.ENSP00000470788	9606.ENSP00000354394	0	0	0	0	0.137	0.091	0	0.779	0.812
IL12RB1	IL20	9606.ENSP00000470788	9606.ENSP00000356065	0	0	0	0	0	0	0.650	0	0.650
IL12RB1	IL6R	9606.ENSP00000470788	9606.ENSP00000357470	0	0	0	0	0.116	0	0	0.615	0.645
IL12RB1	IL2RA	9606.ENSP00000470788	9606.ENSP00000369293	0	0	0.217	0	0.096	0.125	0	0.686	0.779
IL12RB1	IL6ST	9606.ENSP00000470788	9606.ENSP00000370698	0	0	0	0	0	0.045	0	0.615	0.616
IL12RB1	IL24	9606.ENSP00000470788	9606.ENSP00000375795	0	0	0	0	0.042	0	0.650	0.204	0.709
IL12RB1	IL4R	9606.ENSP00000470788	9606.ENSP00000379111	0	0	0	0	0.050	0.081	0	0.676	0.692
IL12RB1	IL6	9606.ENSP00000470788	9606.ENSP00000385675	0	0	0	0	0.101	0.203	0.650	0.720	0.920
IL12RB1	IL5RA	9606.ENSP00000470788	9606.ENSP00000412209	0	0	0	0	0.048	0	0	0.491	0.494
IL12RB1	TYK2	9606.ENSP00000470788	9606.ENSP00000431885	0	0	0	0	0.106	0.095	0.900	0.997	0.999
IL12RB1	IL22	9606.ENSP00000470788	9606.ENSP00000442424	0	0	0	0	0.047	0	0.650	0.702	0.891
IL12RB1	IL19	9606.ENSP00000470788	9606.ENSP00000499459	0	0	0	0	0.044	0	0.650	0.259	0.730
IL12RB1	IL17A	9606.ENSP00000470788	9606.ENSP00000497968	0	0	0	0	0.056	0	0	0.796	0.799
IL12RB1	JAK1	9606.ENSP00000470788	9606.ENSP00000499900	0	0	0	0	0.084	0.091	0.900	0.602	0.962
IL12RB2	IL2RB	9606.ENSP00000262345	9606.ENSP00000216223	0	0	0	0	0.105	0	0	0.431	0.469
IL12RB2	IL23A	9606.ENSP00000262345	9606.ENSP00000228534	0	0	0	0	0.067	0	0.650	0.802	0.929
IL12RB2	IL4	9606.ENSP00000262345	9606.ENSP00000231449	0	0	0	0	0.048	0	0.650	0.729	0.901
IL12RB2	IL21R	9606.ENSP00000262345	9606.ENSP00000338010	0	0	0	0	0.087	0	0	0.460	0.486
IL12RB2	IL6R	9606.ENSP00000262345	9606.ENSP00000357470	0	0	0	0.562	0.056	0.091	0	0.481	0.516
IL12RB2	IL4R	9606.ENSP00000262345	9606.ENSP00000379111	0	0	0	0	0	0	0	0.522	0.522
IL12RB2	IL18	9606.ENSP00000262345	9606.ENSP00000280357	0	0	0	0	0.074	0	0	0.530	0.546
IL12RB2	IL13RA1	9606.ENSP00000262345	9606.ENSP00000360730	0	0	0	0	0.067	0	0	0.570	0.581
IL12RB2	IL23R	9606.ENSP00000262345	9606.ENSP00000321345	0	0	0	0.563	0.081	0	0	0.608	0.625
IL12RB2	IL20	9606.ENSP00000262345	9606.ENSP00000356065	0	0	0	0	0	0	0.650	0.054	0.654
IL12RB2	IL2RA	9606.ENSP00000262345	9606.ENSP00000369293	0	0	0	0	0.106	0	0	0.684	0.706
IL12RB2	IL19	9606.ENSP00000262345	9606.ENSP00000499459	0	0	0	0	0.042	0	0.650	0.219	0.715
IL12RB2	IL24	9606.ENSP00000262345	9606.ENSP00000375795	0	0	0	0	0	0	0.650	0.244	0.724
IL12RB2	IL17A	9606.ENSP00000262345	9606.ENSP00000497968	0	0	0	0	0.055	0	0	0.758	0.761
IL12RB2	IL6ST	9606.ENSP00000262345	9606.ENSP00000370698	0	0	0	0.596	0	0	0.500	0.553	0.766
IL12RB2	IL9	9606.ENSP00000262345	9606.ENSP00000274520	0	0	0	0	0.062	0	0.650	0.380	0.778
IL12RB2	IL13	9606.ENSP00000262345	9606.ENSP00000304915	0	0	0	0	0.101	0	0.650	0.479	0.821
IL12RB2	IL22	9606.ENSP00000262345	9606.ENSP00000442424	0	0	0	0	0.067	0	0.650	0.507	0.824
IL12RB2	STAT3	9606.ENSP00000262345	9606.ENSP00000264657	0	0	0	0	0.074	0	0.500	0.703	0.850
IL12RB2	JAK1	9606.ENSP00000262345	9606.ENSP00000499900	0	0	0	0	0.049	0	0.800	0.403	0.876
IL12RB2	STAT1	9606.ENSP00000262345	9606.ENSP00000354394	0	0	0	0	0.079	0	0.500	0.759	0.879
IL12RB2	IL6	9606.ENSP00000262345	9606.ENSP00000385675	0	0	0.242	0	0	0	0.650	0.805	0.943
IL12RB2	TYK2	9606.ENSP00000262345	9606.ENSP00000431885	0	0	0	0	0	0	0.900	0.946	0.994
IL12RB2	IL27RA	9606.ENSP00000262345	9606.ENSP00000263379	0	0	0	0.599	0.049	0	0.800	0.978	0.995
IL12RB2	STAT4	9606.ENSP00000262345	9606.ENSP00000351255	0	0	0	0	0.117	0.541	0.900	0.923	0.996
IL13	IL2RB	9606.ENSP00000304915	9606.ENSP00000216223	0	0	0	0	0.049	0	0.650	0.416	0.788
IL13	IL23A	9606.ENSP00000304915	9606.ENSP00000228534	0	0	0	0	0.061	0	0	0.479	0.489
IL13	IL26	9606.ENSP00000304915	9606.ENSP00000229134	0	0	0	0	0.128	0	0	0.507	0.551
IL13	IL4	9606.ENSP00000304915	9606.ENSP00000231449	0	0	0	0	0.301	0	0	0.991	0.993
IL13	IL9R	9606.ENSP00000304915	9606.ENSP00000244174	0	0	0	0	0	0	0.650	0.391	0.777
IL13	LGALS3	9606.ENSP00000304915	9606.ENSP00000254301	0	0	0	0	0	0	0	0.443	0.443
IL13	IL37	9606.ENSP00000304915	9606.ENSP00000263326	0	0	0	0	0	0	0	0.447	0.447
IL13	IL27RA	9606.ENSP00000304915	9606.ENSP00000263379	0	0	0	0	0.067	0	0.650	0.322	0.759
IL13	STAT3	9606.ENSP00000304915	9606.ENSP00000264657	0	0	0	0	0	0	0.500	0.699	0.843
IL13	IL22RA1	9606.ENSP00000304915	9606.ENSP00000270800	0	0	0	0	0	0	0.650	0.373	0.771
IL13	IL9	9606.ENSP00000304915	9606.ENSP00000274520	0	0	0	0	0.262	0	0	0.932	0.947
IL13	IL18	9606.ENSP00000304915	9606.ENSP00000280357	0	0	0	0	0	0	0.400	0.867	0.916
IL13	IL22RA2	9606.ENSP00000304915	9606.ENSP00000296980	0	0	0	0	0	0	0.650	0.211	0.712
IL13	NOD2	9606.ENSP00000304915	9606.ENSP00000300589	0	0	0	0	0	0	0	0.471	0.471
IL13	IRF5	9606.ENSP00000304915	9606.ENSP00000418037	0	0	0	0	0.051	0	0	0.435	0.440
IL13	IL24	9606.ENSP00000304915	9606.ENSP00000375795	0	0	0	0	0.042	0	0	0.448	0.448
IL13	NLRP3	9606.ENSP00000304915	9606.ENSP00000337383	0	0	0	0	0.055	0	0	0.474	0.481
IL13	PRLR	9606.ENSP00000304915	9606.ENSP00000482954	0	0	0	0	0	0	0.650	0.075	0.662
IL13	IL19	9606.ENSP00000304915	9606.ENSP00000499459	0	0	0	0	0.113	0	0	0.649	0.675
IL13	STAT4	9606.ENSP00000304915	9606.ENSP00000351255	0	0	0	0	0.042	0	0	0.690	0.690
IL13	IL20RB	9606.ENSP00000304915	9606.ENSP00000328133	0	0	0	0	0.060	0	0.650	0.178	0.705
IL13	IL20RA	9606.ENSP00000304915	9606.ENSP00000314976	0	0	0	0	0	0	0.650	0.249	0.725
IL13	IL21R	9606.ENSP00000304915	9606.ENSP00000338010	0	0	0	0	0.055	0	0.650	0.410	0.787
IL13	IL6ST	9606.ENSP00000304915	9606.ENSP00000370698	0	0	0	0	0.067	0	0.650	0.501	0.822
IL13	IL23R	9606.ENSP00000304915	9606.ENSP00000321345	0	0	0	0	0.054	0	0.650	0.530	0.830
IL13	TYK2	9606.ENSP00000304915	9606.ENSP00000431885	0	0	0	0	0	0	0.500	0.677	0.831
IL13	IL22	9606.ENSP00000304915	9606.ENSP00000442424	0	0	0	0	0.178	0	0	0.822	0.847
IL13	IL5RA	9606.ENSP00000304915	9606.ENSP00000412209	0	0	0	0	0.058	0	0.650	0.609	0.859
IL13	JAK1	9606.ENSP00000304915	9606.ENSP00000499900	0	0	0	0	0	0	0.500	0.750	0.869
IL13	STAT1	9606.ENSP00000304915	9606.ENSP00000354394	0	0	0	0	0	0	0.500	0.760	0.875
IL13	IL2RA	9606.ENSP00000304915	9606.ENSP00000369293	0	0	0	0	0.134	0	0.650	0.714	0.905
IL13	IL6R	9606.ENSP00000304915	9606.ENSP00000357470	0	0	0	0	0	0	0.650	0.782	0.920
IL13	IL17A	9606.ENSP00000304915	9606.ENSP00000497968	0	0	0	0	0.104	0	0	0.936	0.940
IL13	IL6	9606.ENSP00000304915	9606.ENSP00000385675	0	0	0	0	0.061	0	0.400	0.929	0.957
IL13	IL13RA1	9606.ENSP00000304915	9606.ENSP00000360730	0	0	0	0	0	0.982	0.900	0.999	0.999
IL13	IL4R	9606.ENSP00000304915	9606.ENSP00000379111	0	0	0	0	0	0.967	0.900	0.999	0.999
IL13	IL13RA2	9606.ENSP00000304915	9606.ENSP00000361004	0	0	0	0	0	0.983	0.900	0.998	0.999
IL13RA1	IL2RB	9606.ENSP00000360730	9606.ENSP00000216223	0	0	0	0	0	0	0	0.683	0.683
IL13RA1	IL23A	9606.ENSP00000360730	9606.ENSP00000228534	0	0	0.237	0	0	0	0.650	0.125	0.745
IL13RA1	IL4	9606.ENSP00000360730	9606.ENSP00000231449	0	0	0	0	0	0.946	0.900	0.997	0.999
IL13RA1	IL27RA	9606.ENSP00000360730	9606.ENSP00000263379	0	0	0.263	0	0.067	0	0	0.338	0.505
IL13RA1	STAT3	9606.ENSP00000360730	9606.ENSP00000264657	0	0	0	0	0.095	0	0.500	0.608	0.807
IL13RA1	IL22RA1	9606.ENSP00000360730	9606.ENSP00000270800	0	0	0.416	0	0	0	0	0.528	0.713
IL13RA1	IL9	9606.ENSP00000360730	9606.ENSP00000274520	0	0	0	0	0	0	0.650	0.400	0.781
IL13RA1	IL20RA	9606.ENSP00000360730	9606.ENSP00000314976	0	0	0.339	0	0	0	0	0.394	0.582
IL13RA1	IL21R	9606.ENSP00000360730	9606.ENSP00000338010	0	0	0	0	0	0	0	0.562	0.562
IL13RA1	STAT1	9606.ENSP00000360730	9606.ENSP00000354394	0	0	0	0	0.103	0	0.500	0.370	0.692
IL13RA1	IL20	9606.ENSP00000360730	9606.ENSP00000356065	0	0	0	0	0	0	0.650	0	0.650
IL13RA1	IL6R	9606.ENSP00000360730	9606.ENSP00000357470	0	0	0	0	0.113	0	0	0.805	0.819
IL13RA1	IL5RA	9606.ENSP00000360730	9606.ENSP00000412209	0	0	0.133	0.614	0.086	0	0	0.485	0.556
IL13RA1	IL2RA	9606.ENSP00000360730	9606.ENSP00000369293	0	0	0	0	0	0	0	0.676	0.676
IL13RA1	IL24	9606.ENSP00000360730	9606.ENSP00000375795	0	0	0	0	0	0	0.650	0.203	0.709
IL13RA1	IL22	9606.ENSP00000360730	9606.ENSP00000442424	0	0	0	0	0	0	0.650	0.339	0.758
IL13RA1	IL6ST	9606.ENSP00000360730	9606.ENSP00000370698	0	0	0	0	0.092	0	0	0.765	0.777
IL13RA1	IL6	9606.ENSP00000360730	9606.ENSP00000385675	0	0	0	0	0	0	0.650	0.400	0.781
IL13RA1	IL19	9606.ENSP00000360730	9606.ENSP00000499459	0	0	0	0	0	0	0.650	0.452	0.800
IL13RA1	IL13RA2	9606.ENSP00000360730	9606.ENSP00000361004	0	0	0	0.633	0.061	0	0	0.972	0.972
IL13RA1	JAK1	9606.ENSP00000360730	9606.ENSP00000499900	0	0	0	0	0.088	0	0.650	0.925	0.973
IL13RA1	TYK2	9606.ENSP00000360730	9606.ENSP00000431885	0	0	0	0	0.069	0.292	0.900	0.982	0.998
IL13RA1	IL4R	9606.ENSP00000360730	9606.ENSP00000379111	0	0	0.207	0	0.063	0.946	0.800	0.999	0.999
IL13RA2	IL23A	9606.ENSP00000361004	9606.ENSP00000228534	0	0	0	0	0	0	0.650	0.179	0.700
IL13RA2	IL4	9606.ENSP00000361004	9606.ENSP00000231449	0	0	0	0	0	0	0.900	0.928	0.992
IL13RA2	LGALS3	9606.ENSP00000361004	9606.ENSP00000254301	0	0	0	0	0	0.301	0	0.181	0.403
IL13RA2	IL9	9606.ENSP00000361004	9606.ENSP00000274520	0	0	0	0	0	0	0.650	0.292	0.741
IL13RA2	IL20	9606.ENSP00000361004	9606.ENSP00000356065	0	0	0.205	0	0	0	0.650	0	0.709
IL13RA2	IL6R	9606.ENSP00000361004	9606.ENSP00000357470	0	0	0	0	0	0	0	0.487	0.487
IL13RA2	IL24	9606.ENSP00000361004	9606.ENSP00000375795	0	0	0	0	0.083	0	0.650	0.228	0.730
IL13RA2	IL22	9606.ENSP00000361004	9606.ENSP00000442424	0	0	0	0	0	0	0.650	0.286	0.739
IL13RA2	TYK2	9606.ENSP00000361004	9606.ENSP00000431885	0	0	0	0	0	0	0.650	0.310	0.748
IL13RA2	IL6	9606.ENSP00000361004	9606.ENSP00000385675	0	0	0	0	0.074	0	0.650	0.606	0.861
IL13RA2	IL19	9606.ENSP00000361004	9606.ENSP00000499459	0	0	0.340	0	0.042	0	0.650	0.453	0.862
IL13RA2	JAK1	9606.ENSP00000361004	9606.ENSP00000499900	0	0	0	0	0	0.196	0.650	0.753	0.924
IL13RA2	IL4R	9606.ENSP00000361004	9606.ENSP00000379111	0	0	0	0	0	0.292	0.800	0.996	0.999
IL17A	IL2RB	9606.ENSP00000497968	9606.ENSP00000216223	0	0	0	0	0	0	0	0.638	0.638
IL17A	IL23A	9606.ENSP00000497968	9606.ENSP00000228534	0	0	0	0	0.089	0	0.400	0.867	0.920
IL17A	IL26	9606.ENSP00000497968	9606.ENSP00000229134	0	0	0	0	0.203	0	0	0.799	0.832
IL17A	IL4	9606.ENSP00000497968	9606.ENSP00000231449	0	0	0	0	0.119	0	0	0.955	0.959
IL17A	LGALS3	9606.ENSP00000497968	9606.ENSP00000254301	0	0	0	0	0	0	0	0.615	0.615
IL17A	IL37	9606.ENSP00000497968	9606.ENSP00000263326	0	0	0	0	0.056	0	0	0.545	0.552
IL17A	IL27RA	9606.ENSP00000497968	9606.ENSP00000263379	0	0	0	0	0.055	0	0	0.691	0.695
IL17A	STAT3	9606.ENSP00000497968	9606.ENSP00000264657	0	0	0	0	0	0.104	0.500	0.886	0.944
IL17A	IL22RA1	9606.ENSP00000497968	9606.ENSP00000270800	0	0	0	0	0	0	0	0.581	0.581
IL17A	IL9	9606.ENSP00000497968	9606.ENSP00000274520	0	0	0	0	0.160	0	0	0.882	0.896
IL17A	IL18	9606.ENSP00000497968	9606.ENSP00000280357	0	0	0	0	0.067	0	0	0.830	0.835
IL17A	IL22RA2	9606.ENSP00000497968	9606.ENSP00000296980	0	0	0	0	0.110	0	0	0.379	0.424
IL17A	NOD2	9606.ENSP00000497968	9606.ENSP00000300589	0	0	0	0	0	0	0	0.610	0.610
IL17A	IL23R	9606.ENSP00000497968	9606.ENSP00000321345	0	0	0	0	0.115	0	0	0.921	0.927
IL17A	NLRP3	9606.ENSP00000497968	9606.ENSP00000337383	0	0	0	0	0.052	0	0	0.608	0.612
IL17A	IL21R	9606.ENSP00000497968	9606.ENSP00000338010	0	0	0	0	0.081	0	0	0.598	0.615
IL17A	STAT4	9606.ENSP00000497968	9606.ENSP00000351255	0	0	0	0	0	0.104	0	0.764	0.779
IL17A	STAT1	9606.ENSP00000497968	9606.ENSP00000354394	0	0	0	0	0	0.104	0	0.807	0.819
IL17A	IL6R	9606.ENSP00000497968	9606.ENSP00000357470	0	0	0	0	0.060	0	0	0.623	0.630
IL17A	IL2RA	9606.ENSP00000497968	9606.ENSP00000369293	0	0	0	0	0.085	0	0	0.796	0.805
IL17A	IL6ST	9606.ENSP00000497968	9606.ENSP00000370698	0	0	0	0	0.055	0	0	0.571	0.577
IL17A	IL24	9606.ENSP00000497968	9606.ENSP00000375795	0	0	0	0	0.118	0	0	0.506	0.545
IL17A	IL4R	9606.ENSP00000497968	9606.ENSP00000379111	0	0	0	0	0.059	0	0	0.718	0.724
IL17A	RELA	9606.ENSP00000497968	9606.ENSP00000384273	0	0	0	0	0	0	0	0.496	0.496
IL17A	IL6	9606.ENSP00000497968	9606.ENSP00000385675	0	0	0	0	0.073	0	0.400	0.968	0.980
IL17A	IRF5	9606.ENSP00000497968	9606.ENSP00000418037	0	0	0	0	0	0.045	0	0.423	0.425
IL17A	TYK2	9606.ENSP00000497968	9606.ENSP00000431885	0	0	0	0	0	0	0	0.583	0.583
IL17A	IL22	9606.ENSP00000497968	9606.ENSP00000442424	0	0	0	0	0.326	0	0	0.966	0.976
IL17A	JAK1	9606.ENSP00000497968	9606.ENSP00000499900	0	0	0	0	0	0	0	0.598	0.598
IL17A	IL19	9606.ENSP00000497968	9606.ENSP00000499459	0	0	0	0	0.144	0	0	0.596	0.639
IL18	IL2RB	9606.ENSP00000280357	9606.ENSP00000216223	0	0	0	0	0.089	0	0	0.406	0.437
IL18	RIPK2	9606.ENSP00000280357	9606.ENSP00000220751	0	0	0	0	0.052	0	0	0.676	0.680
IL18	IL23A	9606.ENSP00000280357	9606.ENSP00000228534	0	0	0	0	0.087	0	0	0.447	0.473
IL18	IL4	9606.ENSP00000280357	9606.ENSP00000231449	0	0	0	0	0	0	0.400	0.836	0.897
IL18	IL37	9606.ENSP00000280357	9606.ENSP00000263326	0	0	0	0	0.042	0	0.900	0.668	0.965
IL18	STAT3	9606.ENSP00000280357	9606.ENSP00000264657	0	0	0	0	0.052	0	0.500	0.624	0.806
IL18	IL9	9606.ENSP00000280357	9606.ENSP00000274520	0	0	0	0	0	0	0	0.666	0.666
IL18	IL22RA2	9606.ENSP00000280357	9606.ENSP00000296980	0	0	0	0	0.110	0	0	0.369	0.414
IL18	IL19	9606.ENSP00000280357	9606.ENSP00000499459	0	0	0	0	0	0	0	0.419	0.418
IL18	IRF5	9606.ENSP00000280357	9606.ENSP00000418037	0	0	0	0	0.072	0	0	0.417	0.436
IL18	TYK2	9606.ENSP00000280357	9606.ENSP00000431885	0	0	0	0	0.059	0	0	0.437	0.448
IL18	IL4R	9606.ENSP00000280357	9606.ENSP00000379111	0	0	0	0	0.050	0	0	0.474	0.478
IL18	IL21R	9606.ENSP00000280357	9606.ENSP00000338010	0	0	0	0	0.109	0	0	0.440	0.479
IL18	IL20RA	9606.ENSP00000280357	9606.ENSP00000314976	0	0	0	0	0.044	0	0	0.483	0.484
IL18	JAK1	9606.ENSP00000280357	9606.ENSP00000499900	0	0	0	0	0.057	0	0	0.491	0.500
IL18	IL23R	9606.ENSP00000280357	9606.ENSP00000321345	0	0	0	0	0.087	0	0	0.476	0.501
IL18	STAT1	9606.ENSP00000280357	9606.ENSP00000354394	0	0	0	0	0.059	0	0	0.600	0.607
IL18	IL6R	9606.ENSP00000280357	9606.ENSP00000357470	0	0	0	0	0.082	0	0	0.677	0.690
IL18	IL2RA	9606.ENSP00000280357	9606.ENSP00000369293	0	0	0	0	0.109	0	0	0.684	0.706
IL18	STAT4	9606.ENSP00000280357	9606.ENSP00000351255	0	0	0	0	0.054	0	0	0.788	0.791
IL18	NOD2	9606.ENSP00000280357	9606.ENSP00000300589	0	0	0	0	0.064	0	0	0.825	0.829
IL18	IL22	9606.ENSP00000280357	9606.ENSP00000442424	0	0	0	0	0	0	0	0.837	0.837
IL18	RELA	9606.ENSP00000280357	9606.ENSP00000384273	0	0	0	0	0.047	0	0.900	0.418	0.939
IL18	NLRP3	9606.ENSP00000280357	9606.ENSP00000337383	0	0	0	0	0.062	0	0	0.945	0.946
IL18	IL6	9606.ENSP00000280357	9606.ENSP00000385675	0	0	0	0	0	0	0.400	0.953	0.970
IL19	IL2RB	9606.ENSP00000499459	9606.ENSP00000216223	0	0	0	0	0.054	0	0.650	0.170	0.701
IL19	IL26	9606.ENSP00000499459	9606.ENSP00000229134	0	0	0	0	0.127	0	0	0.887	0.897
IL19	IL4	9606.ENSP00000499459	9606.ENSP00000231449	0	0	0	0	0.117	0	0	0.660	0.687
IL19	IL9R	9606.ENSP00000499459	9606.ENSP00000244174	0	0	0	0	0.047	0	0.650	0.159	0.694
IL19	IL27RA	9606.ENSP00000499459	9606.ENSP00000263379	0	0	0	0	0	0	0.650	0.105	0.673
IL19	STAT3	9606.ENSP00000499459	9606.ENSP00000264657	0	0	0	0	0	0	0.500	0.688	0.837
IL19	IL22RA1	9606.ENSP00000499459	9606.ENSP00000270800	0	0	0	0	0	0	0.650	0.871	0.952
IL19	IL9	9606.ENSP00000499459	9606.ENSP00000274520	0	0	0	0	0.128	0	0	0.682	0.710
IL19	IL22RA2	9606.ENSP00000499459	9606.ENSP00000296980	0	0	0	0	0.049	0	0.650	0.622	0.863
IL19	IL20RA	9606.ENSP00000499459	9606.ENSP00000314976	0	0	0	0	0	0.363	0.900	0.982	0.998
IL19	IL23R	9606.ENSP00000499459	9606.ENSP00000321345	0	0	0	0	0.043	0	0.650	0.352	0.763
IL19	IL20RB	9606.ENSP00000499459	9606.ENSP00000328133	0	0	0	0	0.052	0.405	0.900	0.977	0.998
IL19	IL21R	9606.ENSP00000499459	9606.ENSP00000338010	0	0	0	0	0	0	0.650	0.253	0.727
IL19	IL20	9606.ENSP00000499459	9606.ENSP00000356065	0	0	0.092	0.887	0.186	0	0.900	0.043	0.919
IL19	IL6R	9606.ENSP00000499459	9606.ENSP00000357470	0	0	0	0	0.044	0	0.650	0.246	0.725
IL19	IL2RA	9606.ENSP00000499459	9606.ENSP00000369293	0	0	0	0	0.063	0	0.650	0.245	0.730
IL19	IL6ST	9606.ENSP00000499459	9606.ENSP00000370698	0	0	0	0	0	0	0.650	0.177	0.699
IL19	IL24	9606.ENSP00000499459	9606.ENSP00000375795	0	0.222	0	0.695	0.247	0	0.900	0.559	0.970
IL19	IL4R	9606.ENSP00000499459	9606.ENSP00000379111	0	0	0	0	0.042	0	0.650	0.546	0.834
IL19	IL6	9606.ENSP00000499459	9606.ENSP00000385675	0	0	0	0	0.083	0	0	0.571	0.589
IL19	IL5RA	9606.ENSP00000499459	9606.ENSP00000412209	0	0	0	0	0	0	0.650	0.164	0.694
IL19	IL22	9606.ENSP00000499459	9606.ENSP00000442424	0	0	0	0	0.181	0	0	0.801	0.830
IL19	PRLR	9606.ENSP00000499459	9606.ENSP00000482954	0	0	0	0	0	0	0.650	0	0.650
IL19	JAK1	9606.ENSP00000499459	9606.ENSP00000499900	0	0	0	0	0	0	0.500	0.578	0.779
IL20	IL2RB	9606.ENSP00000356065	9606.ENSP00000216223	0	0	0	0	0	0	0.650	0	0.650
IL20	IL9R	9606.ENSP00000356065	9606.ENSP00000244174	0	0	0	0	0	0	0.650	0	0.650
IL20	IL27RA	9606.ENSP00000356065	9606.ENSP00000263379	0	0	0	0	0	0	0.650	0.054	0.654
IL20	STAT3	9606.ENSP00000356065	9606.ENSP00000264657	0	0	0	0	0	0	0.500	0.082	0.521
IL20	IL22RA1	9606.ENSP00000356065	9606.ENSP00000270800	0	0	0	0	0	0.405	0.900	0.091	0.941
IL20	IL22RA2	9606.ENSP00000356065	9606.ENSP00000296980	0	0	0	0	0	0	0.650	0.065	0.658
IL20	IL20RA	9606.ENSP00000356065	9606.ENSP00000314976	0	0	0	0	0	0.946	0.900	0.262	0.995
IL20	IL23R	9606.ENSP00000356065	9606.ENSP00000321345	0	0	0	0	0	0	0.650	0.049	0.652
IL20	IL20RB	9606.ENSP00000356065	9606.ENSP00000328133	0	0	0	0	0.055	0.937	0.900	0.156	0.994
IL20	IL21R	9606.ENSP00000356065	9606.ENSP00000338010	0	0	0	0	0	0	0.650	0.046	0.651
IL20	JAK1	9606.ENSP00000356065	9606.ENSP00000499900	0	0	0	0	0	0	0.500	0.074	0.517
IL20	IL5RA	9606.ENSP00000356065	9606.ENSP00000412209	0	0	0	0	0	0	0.650	0	0.650
IL20	IL6R	9606.ENSP00000356065	9606.ENSP00000357470	0	0	0	0	0	0	0.650	0	0.650
IL20	IL4R	9606.ENSP00000356065	9606.ENSP00000379111	0	0	0	0	0	0	0.650	0	0.650
IL20	PRLR	9606.ENSP00000356065	9606.ENSP00000482954	0	0	0	0	0.049	0	0.650	0	0.652
IL20	IL6ST	9606.ENSP00000356065	9606.ENSP00000370698	0	0	0	0	0.042	0	0.650	0.054	0.655
IL20	IL2RA	9606.ENSP00000356065	9606.ENSP00000369293	0	0	0	0	0.049	0	0.650	0.062	0.660
IL20	IL24	9606.ENSP00000356065	9606.ENSP00000375795	0	0	0.114	0.776	0.210	0	0.900	0.147	0.932
IL20RA	IL2RB	9606.ENSP00000314976	9606.ENSP00000216223	0	0	0	0	0.108	0	0	0.467	0.504
IL20RA	IL23A	9606.ENSP00000314976	9606.ENSP00000228534	0	0	0.212	0	0	0	0.650	0.085	0.725
IL20RA	IL26	9606.ENSP00000314976	9606.ENSP00000229134	0	0	0.252	0	0	0	0.900	0.980	0.998
IL20RA	IL4	9606.ENSP00000314976	9606.ENSP00000231449	0	0	0	0	0	0	0.650	0.273	0.734
IL20RA	STAT3	9606.ENSP00000314976	9606.ENSP00000264657	0	0	0	0	0	0.230	0.500	0.721	0.883
IL20RA	IL22RA1	9606.ENSP00000314976	9606.ENSP00000270800	0	0	0.140	0.577	0.067	0	0	0.927	0.936
IL20RA	IL9	9606.ENSP00000314976	9606.ENSP00000274520	0	0	0	0	0	0	0.650	0.150	0.689
IL20RA	IL4R	9606.ENSP00000314976	9606.ENSP00000379111	0	0	0.284	0	0	0	0	0.320	0.493
IL20RA	IL21R	9606.ENSP00000314976	9606.ENSP00000338010	0	0	0.208	0	0	0	0	0.469	0.561
IL20RA	IL5RA	9606.ENSP00000314976	9606.ENSP00000412209	0	0	0.312	0	0	0	0	0.480	0.626
IL20RA	TYK2	9606.ENSP00000314976	9606.ENSP00000431885	0	0	0	0	0	0	0.650	0.286	0.739
IL20RA	IL6	9606.ENSP00000314976	9606.ENSP00000385675	0	0	0	0	0	0	0.650	0.323	0.752
IL20RA	STAT1	9606.ENSP00000314976	9606.ENSP00000354394	0	0	0	0	0	0	0.500	0.643	0.813
IL20RA	JAK1	9606.ENSP00000314976	9606.ENSP00000499900	0	0	0	0	0	0	0.900	0.485	0.946
IL20RA	IL22	9606.ENSP00000314976	9606.ENSP00000442424	0	0	0	0	0	0	0.650	0.866	0.951
IL20RA	IL24	9606.ENSP00000314976	9606.ENSP00000375795	0	0	0	0	0	0	0.900	0.997	0.999
IL20RA	IL20RB	9606.ENSP00000314976	9606.ENSP00000328133	0	0	0	0.580	0.085	0.946	0.800	0.989	0.999
IL20RB	IL23A	9606.ENSP00000328133	9606.ENSP00000228534	0	0	0	0	0.059	0	0.650	0.129	0.688
IL20RB	IL26	9606.ENSP00000328133	9606.ENSP00000229134	0	0	0	0	0.055	0	0	0.896	0.897
IL20RB	IL4	9606.ENSP00000328133	9606.ENSP00000231449	0	0	0	0	0	0	0.650	0.217	0.714
IL20RB	STAT3	9606.ENSP00000328133	9606.ENSP00000264657	0	0	0	0	0	0	0.500	0.604	0.793
IL20RB	IL22RA1	9606.ENSP00000328133	9606.ENSP00000270800	0	0	0	0	0.056	0.937	0.800	0.999	0.999
IL20RB	IL9	9606.ENSP00000328133	9606.ENSP00000274520	0	0	0	0	0.055	0	0.650	0.146	0.692
IL20RB	IL22RA2	9606.ENSP00000328133	9606.ENSP00000296980	0	0	0	0	0.047	0	0	0.541	0.543
IL20RB	IL2RA	9606.ENSP00000328133	9606.ENSP00000369293	0	0	0	0	0	0	0	0.455	0.455
IL20RB	STAT1	9606.ENSP00000328133	9606.ENSP00000354394	0	0	0	0	0	0	0.500	0.272	0.620
IL20RB	TYK2	9606.ENSP00000328133	9606.ENSP00000431885	0	0	0	0	0.051	0.097	0.650	0.220	0.734
IL20RB	JAK1	9606.ENSP00000328133	9606.ENSP00000499900	0	0	0	0	0.051	0.190	0.650	0.228	0.764
IL20RB	IL6	9606.ENSP00000328133	9606.ENSP00000385675	0	0	0	0	0	0	0.650	0.545	0.833
IL20RB	IL22	9606.ENSP00000328133	9606.ENSP00000442424	0	0	0	0	0.052	0	0.650	0.744	0.907
IL20RB	IL24	9606.ENSP00000328133	9606.ENSP00000375795	0	0	0	0	0	0.900	0.900	0.995	0.999
IL21R	IL2RB	9606.ENSP00000338010	9606.ENSP00000216223	0	0	0.182	0.575	0.317	0	0	0.298	0.574
IL21R	IL23A	9606.ENSP00000338010	9606.ENSP00000228534	0	0	0	0	0.115	0	0.650	0.250	0.747
IL21R	IL4	9606.ENSP00000338010	9606.ENSP00000231449	0	0	0	0	0.045	0	0.650	0.940	0.978
IL21R	IL9R	9606.ENSP00000338010	9606.ENSP00000244174	0	0.003	0	0.567	0.047	0	0	0.456	0.459
IL21R	IL27RA	9606.ENSP00000338010	9606.ENSP00000263379	0	0	0	0	0.099	0	0	0.414	0.449
IL21R	STAT3	9606.ENSP00000338010	9606.ENSP00000264657	0	0	0	0	0.057	0	0.900	0.816	0.981
IL21R	IL9	9606.ENSP00000338010	9606.ENSP00000274520	0	0	0	0	0.044	0	0.650	0.792	0.924
IL21R	IL23R	9606.ENSP00000338010	9606.ENSP00000321345	0	0	0	0	0.107	0	0	0.574	0.604
IL21R	IL5RA	9606.ENSP00000338010	9606.ENSP00000412209	0	0	0.301	0	0	0	0	0.204	0.420
IL21R	IL6R	9606.ENSP00000338010	9606.ENSP00000357470	0	0	0	0	0.075	0	0	0.530	0.547
IL21R	TYK2	9606.ENSP00000338010	9606.ENSP00000431885	0	0	0	0	0	0	0.650	0.270	0.733
IL21R	IL24	9606.ENSP00000338010	9606.ENSP00000375795	0	0	0	0	0.072	0	0.650	0.276	0.744
IL21R	STAT4	9606.ENSP00000338010	9606.ENSP00000351255	0	0	0	0	0.136	0	0.500	0.458	0.745
IL21R	IL4R	9606.ENSP00000338010	9606.ENSP00000379111	0	0.414	0.205	0.559	0.075	0	0	0.552	0.781
IL21R	IL22	9606.ENSP00000338010	9606.ENSP00000442424	0	0	0	0	0.057	0	0.650	0.507	0.823
IL21R	STAT1	9606.ENSP00000338010	9606.ENSP00000354394	0	0	0	0	0.100	0	0.500	0.660	0.833
IL21R	IL2RA	9606.ENSP00000338010	9606.ENSP00000369293	0	0	0	0	0.218	0	0	0.796	0.833
IL21R	IL6	9606.ENSP00000338010	9606.ENSP00000385675	0	0	0	0	0.106	0	0.650	0.793	0.929
IL21R	JAK1	9606.ENSP00000338010	9606.ENSP00000499900	0	0	0	0	0	0.292	0.900	0.768	0.982
IL22	IL2RB	9606.ENSP00000442424	9606.ENSP00000216223	0	0	0	0	0.049	0	0.650	0.535	0.831
IL22	IL23A	9606.ENSP00000442424	9606.ENSP00000228534	0	0	0	0	0.061	0	0	0.890	0.892
IL22	IL26	9606.ENSP00000442424	9606.ENSP00000229134	0	0	0	0	0.338	0	0	0.830	0.883
IL22	IL4	9606.ENSP00000442424	9606.ENSP00000231449	0	0	0	0	0.181	0	0	0.826	0.851
IL22	IL9R	9606.ENSP00000442424	9606.ENSP00000244174	0	0	0	0	0.042	0	0.650	0.310	0.748
IL22	IL37	9606.ENSP00000442424	9606.ENSP00000263326	0	0	0	0	0	0	0	0.447	0.447
IL22	IL27RA	9606.ENSP00000442424	9606.ENSP00000263379	0	0	0	0	0	0	0.650	0.368	0.769
IL22	STAT3	9606.ENSP00000442424	9606.ENSP00000264657	0	0	0	0	0	0	0.500	0.858	0.926
IL22	IL22RA1	9606.ENSP00000442424	9606.ENSP00000270800	0	0	0	0	0	0.986	0.900	0.998	0.999
IL22	IL9	9606.ENSP00000442424	9606.ENSP00000274520	0	0	0	0	0.401	0	0	0.786	0.866
IL22	IL22RA2	9606.ENSP00000442424	9606.ENSP00000296980	0	0	0	0	0.061	0.892	0.900	0.969	0.999
IL22	NOD2	9606.ENSP00000442424	9606.ENSP00000300589	0	0	0	0	0.042	0.211	0	0.570	0.647
IL22	IL23R	9606.ENSP00000442424	9606.ENSP00000321345	0	0	0	0	0.088	0	0.650	0.848	0.947
IL22	NLRP3	9606.ENSP00000442424	9606.ENSP00000337383	0	0	0	0	0.044	0	0	0.472	0.473
IL22	STAT4	9606.ENSP00000442424	9606.ENSP00000351255	0	0	0	0	0.042	0	0	0.541	0.541
IL22	STAT1	9606.ENSP00000442424	9606.ENSP00000354394	0	0	0	0	0	0	0	0.757	0.757
IL22	IL6R	9606.ENSP00000442424	9606.ENSP00000357470	0	0	0	0	0	0	0.650	0.480	0.810
IL22	IL2RA	9606.ENSP00000442424	9606.ENSP00000369293	0	0	0	0	0.110	0	0.650	0.475	0.822
IL22	IL6ST	9606.ENSP00000442424	9606.ENSP00000370698	0	0	0	0	0	0	0.650	0.299	0.744
IL22	IL24	9606.ENSP00000442424	9606.ENSP00000375795	0	0	0	0	0.138	0	0	0.838	0.855
IL22	IL4R	9606.ENSP00000442424	9606.ENSP00000379111	0	0	0	0	0	0	0.650	0.484	0.811
IL22	IL6	9606.ENSP00000442424	9606.ENSP00000385675	0	0	0	0	0.065	0	0	0.859	0.863
IL22	IL5RA	9606.ENSP00000442424	9606.ENSP00000412209	0	0	0	0	0.047	0	0.650	0.251	0.728
IL22	TYK2	9606.ENSP00000442424	9606.ENSP00000431885	0	0	0	0	0	0	0.500	0.591	0.786
IL22	PRLR	9606.ENSP00000442424	9606.ENSP00000482954	0	0	0	0	0	0	0.650	0.055	0.655
IL22	JAK1	9606.ENSP00000442424	9606.ENSP00000499900	0	0	0	0	0	0	0.500	0.577	0.779
IL22RA1	IL2RB	9606.ENSP00000270800	9606.ENSP00000216223	0	0	0.257	0	0	0	0	0.486	0.601
IL22RA1	IL23A	9606.ENSP00000270800	9606.ENSP00000228534	0	0	0.243	0	0	0	0.650	0.321	0.804
IL22RA1	IL26	9606.ENSP00000270800	9606.ENSP00000229134	0	0	0	0	0	0	0	0.921	0.921
IL22RA1	IL4	9606.ENSP00000270800	9606.ENSP00000231449	0	0	0	0	0	0	0.650	0.370	0.770
IL22RA1	IL27RA	9606.ENSP00000270800	9606.ENSP00000263379	0	0	0.336	0	0	0	0	0.234	0.470
IL22RA1	STAT3	9606.ENSP00000270800	9606.ENSP00000264657	0	0	0	0	0	0.440	0.500	0.820	0.945
IL22RA1	IL23R	9606.ENSP00000270800	9606.ENSP00000321345	0	0	0	0	0	0	0	0.419	0.418
IL22RA1	IL4R	9606.ENSP00000270800	9606.ENSP00000379111	0	0	0.285	0	0.042	0	0	0.300	0.478
IL22RA1	STAT1	9606.ENSP00000270800	9606.ENSP00000354394	0	0	0	0	0	0	0	0.738	0.738
IL22RA1	IL9	9606.ENSP00000270800	9606.ENSP00000274520	0	0	0	0	0	0	0.650	0.336	0.757
IL22RA1	IL6	9606.ENSP00000270800	9606.ENSP00000385675	0	0	0	0	0	0	0.650	0.448	0.798
IL22RA1	IL22RA2	9606.ENSP00000270800	9606.ENSP00000296980	0	0	0.096	0.680	0	0.236	0.500	0.545	0.821
IL22RA1	TYK2	9606.ENSP00000270800	9606.ENSP00000431885	0	0	0	0	0	0	0.650	0.801	0.927
IL22RA1	JAK1	9606.ENSP00000270800	9606.ENSP00000499900	0	0	0	0	0	0	0.900	0.869	0.986
IL22RA1	IL24	9606.ENSP00000270800	9606.ENSP00000375795	0	0	0	0	0	0.900	0.900	0.966	0.999
IL22RA2	IL23A	9606.ENSP00000296980	9606.ENSP00000228534	0	0	0	0	0.087	0	0.650	0.160	0.708
IL22RA2	IL26	9606.ENSP00000296980	9606.ENSP00000229134	0	0	0	0	0.083	0	0	0.626	0.642
IL22RA2	IL4	9606.ENSP00000296980	9606.ENSP00000231449	0	0	0	0	0.042	0	0.650	0.215	0.713
IL22RA2	STAT3	9606.ENSP00000296980	9606.ENSP00000264657	0	0	0	0	0.057	0.194	0	0.576	0.649
IL22RA2	IL9	9606.ENSP00000296980	9606.ENSP00000274520	0	0	0	0	0.049	0	0.650	0.220	0.717
IL22RA2	IL5RA	9606.ENSP00000296980	9606.ENSP00000412209	0	0	0.240	0	0.082	0	0	0.262	0.441
IL22RA2	STAT1	9606.ENSP00000296980	9606.ENSP00000354394	0	0	0	0	0.098	0	0	0.481	0.511
IL22RA2	JAK1	9606.ENSP00000296980	9606.ENSP00000499900	0	0	0	0	0.062	0	0.650	0.201	0.714
IL22RA2	IL6	9606.ENSP00000296980	9606.ENSP00000385675	0	0	0	0	0.087	0	0.650	0.288	0.752
IL22RA2	TYK2	9606.ENSP00000296980	9606.ENSP00000431885	0	0	0	0	0.082	0	0.650	0.306	0.757
IL22RA2	IL24	9606.ENSP00000296980	9606.ENSP00000375795	0	0	0	0	0.042	0	0.650	0.611	0.858
IL23A	IL2RB	9606.ENSP00000228534	9606.ENSP00000216223	0	0	0	0	0.064	0	0.650	0.068	0.668
IL23A	NOD2	9606.ENSP00000228534	9606.ENSP00000300589	0	0	0	0	0.084	0	0	0.399	0.425
IL23A	STAT1	9606.ENSP00000228534	9606.ENSP00000354394	0	0	0	0	0.058	0	0	0.420	0.430
IL23A	PRLR	9606.ENSP00000228534	9606.ENSP00000482954	0	0	0	0	0	0	0.650	0	0.650
IL23A	IL9R	9606.ENSP00000228534	9606.ENSP00000244174	0	0	0	0	0.062	0	0.650	0.085	0.673
IL23A	IL5RA	9606.ENSP00000228534	9606.ENSP00000412209	0	0	0	0	0.085	0	0.650	0.069	0.676
IL23A	IL2RA	9606.ENSP00000228534	9606.ENSP00000369293	0	0	0	0	0.072	0	0.650	0.181	0.710
IL23A	IL4	9606.ENSP00000228534	9606.ENSP00000231449	0	0	0	0	0.067	0	0	0.725	0.732
IL23A	STAT3	9606.ENSP00000228534	9606.ENSP00000264657	0	0	0	0	0.058	0	0.500	0.513	0.750
IL23A	IL6R	9606.ENSP00000228534	9606.ENSP00000357470	0	0	0	0	0	0	0.650	0.386	0.776
IL23A	IL4R	9606.ENSP00000228534	9606.ENSP00000379111	0	0	0.244	0	0.072	0	0.650	0.223	0.783
IL23A	IL27RA	9606.ENSP00000228534	9606.ENSP00000263379	0	0	0	0	0.085	0	0.650	0.419	0.797
IL23A	STAT4	9606.ENSP00000228534	9606.ENSP00000351255	0	0	0	0	0.099	0	0.500	0.599	0.803
IL23A	IL6ST	9606.ENSP00000228534	9606.ENSP00000370698	0	0	0	0	0.060	0	0.650	0.458	0.806
IL23A	IL6	9606.ENSP00000228534	9606.ENSP00000385675	0	0	0	0	0.083	0	0.400	0.764	0.858
IL23A	TYK2	9606.ENSP00000228534	9606.ENSP00000431885	0	0	0	0	0	0	0.900	0.399	0.937
IL23A	IL23R	9606.ENSP00000228534	9606.ENSP00000321345	0	0	0	0	0.093	0.958	0.900	0.905	0.999
IL23R	IL26	9606.ENSP00000321345	9606.ENSP00000229134	0	0	0	0	0.110	0	0	0.734	0.753
IL23R	IL4	9606.ENSP00000321345	9606.ENSP00000231449	0	0	0	0	0.058	0	0.650	0.747	0.909
IL23R	IL27RA	9606.ENSP00000321345	9606.ENSP00000263379	0	0	0	0	0.062	0	0.540	0.545	0.786
IL23R	STAT3	9606.ENSP00000321345	9606.ENSP00000264657	0	0	0	0	0.086	0	0.900	0.802	0.980
IL23R	IL9	9606.ENSP00000321345	9606.ENSP00000274520	0	0	0	0	0.104	0	0.650	0.476	0.821
IL23R	NOD2	9606.ENSP00000321345	9606.ENSP00000300589	0	0	0	0	0.086	0	0	0.905	0.909
IL23R	IRF5	9606.ENSP00000321345	9606.ENSP00000418037	0	0	0	0	0.057	0.065	0	0.392	0.417
IL23R	STAT1	9606.ENSP00000321345	9606.ENSP00000354394	0	0	0	0	0.106	0	0	0.479	0.514
IL23R	IL4R	9606.ENSP00000321345	9606.ENSP00000379111	0	0	0	0	0.069	0	0	0.565	0.577
IL23R	IL2RA	9606.ENSP00000321345	9606.ENSP00000369293	0	0	0	0	0.104	0	0	0.614	0.639
IL23R	IL6ST	9606.ENSP00000321345	9606.ENSP00000370698	0	0	0	0.559	0.062	0	0	0.645	0.653
IL23R	IRGM	9606.ENSP00000321345	9606.ENSP00000428220	0	0	0	0	0.062	0	0	0.647	0.655
IL23R	IL24	9606.ENSP00000321345	9606.ENSP00000375795	0	0	0	0	0.042	0	0.650	0.290	0.741
IL23R	JAK1	9606.ENSP00000321345	9606.ENSP00000499900	0	0	0	0	0.067	0	0.650	0.400	0.786
IL23R	IL6R	9606.ENSP00000321345	9606.ENSP00000357470	0	0	0	0	0.067	0	0.400	0.670	0.799
IL23R	STAT4	9606.ENSP00000321345	9606.ENSP00000351255	0	0	0	0	0.085	0	0.500	0.822	0.911
IL23R	IL6	9606.ENSP00000321345	9606.ENSP00000385675	0	0	0.240	0	0.089	0	0.650	0.763	0.934
IL23R	TYK2	9606.ENSP00000321345	9606.ENSP00000431885	0	0	0	0	0.086	0	0.800	0.895	0.979
IL24	IL2RB	9606.ENSP00000375795	9606.ENSP00000216223	0	0	0	0	0.098	0	0.650	0.247	0.741
IL24	IL26	9606.ENSP00000375795	9606.ENSP00000229134	0	0	0	0	0.060	0	0	0.824	0.827
IL24	IL4	9606.ENSP00000375795	9606.ENSP00000231449	0	0	0	0	0.086	0	0	0.479	0.503
IL24	IL9R	9606.ENSP00000375795	9606.ENSP00000244174	0	0	0	0	0.062	0	0.650	0.180	0.707
IL24	IL27RA	9606.ENSP00000375795	9606.ENSP00000263379	0	0	0	0	0.063	0	0.650	0.224	0.723
IL24	STAT3	9606.ENSP00000375795	9606.ENSP00000264657	0	0	0	0	0	0	0.500	0.677	0.831
IL24	IL9	9606.ENSP00000375795	9606.ENSP00000274520	0	0	0	0	0.045	0	0	0.589	0.590
IL24	STAT1	9606.ENSP00000375795	9606.ENSP00000354394	0	0	0	0	0	0	0.500	0.370	0.671
IL24	IL6R	9606.ENSP00000375795	9606.ENSP00000357470	0	0	0	0	0.068	0	0.650	0.276	0.743
IL24	IL2RA	9606.ENSP00000375795	9606.ENSP00000369293	0	0	0	0	0.082	0	0.650	0.224	0.728
IL24	IL6ST	9606.ENSP00000375795	9606.ENSP00000370698	0	0	0	0	0	0	0.650	0.146	0.688
IL24	IL6	9606.ENSP00000375795	9606.ENSP00000385675	0	0	0	0	0.181	0	0	0.543	0.610
IL24	PRLR	9606.ENSP00000375795	9606.ENSP00000482954	0	0	0	0	0	0	0.650	0	0.650
IL24	IL5RA	9606.ENSP00000375795	9606.ENSP00000412209	0	0	0	0	0	0	0.650	0.148	0.689
IL24	JAK1	9606.ENSP00000375795	9606.ENSP00000499900	0	0	0	0	0	0	0.500	0.547	0.763
IL24	IL4R	9606.ENSP00000375795	9606.ENSP00000379111	0	0	0	0	0.083	0	0.650	0.337	0.768
IL26	IRF5	9606.ENSP00000229134	9606.ENSP00000418037	0	0	0	0	0.055	0	0	0.405	0.414
IL26	IRGM	9606.ENSP00000229134	9606.ENSP00000428220	0	0	0	0	0.109	0	0	0.396	0.439
IL26	IL4	9606.ENSP00000229134	9606.ENSP00000231449	0	0	0	0	0.157	0	0	0.505	0.565
IL26	IL6	9606.ENSP00000229134	9606.ENSP00000385675	0	0	0	0	0.044	0	0	0.640	0.641
IL26	JAK1	9606.ENSP00000229134	9606.ENSP00000499900	0	0	0	0	0	0	0.500	0.400	0.687
IL26	TYK2	9606.ENSP00000229134	9606.ENSP00000431885	0	0	0	0	0	0	0.500	0.446	0.711
IL26	IL9	9606.ENSP00000229134	9606.ENSP00000274520	0	0	0	0	0.202	0	0	0.657	0.714
IL26	STAT1	9606.ENSP00000229134	9606.ENSP00000354394	0	0	0	0	0	0	0.500	0.661	0.823
IL26	STAT3	9606.ENSP00000229134	9606.ENSP00000264657	0	0	0	0	0	0	0.500	0.696	0.841
IL27RA	IL2RB	9606.ENSP00000263379	9606.ENSP00000216223	0	0	0	0	0.099	0	0	0.404	0.440
IL27RA	IL4	9606.ENSP00000263379	9606.ENSP00000231449	0	0	0	0	0	0	0.650	0.614	0.859
IL27RA	STAT4	9606.ENSP00000263379	9606.ENSP00000351255	0	0	0	0	0.060	0	0	0.446	0.456
IL27RA	IL9	9606.ENSP00000263379	9606.ENSP00000274520	0	0	0	0	0	0	0.650	0.224	0.716
IL27RA	STAT3	9606.ENSP00000263379	9606.ENSP00000264657	0	0	0	0	0.044	0	0.500	0.752	0.871
IL27RA	IL6R	9606.ENSP00000263379	9606.ENSP00000357470	0	0	0	0	0.068	0.091	0	0.888	0.897
IL27RA	TYK2	9606.ENSP00000263379	9606.ENSP00000431885	0	0	0	0	0.072	0	0.800	0.639	0.927
IL27RA	IL6	9606.ENSP00000263379	9606.ENSP00000385675	0	0	0	0	0	0	0.650	0.844	0.943
IL27RA	JAK1	9606.ENSP00000263379	9606.ENSP00000499900	0	0	0	0	0.042	0.292	0.900	0.720	0.978
IL27RA	STAT1	9606.ENSP00000263379	9606.ENSP00000354394	0	0	0	0	0.042	0.292	0.900	0.800	0.984
IL27RA	IL6ST	9606.ENSP00000263379	9606.ENSP00000370698	0	0	0	0.571	0	0.800	0.800	0.986	0.999
IL2RA	IL2RB	9606.ENSP00000369293	9606.ENSP00000216223	0	0	0	0	0.148	0.851	0.900	0.995	0.999
IL2RA	IL4	9606.ENSP00000369293	9606.ENSP00000231449	0	0	0	0	0.074	0	0.650	0.957	0.984
IL2RA	IL9R	9606.ENSP00000369293	9606.ENSP00000244174	0	0	0	0	0.044	0	0	0.448	0.450
IL2RA	STAT3	9606.ENSP00000369293	9606.ENSP00000264657	0	0	0	0	0.070	0	0	0.649	0.659
IL2RA	IL9	9606.ENSP00000369293	9606.ENSP00000274520	0	0	0	0	0.084	0	0.650	0.730	0.905
IL2RA	STAT4	9606.ENSP00000369293	9606.ENSP00000351255	0	0	0	0	0.145	0	0	0.512	0.564
IL2RA	STAT1	9606.ENSP00000369293	9606.ENSP00000354394	0	0	0	0	0.085	0	0	0.621	0.638
IL2RA	IL6R	9606.ENSP00000369293	9606.ENSP00000357470	0	0	0.384	0	0.104	0	0	0.720	0.831
IL2RA	RELA	9606.ENSP00000369293	9606.ENSP00000384273	0	0	0	0	0	0.292	0	0.258	0.452
IL2RA	IL6ST	9606.ENSP00000369293	9606.ENSP00000370698	0	0	0	0	0.076	0.165	0	0.395	0.492
IL2RA	IL5RA	9606.ENSP00000369293	9606.ENSP00000412209	0	0	0	0	0.049	0	0.400	0.546	0.718
IL2RA	IL4R	9606.ENSP00000369293	9606.ENSP00000379111	0	0	0	0	0.057	0	0	0.747	0.751
IL2RA	TYK2	9606.ENSP00000369293	9606.ENSP00000431885	0	0	0	0	0.060	0	0.650	0.420	0.792
IL2RA	IL6	9606.ENSP00000369293	9606.ENSP00000385675	0	0	0	0	0.074	0	0.650	0.869	0.953
IL2RA	JAK1	9606.ENSP00000369293	9606.ENSP00000499900	0	0	0	0	0.068	0	0.900	0.790	0.978
IL2RB	IRF5	9606.ENSP00000216223	9606.ENSP00000418037	0	0	0	0	0.121	0	0	0.446	0.493
IL2RB	STAT1	9606.ENSP00000216223	9606.ENSP00000354394	0	0	0	0	0.085	0.292	0	0.355	0.545
IL2RB	IL6ST	9606.ENSP00000216223	9606.ENSP00000370698	0	0	0	0	0.074	0	0	0.543	0.558
IL2RB	STAT4	9606.ENSP00000216223	9606.ENSP00000351255	0	0	0	0	0.344	0	0	0.428	0.609
IL2RB	IL6R	9606.ENSP00000216223	9606.ENSP00000357470	0	0	0	0	0.064	0	0	0.619	0.628
IL2RB	TYK2	9606.ENSP00000216223	9606.ENSP00000431885	0	0	0	0	0.074	0	0.650	0.301	0.754
IL2RB	IL4R	9606.ENSP00000216223	9606.ENSP00000379111	0	0	0.212	0	0.072	0	0	0.774	0.820
IL2RB	IL9	9606.ENSP00000216223	9606.ENSP00000274520	0	0	0	0	0.043	0	0.650	0.554	0.837
IL2RB	IL5RA	9606.ENSP00000216223	9606.ENSP00000412209	0	0	0.232	0	0.044	0	0.400	0.703	0.851
IL2RB	IL6	9606.ENSP00000216223	9606.ENSP00000385675	0	0	0	0	0.056	0	0.650	0.608	0.859
IL2RB	STAT3	9606.ENSP00000216223	9606.ENSP00000264657	0	0	0	0	0.047	0.292	0.500	0.663	0.871
IL2RB	IL4	9606.ENSP00000216223	9606.ENSP00000231449	0	0	0	0	0.060	0	0.650	0.767	0.916
IL2RB	JAK1	9606.ENSP00000216223	9606.ENSP00000499900	0	0	0	0	0.126	0.833	0.900	0.928	0.998
IL37	IL4	9606.ENSP00000263326	9606.ENSP00000231449	0	0	0	0	0.044	0	0	0.475	0.476
IL37	NLRP3	9606.ENSP00000263326	9606.ENSP00000337383	0	0	0	0	0	0	0	0.435	0.435
IL37	IL6	9606.ENSP00000263326	9606.ENSP00000385675	0	0	0	0	0.055	0	0	0.677	0.682
IL37	STAT3	9606.ENSP00000263326	9606.ENSP00000264657	0	0	0	0	0.044	0	0.500	0.400	0.688
IL4	IRGM	9606.ENSP00000231449	9606.ENSP00000428220	0	0	0	0	0.195	0	0	0.298	0.411
IL4	NOD2	9606.ENSP00000231449	9606.ENSP00000300589	0	0	0	0	0.048	0	0	0.507	0.510
IL4	LGALS3	9606.ENSP00000231449	9606.ENSP00000254301	0	0	0	0	0.053	0	0	0.506	0.512
IL4	NLRP3	9606.ENSP00000231449	9606.ENSP00000337383	0	0	0	0	0.048	0	0	0.543	0.546
IL4	IRF5	9606.ENSP00000231449	9606.ENSP00000418037	0	0	0	0	0.055	0.112	0	0.569	0.607
IL4	RELA	9606.ENSP00000231449	9606.ENSP00000384273	0	0	0	0	0	0.045	0	0.643	0.644
IL4	PRLR	9606.ENSP00000231449	9606.ENSP00000482954	0	0	0	0	0.087	0	0.650	0.125	0.695
IL4	IL6ST	9606.ENSP00000231449	9606.ENSP00000370698	0	0	0	0	0	0	0.650	0.348	0.762
IL4	STAT4	9606.ENSP00000231449	9606.ENSP00000351255	0	0	0	0	0.042	0	0	0.773	0.773
IL4	TYK2	9606.ENSP00000231449	9606.ENSP00000431885	0	0	0	0	0	0	0.500	0.705	0.846
IL4	IL9R	9606.ENSP00000231449	9606.ENSP00000244174	0	0	0	0	0.042	0	0.650	0.617	0.860
IL4	STAT1	9606.ENSP00000231449	9606.ENSP00000354394	0	0	0	0	0	0	0	0.891	0.891
IL4	IL6R	9606.ENSP00000231449	9606.ENSP00000357470	0	0	0	0	0	0	0.650	0.741	0.905
IL4	STAT3	9606.ENSP00000231449	9606.ENSP00000264657	0	0	0	0	0	0	0.500	0.848	0.920
IL4	IL5RA	9606.ENSP00000231449	9606.ENSP00000412209	0	0	0	0	0.224	0	0.650	0.802	0.941
IL4	IL6	9606.ENSP00000231449	9606.ENSP00000385675	0	0	0	0	0.044	0	0.400	0.978	0.986
IL4	IL9	9606.ENSP00000231449	9606.ENSP00000274520	0	0	0	0	0.243	0	0	0.996	0.996
IL4	JAK1	9606.ENSP00000231449	9606.ENSP00000499900	0	0	0	0	0	0	0.900	0.978	0.997
IL4	IL4R	9606.ENSP00000231449	9606.ENSP00000379111	0	0	0	0	0	0.999	0.900	0.999	0.999
IL4R	IL9R	9606.ENSP00000379111	9606.ENSP00000244174	0	0	0	0	0.048	0	0	0.507	0.510
IL4R	STAT3	9606.ENSP00000379111	9606.ENSP00000264657	0	0	0	0	0.111	0.096	0.500	0.581	0.809
IL4R	IL9	9606.ENSP00000379111	9606.ENSP00000274520	0	0	0	0	0	0	0.650	0.793	0.924
IL4R	STAT4	9606.ENSP00000379111	9606.ENSP00000351255	0	0	0	0	0.098	0.096	0	0.413	0.479
IL4R	STAT1	9606.ENSP00000379111	9606.ENSP00000354394	0	0	0	0	0.100	0.096	0.500	0.519	0.778
IL4R	IL6R	9606.ENSP00000379111	9606.ENSP00000357470	0	0	0	0	0.100	0	0	0.817	0.828
IL4R	IL5RA	9606.ENSP00000379111	9606.ENSP00000412209	0	0	0	0	0	0	0	0.763	0.763
IL4R	TYK2	9606.ENSP00000379111	9606.ENSP00000431885	0	0	0	0	0.067	0.220	0.650	0.662	0.902
IL4R	IL6	9606.ENSP00000379111	9606.ENSP00000385675	0	0	0	0	0.124	0	0.650	0.811	0.937
IL4R	JAK1	9606.ENSP00000379111	9606.ENSP00000499900	0	0	0	0	0.056	0.624	0.900	0.993	0.999
IL5RA	IL9R	9606.ENSP00000412209	9606.ENSP00000244174	0	0	0	0	0.060	0	0	0.402	0.413
IL5RA	IL9	9606.ENSP00000412209	9606.ENSP00000274520	0	0	0	0	0.089	0	0.650	0.436	0.804
IL5RA	IL6R	9606.ENSP00000412209	9606.ENSP00000357470	0	0	0	0	0.106	0	0	0.715	0.734
IL5RA	IL6ST	9606.ENSP00000412209	9606.ENSP00000370698	0	0	0	0	0	0	0	0.482	0.482
IL5RA	IL6	9606.ENSP00000412209	9606.ENSP00000385675	0	0	0	0	0	0	0.650	0.349	0.762
IL5RA	TYK2	9606.ENSP00000412209	9606.ENSP00000431885	0	0	0	0	0.062	0	0.650	0.202	0.715
IL5RA	JAK1	9606.ENSP00000412209	9606.ENSP00000499900	0	0	0	0	0.083	0.292	0.650	0.331	0.827
IL6	RIPK2	9606.ENSP00000385675	9606.ENSP00000220751	0	0	0	0	0.167	0	0	0.475	0.544
IL6	IL9R	9606.ENSP00000385675	9606.ENSP00000244174	0	0	0	0	0	0	0.650	0.236	0.721
IL6	LGALS3	9606.ENSP00000385675	9606.ENSP00000254301	0	0	0	0	0.064	0	0	0.762	0.768
IL6	STAT3	9606.ENSP00000385675	9606.ENSP00000264657	0	0	0	0	0.102	0.095	0.500	0.965	0.984
IL6	IL9	9606.ENSP00000385675	9606.ENSP00000274520	0	0	0	0	0.044	0	0	0.990	0.990
IL6	NOD2	9606.ENSP00000385675	9606.ENSP00000300589	0	0	0	0	0.097	0	0	0.793	0.805
IL6	NLRP3	9606.ENSP00000385675	9606.ENSP00000337383	0	0	0	0	0.155	0	0	0.841	0.860
IL6	STAT4	9606.ENSP00000385675	9606.ENSP00000351255	0	0	0	0	0.102	0.087	0	0.844	0.861
IL6	STAT1	9606.ENSP00000385675	9606.ENSP00000354394	0	0	0	0	0.110	0.087	0.500	0.941	0.972
IL6	IL6R	9606.ENSP00000385675	9606.ENSP00000357470	0	0	0	0	0.082	0.988	0.900	0.999	0.999
IL6	UBQLN1	9606.ENSP00000385675	9606.ENSP00000365576	0	0	0	0	0.061	0	0	0.393	0.406
IL6	IL6ST	9606.ENSP00000385675	9606.ENSP00000370698	0	0	0	0	0.060	0.982	0.900	0.997	0.999
IL6	RELA	9606.ENSP00000385675	9606.ENSP00000384273	0	0	0	0	0.108	0.292	0.900	0.816	0.986
IL6	VIM	9606.ENSP00000385675	9606.ENSP00000446007	0	0	0	0	0.124	0	0	0.447	0.495
IL6	IRF5	9606.ENSP00000385675	9606.ENSP00000418037	0	0	0	0	0.105	0	0	0.595	0.622
IL6	PRLR	9606.ENSP00000385675	9606.ENSP00000482954	0	0	0	0	0	0	0.650	0.222	0.716
IL6	TYK2	9606.ENSP00000385675	9606.ENSP00000431885	0	0	0	0	0.104	0	0.500	0.972	0.986
IL6	JAK1	9606.ENSP00000385675	9606.ENSP00000499900	0	0	0	0	0.077	0.224	0.900	0.960	0.996
IL6R	STAT3	9606.ENSP00000357470	9606.ENSP00000264657	0	0	0	0	0.131	0.292	0.900	0.902	0.993
IL6R	IL9	9606.ENSP00000357470	9606.ENSP00000274520	0	0	0	0	0	0	0.650	0.377	0.772
IL6R	STAT1	9606.ENSP00000357470	9606.ENSP00000354394	0	0	0	0	0.096	0	0.500	0.575	0.791
IL6R	TYK2	9606.ENSP00000357470	9606.ENSP00000431885	0	0	0	0	0.085	0	0.650	0.892	0.962
IL6R	JAK1	9606.ENSP00000357470	9606.ENSP00000499900	0	0	0	0	0.130	0.292	0.900	0.800	0.986
IL6R	IL6ST	9606.ENSP00000357470	9606.ENSP00000370698	0	0	0	0.563	0.079	0.950	0.900	0.988	0.999
IL6ST	STAT3	9606.ENSP00000370698	9606.ENSP00000264657	0	0	0	0	0.072	0.292	0.900	0.900	0.992
IL6ST	IL9	9606.ENSP00000370698	9606.ENSP00000274520	0	0	0	0	0	0	0.650	0.223	0.716
IL6ST	STAT4	9606.ENSP00000370698	9606.ENSP00000351255	0	0	0	0	0.042	0	0.500	0.324	0.647
IL6ST	STAT1	9606.ENSP00000370698	9606.ENSP00000354394	0	0	0	0	0.063	0.370	0.500	0.783	0.927
IL6ST	TYK2	9606.ENSP00000370698	9606.ENSP00000431885	0	0	0	0	0	0.292	0.650	0.823	0.952
IL6ST	JAK1	9606.ENSP00000370698	9606.ENSP00000499900	0	0	0	0	0.125	0.837	0.900	0.932	0.998
IL9	IL9R	9606.ENSP00000274520	9606.ENSP00000244174	0	0	0	0	0.043	0.975	0.900	0.968	0.999
IL9	STAT3	9606.ENSP00000274520	9606.ENSP00000264657	0	0	0	0	0.086	0.074	0.500	0.699	0.855
IL9	STAT4	9606.ENSP00000274520	9606.ENSP00000351255	0	0	0	0	0.056	0.074	0	0.414	0.443
IL9	TYK2	9606.ENSP00000274520	9606.ENSP00000431885	0	0	0	0	0	0	0	0.474	0.474
IL9	PRLR	9606.ENSP00000274520	9606.ENSP00000482954	0	0	0	0	0	0	0.650	0.045	0.651
IL9	STAT1	9606.ENSP00000274520	9606.ENSP00000354394	0	0	0	0	0.083	0.074	0.500	0.765	0.886
IL9	JAK1	9606.ENSP00000274520	9606.ENSP00000499900	0	0	0	0	0	0	0.500	0.939	0.968
IL9R	STAT1	9606.ENSP00000244174	9606.ENSP00000354394	0	0	0	0	0	0	0.500	0.228	0.597
IL9R	STAT3	9606.ENSP00000244174	9606.ENSP00000264657	0	0	0	0	0	0	0.500	0.251	0.609
IL9R	TYK2	9606.ENSP00000244174	9606.ENSP00000431885	0	0	0	0	0.058	0	0.650	0.146	0.693
IL9R	JAK1	9606.ENSP00000244174	9606.ENSP00000499900	0	0	0	0	0	0.292	0.900	0.264	0.943
INAVA	SGF29	9606.ENSP00000392105	9606.ENSP00000316114	0	0	0	0	0	0.444	0	0	0.444
INAVA	TRIM27	9606.ENSP00000392105	9606.ENSP00000366404	0	0	0	0	0	0.231	0	0.450	0.559
IRF5	STAT3	9606.ENSP00000418037	9606.ENSP00000264657	0	0	0	0	0.082	0	0	0.464	0.487
IRF5	NOD2	9606.ENSP00000418037	9606.ENSP00000300589	0	0	0	0	0.171	0	0	0.476	0.547
IRF5	STAT4	9606.ENSP00000418037	9606.ENSP00000351255	0	0	0	0	0.064	0	0	0.859	0.863
IRF5	STAT1	9606.ENSP00000418037	9606.ENSP00000354394	0	0	0	0	0.099	0	0.500	0.781	0.892
IRF5	RELA	9606.ENSP00000418037	9606.ENSP00000384273	0	0	0	0	0.086	0.328	0	0.390	0.593
IRF5	JAK1	9606.ENSP00000418037	9606.ENSP00000499900	0	0	0	0	0.068	0.094	0	0.384	0.435
IRF5	TYK2	9606.ENSP00000418037	9606.ENSP00000431885	0	0	0	0	0.117	0.094	0	0.810	0.834
IRGM	NOD2	9606.ENSP00000428220	9606.ENSP00000300589	0	0	0	0	0.047	0.292	0	0.861	0.898
IRGM	NLRP3	9606.ENSP00000428220	9606.ENSP00000337383	0	0	0	0	0.043	0	0	0.599	0.599
IRGM	STAT1	9606.ENSP00000428220	9606.ENSP00000354394	0	0	0	0	0.109	0	0	0.403	0.445
JAK1	STAT3	9606.ENSP00000499900	9606.ENSP00000264657	0	0	0	0	0.184	0.839	0.900	0.999	0.999
JAK1	NLRP3	9606.ENSP00000499900	9606.ENSP00000337383	0	0	0	0	0.063	0.100	0	0.365	0.417
JAK1	STAT4	9606.ENSP00000499900	9606.ENSP00000351255	0	0	0	0	0.120	0.285	0.900	0.845	0.988
JAK1	STAT1	9606.ENSP00000499900	9606.ENSP00000354394	0	0	0	0	0.091	0.875	0.900	0.999	0.999
JAK1	RELA	9606.ENSP00000499900	9606.ENSP00000384273	0	0	0	0	0.115	0.098	0	0.403	0.482
JAK1	TYK2	9606.ENSP00000499900	9606.ENSP00000431885	0	0	0.070	0.923	0.049	0.292	0.900	0.983	0.998
JAK1	PRLR	9606.ENSP00000499900	9606.ENSP00000482954	0	0	0	0	0	0.065	0.800	0.485	0.895
LGALS3	STAT3	9606.ENSP00000254301	9606.ENSP00000264657	0	0	0	0	0.055	0	0	0.440	0.449
LGALS3	VIM	9606.ENSP00000254301	9606.ENSP00000446007	0	0	0	0	0.150	0.292	0	0.661	0.778
NLRP3	RIPK2	9606.ENSP00000337383	9606.ENSP00000220751	0	0	0	0	0.070	0.100	0	0.848	0.861
NLRP3	STAT3	9606.ENSP00000337383	9606.ENSP00000264657	0	0	0	0	0.047	0.045	0	0.553	0.558
NLRP3	NOD2	9606.ENSP00000337383	9606.ENSP00000300589	0	0	0	0.571	0.162	0	0	0.621	0.669
NLRP3	STAT1	9606.ENSP00000337383	9606.ENSP00000354394	0	0	0	0	0.062	0.045	0	0.517	0.530
NLRP3	RELA	9606.ENSP00000337383	9606.ENSP00000384273	0	0	0	0	0.049	0.099	0.900	0.353	0.937
NOD2	RIPK2	9606.ENSP00000300589	9606.ENSP00000220751	0	0	0	0	0.134	0.883	0.900	0.999	0.999
NOD2	STAT3	9606.ENSP00000300589	9606.ENSP00000264657	0	0	0	0	0.100	0	0	0.478	0.510
NOD2	STAT1	9606.ENSP00000300589	9606.ENSP00000354394	0	0	0	0	0.146	0	0	0.435	0.496
NOD2	TRIM27	9606.ENSP00000300589	9606.ENSP00000366404	0	0	0	0	0.058	0.311	0	0.381	0.563
NOD2	RELA	9606.ENSP00000300589	9606.ENSP00000384273	0	0	0	0	0.112	0.331	0	0.370	0.594
NOD2	VIM	9606.ENSP00000300589	9606.ENSP00000446007	0	0	0	0	0.099	0.625	0	0.085	0.663
OPTN	RB1CC1	9606.ENSP00000368022	9606.ENSP00000025008	0	0	0	0	0.074	0.926	0	0.583	0.969
OPTN	VCP	9606.ENSP00000368022	9606.ENSP00000351777	0	0	0	0	0.047	0.213	0	0.762	0.805
OPTN	UBQLN1	9606.ENSP00000368022	9606.ENSP00000365576	0	0	0	0	0.086	0.365	0	0.595	0.744
PRLR	STAT3	9606.ENSP00000482954	9606.ENSP00000264657	0	0	0	0	0	0.091	0.500	0.352	0.679
PRLR	STAT1	9606.ENSP00000482954	9606.ENSP00000354394	0	0	0	0	0	0.091	0.500	0.444	0.725
PRLR	TYK2	9606.ENSP00000482954	9606.ENSP00000431885	0	0	0	0	0	0.065	0.650	0.195	0.713
RAB33A	RAB33B	9606.ENSP00000257017	9606.ENSP00000306496	0	0	0.063	0.954	0	0.584	0.750	0.084	0.898
RAB33B	RB1CC1	9606.ENSP00000306496	9606.ENSP00000025008	0	0	0	0	0.098	0	0	0.390	0.426
RB1CC1	TRIM27	9606.ENSP00000025008	9606.ENSP00000366404	0	0	0	0	0	0.143	0	0.354	0.422
RELA	RIPK2	9606.ENSP00000384273	9606.ENSP00000220751	0	0	0	0	0.135	0.098	0	0.582	0.646
RELA	TRIM28	9606.ENSP00000384273	9606.ENSP00000253024	0	0	0	0	0.189	0.071	0	0.344	0.462
RELA	STAT3	9606.ENSP00000384273	9606.ENSP00000264657	0	0	0	0	0.171	0.793	0	0.959	0.992
RELA	STAT1	9606.ENSP00000384273	9606.ENSP00000354394	0	0	0	0	0.118	0.411	0	0.760	0.864
RELA	TYK2	9606.ENSP00000384273	9606.ENSP00000431885	0	0	0	0	0.157	0.098	0	0.312	0.431
RIPK2	STAT1	9606.ENSP00000220751	9606.ENSP00000354394	0	0	0	0	0.160	0.096	0	0.327	0.444
SGTA	UBQLN1	9606.ENSP00000221566	9606.ENSP00000365576	0	0	0	0	0.157	0.109	0	0.348	0.468
SGTA	VCP	9606.ENSP00000221566	9606.ENSP00000351777	0	0	0	0	0.096	0.076	0	0.450	0.500
STAT1	TRIM28	9606.ENSP00000354394	9606.ENSP00000253024	0	0	0	0	0.047	0.510	0	0.234	0.611
STAT1	STAT3	9606.ENSP00000354394	9606.ENSP00000264657	0	0	0.064	0.947	0.192	0.874	0.900	0.982	0.999
STAT1	STAT4	9606.ENSP00000354394	9606.ENSP00000351255	0	0	0.066	0.943	0.081	0.535	0.900	0.888	0.994
STAT1	VIM	9606.ENSP00000354394	9606.ENSP00000446007	0	0	0	0	0.088	0	0.400	0.266	0.564
STAT1	TYK2	9606.ENSP00000354394	9606.ENSP00000431885	0	0	0	0	0.093	0.472	0.900	0.953	0.997
STAT3	TRIM28	9606.ENSP00000264657	9606.ENSP00000253024	0	0	0	0	0.061	0.292	0	0.301	0.494
STAT3	VIM	9606.ENSP00000264657	9606.ENSP00000446007	0	0	0	0	0.076	0	0.500	0.653	0.826
STAT3	STAT4	9606.ENSP00000264657	9606.ENSP00000351255	0	0	0.063	0.933	0.069	0	0.900	0.735	0.973
STAT3	TYK2	9606.ENSP00000264657	9606.ENSP00000431885	0	0	0	0	0.107	0.285	0.900	0.959	0.997
STAT4	TYK2	9606.ENSP00000351255	9606.ENSP00000431885	0	0	0	0	0.065	0.285	0.650	0.900	0.973
TRIM27	TRIM28	9606.ENSP00000366404	9606.ENSP00000253024	0	0	0	0	0.127	0	0	0.759	0.781
UBQLN1	VCP	9606.ENSP00000365576	9606.ENSP00000351777	0	0	0	0	0.263	0.496	0	0.843	0.936
VCP	VIM	9606.ENSP00000351777	9606.ENSP00000446007	0	0	0	0	0.044	0.140	0	0.753	0.779
