Pathway identifier,Pathway name,#Entities found,#Entities total,Entities ratio,Entities pValue,Entities FDR,#Reactions found,#Reactions total,Reactions ratio,Species identifier,Species name,Submitted entities found,Mapped entities,Found reaction identifiers
R-HSA-8854691,"Interleukin-20 family signaling",19,29,0.0017913397986286984,1.1102230246251565E-16,9.43689570931383E-15,56,56,0.0034986879920029987,9606,Homo sapiens,"IL10;IL22;IL20;IL10RB;STAT1;IL26;IL10RA;STAT3;IL24;IL20RA;IL19;IL20RB;IFNLR1;TYK2;IL22RA2;IL22RA1;IFNL2;IFNL1;STAT4;IFNL3;JAK1","","R-HSA-8987150;R-HSA-8987266;R-HSA-8987141;R-HSA-8987012;R-HSA-8987015;R-HSA-8987014;R-HSA-8987270;R-HSA-8987033;R-HSA-8987161;R-HSA-448661;R-HSA-9005340;R-HSA-8987039;R-HSA-8982163;R-HSA-6784765;R-HSA-8982162;R-HSA-8982165;R-HSA-6784763;R-HSA-8987156;R-HSA-8987179;R-HSA-8987052;R-HSA-8987040;R-HSA-8987043;R-HSA-8987042;R-HSA-8987070;R-HSA-8987063;R-HSA-8987080;R-HSA-9009227;R-HSA-448708;R-HSA-8987084;R-HSA-8986446;R-HSA-8987214;R-HSA-8987202;R-HSA-8987097;R-HSA-8987096;R-HSA-8986972;R-HSA-8987230;R-HSA-8987218;R-HSA-8987220;R-HSA-8987223;R-HSA-448728;R-HSA-8986985;R-HSA-448741;R-HSA-448480;R-HSA-8987105;R-HSA-8987104;R-HSA-8987236;R-HSA-448744;R-HSA-8987129;R-HSA-8854645;R-HSA-8987132;R-HSA-8987007;R-HSA-8987120;R-HSA-8986480;R-HSA-8986995;R-HSA-8986994;R-HSA-8987255"
R-HSA-1059683,"Interleukin-6 signaling",11,17,0.0010500957440237198,1.1102230246251565E-16,9.43689570931383E-15,20,20,0.0012495314257153568,9606,Homo sapiens,"IL6;IL11RA;STAT1;STAT3;TYK2;IL6ST;IL6R;JAK1","","R-HSA-1112690;R-HSA-1112755;R-HSA-1067667;R-HSA-1112565;R-HSA-1112727;R-HSA-1067640;R-HSA-1112602;R-HSA-1112538;R-HSA-1112604;R-HSA-1067676;R-HSA-1112510;R-HSA-1067646;R-HSA-1112703;R-HSA-1112514;R-HSA-1067651;R-HSA-1112708;R-HSA-1067688;R-HSA-1067659;R-HSA-1112587;R-HSA-9681294"
R-HSA-6783589,"Interleukin-6 family signaling",13,30,0.0018531101365124468,1.1102230246251565E-16,9.43689570931383E-15,33,34,0.0021242034237161063,9606,Homo sapiens,"CNTFR;IL6;IL11RA;STAT1;STAT3;TYK2;IL6ST;IL6R;JAK1","","R-HSA-1067667;R-HSA-6783524;R-HSA-1112727;R-HSA-1112602;R-HSA-1112538;R-HSA-1112604;R-HSA-1067676;R-HSA-6783530;R-HSA-1112514;R-HSA-448660;R-HSA-1067651;R-HSA-1112708;R-HSA-6784189;R-HSA-1067659;R-HSA-1112587;R-HSA-9681294;R-HSA-1112690;R-HSA-6783556;R-HSA-449829;R-HSA-1112755;R-HSA-1112565;R-HSA-6783681;R-HSA-6783552;R-HSA-1067640;R-HSA-6784204;R-HSA-1112510;R-HSA-1067646;R-HSA-1112703;R-HSA-5696482;R-HSA-1067688;R-HSA-5696490;R-HSA-5696491;R-HSA-449976"
R-HSA-447115,"Interleukin-12 family signaling",20,96,0.0059299524368398296,1.1102230246251565E-16,9.43689570931383E-15,107,114,0.007122329126577533,9606,Homo sapiens,"IL10;STAT1;IL23R;STAT3;TYK2;PRLR;IL27RA;IFNG;IL23A;CFL1;STAT4;IL12B;IL12A;IL6ST;IL12RB1;JAK1;IL12RB2","","R-HSA-8950410;R-HSA-8950415;R-HSA-8984963;R-HSA-8950405;R-HSA-8984964;R-HSA-8950681;R-HSA-447252;R-HSA-8950426;R-HSA-8950684;R-HSA-8950173;R-HSA-8950175;R-HSA-8950423;R-HSA-8950441;R-HSA-8952749;R-HSA-8983983;R-HSA-8950190;R-HSA-8950179;R-HSA-8950181;R-HSA-8950183;R-HSA-8950456;R-HSA-8950201;R-HSA-8950716;R-HSA-8983996;R-HSA-8950718;R-HSA-8950448;R-HSA-8950453;R-HSA-8950218;R-HSA-8950732;R-HSA-8984012;R-HSA-8950733;R-HSA-8984014;R-HSA-8984001;R-HSA-8950721;R-HSA-8950210;R-HSA-8950724;R-HSA-8950213;R-HSA-6809140;R-HSA-8983519;R-HSA-8983518;R-HSA-8950480;R-HSA-8950737;R-HSA-8950225;R-HSA-8984021;R-HSA-8950740;R-HSA-8950741;R-HSA-8950485;R-HSA-8984023;R-HSA-8950766;R-HSA-8950752;R-HSA-8950757;R-HSA-1067646;R-HSA-8952807;R-HSA-8950522;R-HSA-8950778;R-HSA-8950780;R-HSA-448627;R-HSA-8950269;R-HSA-8950782;R-HSA-8950271;R-HSA-8950771;R-HSA-8950260;R-HSA-8950518;R-HSA-8952823;R-HSA-8950537;R-HSA-9617941;R-HSA-8950533;R-HSA-8983835;R-HSA-8983834;R-HSA-447130;R-HSA-8950292;R-HSA-8950057;R-HSA-8950314;R-HSA-8950575;R-HSA-8950063;R-HSA-8983841;R-HSA-8983845;R-HSA-448427;R-HSA-8950567;R-HSA-8950328;R-HSA-8950586;R-HSA-8983870;R-HSA-8950591;R-HSA-8950322;R-HSA-8950581;R-HSA-8950583;R-HSA-8950344;R-HSA-8950347;R-HSA-8983872;R-HSA-8950340;R-HSA-8983876;R-HSA-8983878;R-HSA-8950362;R-HSA-8950364;R-HSA-8950365;R-HSA-9006431;R-HSA-8950367;R-HSA-8950623;R-HSA-8981073;R-HSA-8950608;R-HSA-8950354;R-HSA-8950634;R-HSA-8950637;R-HSA-8950113;R-HSA-8981093;R-HSA-8950128;R-HSA-447226;R-HSA-8950389"
R-HSA-6785807,"Interleukin-4 and Interleukin-13 signaling",31,211,0.013033541293470875,1.1102230246251565E-16,9.43689570931383E-15,42,47,0.002936398850431088,9606,Homo sapiens,"IL10;IL4R;IL11RA;STAT1;IL23R;STAT3;IL13;IL18;TYK2;PRLR;IL4;IL6;IL23A;IL12B;IL12A;VIM;IL13RA2;IL6R;JAK1;IL13RA1;IL17A","","R-HSA-6785895;R-HSA-6788582;R-HSA-6793958;R-HSA-6785762;R-HSA-6789615;R-HSA-6786095;R-HSA-6797293;R-HSA-6786092;R-HSA-6785898;R-HSA-6786101;R-HSA-6786293;R-HSA-6786097;R-HSA-6786096;R-HSA-6786110;R-HSA-6797245;R-HSA-449818;R-HSA-6788346;R-HSA-6790022;R-HSA-6786118;R-HSA-6786114;R-HSA-6786050;R-HSA-6788623;R-HSA-6788622;R-HSA-6789325;R-HSA-6790029;R-HSA-6786124;R-HSA-6786058;R-HSA-6790025;R-HSA-6789960;R-HSA-6797271;R-HSA-6786070;R-HSA-6790038;R-HSA-6797269;R-HSA-6788628;R-HSA-6797268;R-HSA-6789524;R-HSA-6790036;R-HSA-6797267;R-HSA-6785821;R-HSA-6788571;R-HSA-6790041;R-HSA-6786072"
R-HSA-449147,"Signaling by Interleukins",75,646,0.03990363827290135,1.1102230246251565E-16,9.43689570931383E-15,361,505,0.031550668499312755,9606,Homo sapiens,"IL22;CNTFR;IL20;CSF2;IL26;IL23R;IL24;IL5RA;IL27RA;CFL1;IL12B;IL12A;BTRC;IL13RA2;IL6R;JAK1;IL13RA1;IL10;IL4R;IL11RA;RIPK2;IL13;IL18;IL19;TYK2;PRLR;IFNG;IL23A;IL6ST;IL9R;IL20RA;IL20RB;NOD2;RELA;IL22RA2;IFNL2;IFNL1;IL21R;STAT4;IL12RB1;IFNL3;IL12RB2;IL37;STAT1;IL10RB;IL10RA;STAT3;IFNLR1;IL4;IL22RA1;IL6;IL2RA;IL9;IL2RB;VIM;IL17A","","R-HSA-450054;R-HSA-8950410;R-HSA-452100;R-HSA-452097;R-HSA-8950415;R-HSA-450063;R-HSA-1112602;R-HSA-452108;R-HSA-8987266;R-HSA-1112604;R-HSA-8950405;R-HSA-8987270;R-HSA-8950426;R-HSA-8982163;R-HSA-8982162;R-HSA-1112587;R-HSA-8982165;R-HSA-452122;R-HSA-913424;R-HSA-8963734;R-HSA-8950423;R-HSA-6786118;R-HSA-8950441;R-HSA-6783556;R-HSA-449058;R-HSA-6786114;R-HSA-913451;R-HSA-6783552;R-HSA-6786124;R-HSA-8937656;R-HSA-8950456;R-HSA-8950448;R-HSA-8950453;R-HSA-913456;R-HSA-8937654;R-HSA-6783524;R-HSA-6786095;R-HSA-6786092;R-HSA-5684250;R-HSA-6783530;R-HSA-921155;R-HSA-5684248;R-HSA-6786101;R-HSA-6809140;R-HSA-6786097;R-HSA-6786096;R-HSA-8950480;R-HSA-6786110;R-HSA-9630923;R-HSA-8950485;R-HSA-449115;R-HSA-6784006;R-HSA-1112690;R-HSA-6786050;R-HSA-1067640;R-HSA-6788623;R-HSA-6788622;R-HSA-6786058;R-HSA-1067646;R-HSA-1112703;R-HSA-6785047;R-HSA-6786070;R-HSA-8950522;R-HSA-6788628;R-HSA-448627;R-HSA-9006844;R-HSA-9008894;R-HSA-914036;R-HSA-8950518;R-HSA-9773803;R-HSA-9009910;R-HSA-6786072;R-HSA-6793958;R-HSA-912527;R-HSA-1067667;R-HSA-6785762;R-HSA-1112727;R-HSA-8987150;R-HSA-9617941;R-HSA-8848395;R-HSA-8987141;R-HSA-1067676;R-HSA-1295519;R-HSA-8848392;R-HSA-1295516;R-HSA-8987161;R-HSA-448660;R-HSA-6786293;R-HSA-448661;R-HSA-1067651;R-HSA-1112708;R-HSA-8983059;R-HSA-6784765;R-HSA-1067659;R-HSA-447130;R-HSA-6784763;R-HSA-8950292;R-HSA-6788346;R-HSA-8987156;R-HSA-8983063;R-HSA-8987179;R-HSA-8950314;R-HSA-1112755;R-HSA-209063;R-HSA-9008684;R-HSA-6783681;R-HSA-209061;R-HSA-1295540;R-HSA-6789325;R-HSA-6784204;R-HSA-8983077;R-HSA-9009700;R-HSA-9011748;R-HSA-8983078;R-HSA-8950328;R-HSA-9008696;R-HSA-1067688;R-HSA-448703;R-HSA-8950322;R-HSA-9008692;R-HSA-9008694;R-HSA-8950344;R-HSA-9009227;R-HSA-448708;R-HSA-8950347;R-HSA-6784160;R-HSA-8987214;R-HSA-8987202;R-HSA-8950340;R-HSA-8950362;R-HSA-1264832;R-HSA-8950364;R-HSA-8950365;R-HSA-8987230;R-HSA-8950367;R-HSA-8981073;R-HSA-8950354;R-HSA-6784189;R-HSA-8987218;R-HSA-8987220;R-HSA-8987223;R-HSA-448728;R-HSA-448741;R-HSA-168166;R-HSA-209125;R-HSA-6785165;R-HSA-8981093;R-HSA-8987236;R-HSA-448744;R-HSA-8854645;R-HSA-168184;R-HSA-447226;R-HSA-8950389;R-HSA-8987255;R-HSA-6785895;R-HSA-447246;R-HSA-8983425;R-HSA-8983424;R-HSA-8984963;R-HSA-914182;R-HSA-449803;R-HSA-8984964;R-HSA-8987012;R-HSA-6785898;R-HSA-8985988;R-HSA-8987015;R-HSA-8987014;R-HSA-8987033;R-HSA-8950681;R-HSA-447252;R-HSA-8950684;R-HSA-449811;R-HSA-9005980;R-HSA-8950173;R-HSA-8987039;R-HSA-8950175;R-HSA-449818;R-HSA-9681294;R-HSA-6784324;R-HSA-449829;R-HSA-6784323;R-HSA-8952749;R-HSA-8987052;R-HSA-8983983;R-HSA-8950190;R-HSA-450337;R-HSA-879909;R-HSA-8987040;R-HSA-8987043;R-HSA-879910;R-HSA-8987042;R-HSA-8950179;R-HSA-450346;R-HSA-8950181;R-HSA-879907;R-HSA-8950183;R-HSA-6789960;R-HSA-8950201;R-HSA-879934;R-HSA-8950716;R-HSA-8983996;R-HSA-8950718;R-HSA-879930;R-HSA-8987070;R-HSA-879925;R-HSA-9025969;R-HSA-449855;R-HSA-9009072;R-HSA-451900;R-HSA-8987063;R-HSA-8987080;R-HSA-9008587;R-HSA-8950218;R-HSA-8950732;R-HSA-8984012;R-HSA-8987084;R-HSA-8950733;R-HSA-8984014;R-HSA-8984001;R-HSA-9008577;R-HSA-8848335;R-HSA-8950721;R-HSA-8950210;R-HSA-879942;R-HSA-8950724;R-HSA-8950213;R-HSA-508247;R-HSA-8987097;R-HSA-8987096;R-HSA-8983003;R-HSA-8983519;R-HSA-8983518;R-HSA-6784319;R-HSA-9012689;R-HSA-8950737;R-HSA-8950225;R-HSA-8984021;R-HSA-8950740;R-HSA-8950741;R-HSA-8984023;R-HSA-451942;R-HSA-919404;R-HSA-8950766;R-HSA-8987105;R-HSA-8950752;R-HSA-8987104;R-HSA-8950757;R-HSA-8952807;R-HSA-6784791;R-HSA-8987129;R-HSA-8950778;R-HSA-8950780;R-HSA-8987132;R-HSA-8950269;R-HSA-8848370;R-HSA-8950782;R-HSA-8950271;R-HSA-912757;R-HSA-8987120;R-HSA-6785821;R-HSA-8950771;R-HSA-8950260;R-HSA-508282;R-HSA-8952823;R-HSA-6788582;R-HSA-8950537;R-HSA-508292;R-HSA-8983309;R-HSA-6789615;R-HSA-6797293;R-HSA-8983299;R-HSA-9006850;R-HSA-8983298;R-HSA-8983300;R-HSA-8950533;R-HSA-9006873;R-HSA-8983835;R-HSA-8983834;R-HSA-9005340;R-HSA-9006870;R-HSA-449958;R-HSA-8950057;R-HSA-8985900;R-HSA-909738;R-HSA-8950575;R-HSA-8950063;R-HSA-2730894;R-HSA-8983841;R-HSA-9008928;R-HSA-8983845;R-HSA-448427;R-HSA-1112510;R-HSA-8983335;R-HSA-8950567;R-HSA-6797271;R-HSA-6797269;R-HSA-8950586;R-HSA-6797268;R-HSA-8985914;R-HSA-6797267;R-HSA-5696482;R-HSA-8983870;R-HSA-8950591;R-HSA-9012542;R-HSA-5696490;R-HSA-6788571;R-HSA-449978;R-HSA-8950581;R-HSA-5696491;R-HSA-449976;R-HSA-8950583;R-HSA-8985929;R-HSA-8983371;R-HSA-8983373;R-HSA-9012556;R-HSA-8986446;R-HSA-8983374;R-HSA-8983872;R-HSA-1112538;R-HSA-8983876;R-HSA-8983878;R-HSA-8983384;R-HSA-1112514;R-HSA-913374;R-HSA-8986972;R-HSA-913371;R-HSA-9006431;R-HSA-913370;R-HSA-8950623;R-HSA-8950608;R-HSA-8983379;R-HSA-6797245;R-HSA-8983378;R-HSA-913360;R-HSA-8985943;R-HSA-8986985;R-HSA-6790022;R-HSA-8950634;R-HSA-1112565;R-HSA-8950637;R-HSA-448480;R-HSA-8985966;R-HSA-8950113;R-HSA-6790029;R-HSA-8983394;R-HSA-450027;R-HSA-6790025;R-HSA-453111;R-HSA-6790038;R-HSA-6789524;R-HSA-6790036;R-HSA-8985981;R-HSA-453104;R-HSA-8987007;R-HSA-8950128;R-HSA-8986480;R-HSA-8986995;R-HSA-8986994;R-HSA-8985973;R-HSA-452091;R-HSA-6790041"
R-HSA-1280215,"Cytokine Signaling in Immune system",90,1106,0.06831799369942554,1.1102230246251565E-16,9.43689570931383E-15,454,806,0.05035611645632888,9606,Homo sapiens,"IL22;CNTFR;IL20;CSF2;IFNA1;IL26;IL23R;IFNA2;IL24;IL5RA;ACTB;IL27RA;CFL1;IL12B;IL12A;BTRC;IL13RA2;IL6R;JAK1;IL13RA1;IL10;IFNAR2;IL4R;IL11RA;RIPK2;IFNGR1;IL13;IL18;IL19;TYK2;PRLR;IFNG;IL23A;IRF5;IL6ST;IL9R;IFNAR1;IL20RA;IL20RB;NOD2;RELA;IL22RA2;IFNL2;IFNL1;IL21R;STAT4;IL12RB1;IFNL3;IL12RB2;IFNB1;IL37;STAT1;IL10RB;IL10RA;STAT3;IFNLR1;IL4;IL22RA1;IL6;IL2RA;IL9;IL2RB;VIM;IL17A","","R-HSA-1369114;R-HSA-1369115;R-HSA-913424;R-HSA-6786118;R-HSA-6786114;R-HSA-913451;R-HSA-6786124;R-HSA-8937656;R-HSA-913456;R-HSA-8937654;R-HSA-6786095;R-HSA-6786092;R-HSA-5684250;R-HSA-5684248;R-HSA-976991;R-HSA-6786101;R-HSA-6786097;R-HSA-6786096;R-HSA-1364044;R-HSA-6786110;R-HSA-9630923;R-HSA-1364043;R-HSA-6784006;R-HSA-6786050;R-HSA-9705726;R-HSA-6786058;R-HSA-9833723;R-HSA-6785047;R-HSA-6786070;R-HSA-913529;R-HSA-448627;R-HSA-1170539;R-HSA-6786072;R-HSA-912527;R-HSA-8848395;R-HSA-1295519;R-HSA-8848392;R-HSA-1295516;R-HSA-448660;R-HSA-6786293;R-HSA-448661;R-HSA-6788346;R-HSA-209063;R-HSA-209061;R-HSA-1295540;R-HSA-6789325;R-HSA-6784204;R-HSA-9674808;R-HSA-448703;R-HSA-1302698;R-HSA-9009227;R-HSA-448708;R-HSA-9678935;R-HSA-6784160;R-HSA-1675473;R-HSA-1264832;R-HSA-9674816;R-HSA-6784189;R-HSA-448728;R-HSA-448741;R-HSA-168166;R-HSA-209125;R-HSA-6785165;R-HSA-448744;R-HSA-8854645;R-HSA-168184;R-HSA-909552;R-HSA-9734547;R-HSA-8984963;R-HSA-449803;R-HSA-8984964;R-HSA-8987012;R-HSA-8985988;R-HSA-8987015;R-HSA-8987014;R-HSA-8987033;R-HSA-449811;R-HSA-8950173;R-HSA-8987039;R-HSA-8950175;R-HSA-449818;R-HSA-9681294;R-HSA-912685;R-HSA-6784324;R-HSA-449829;R-HSA-6784323;R-HSA-912680;R-HSA-8987052;R-HSA-8983983;R-HSA-8950190;R-HSA-879909;R-HSA-8987040;R-HSA-8987043;R-HSA-879910;R-HSA-8987042;R-HSA-8950179;R-HSA-8950181;R-HSA-879907;R-HSA-8950183;R-HSA-8950201;R-HSA-879934;R-HSA-8983996;R-HSA-879930;R-HSA-8987070;R-HSA-879925;R-HSA-9025969;R-HSA-449855;R-HSA-451900;R-HSA-8987063;R-HSA-8987080;R-HSA-9008587;R-HSA-8950218;R-HSA-8984012;R-HSA-8987084;R-HSA-8984014;R-HSA-8984001;R-HSA-9008577;R-HSA-8950210;R-HSA-879942;R-HSA-8950213;R-HSA-9680348;R-HSA-508247;R-HSA-8987097;R-HSA-8987096;R-HSA-8983003;R-HSA-6784319;R-HSA-9012689;R-HSA-8950225;R-HSA-8984021;R-HSA-9707977;R-HSA-8984023;R-HSA-451942;R-HSA-8987105;R-HSA-8987104;R-HSA-1168767;R-HSA-8987129;R-HSA-8987132;R-HSA-8950269;R-HSA-8950271;R-HSA-5607725;R-HSA-912757;R-HSA-8987120;R-HSA-8950260;R-HSA-508282;R-HSA-5607723;R-HSA-6788582;R-HSA-508292;R-HSA-6789615;R-HSA-1370500;R-HSA-909725;R-HSA-909724;R-HSA-1168768;R-HSA-8983835;R-HSA-909726;R-HSA-8983834;R-HSA-909721;R-HSA-909720;R-HSA-9705729;R-HSA-9005340;R-HSA-909722;R-HSA-909719;R-HSA-909718;R-HSA-1370505;R-HSA-9705738;R-HSA-449958;R-HSA-8950057;R-HSA-8985900;R-HSA-909738;R-HSA-8950063;R-HSA-8983841;R-HSA-909732;R-HSA-909729;R-HSA-8983845;R-HSA-1112510;R-HSA-909730;R-HSA-873917;R-HSA-873919;R-HSA-873918;R-HSA-8985914;R-HSA-9676071;R-HSA-8983870;R-HSA-9012542;R-HSA-6788571;R-HSA-449978;R-HSA-449976;R-HSA-8985929;R-HSA-9012556;R-HSA-873924;R-HSA-8983872;R-HSA-873927;R-HSA-1112538;R-HSA-873926;R-HSA-873921;R-HSA-8983876;R-HSA-873922;R-HSA-8983878;R-HSA-1112514;R-HSA-8986972;R-HSA-9006431;R-HSA-8985943;R-HSA-8986985;R-HSA-1678841;R-HSA-1112565;R-HSA-9710963;R-HSA-8985966;R-HSA-8950113;R-HSA-450027;R-HSA-453111;R-HSA-6789524;R-HSA-8985981;R-HSA-9956706;R-HSA-453104;R-HSA-8987007;R-HSA-8950128;R-HSA-8986995;R-HSA-8986994;R-HSA-9710959;R-HSA-8985973;R-HSA-452091;R-HSA-450054;R-HSA-8950410;R-HSA-452100;R-HSA-9732753;R-HSA-452097;R-HSA-8950415;R-HSA-450063;R-HSA-1112602;R-HSA-452108;R-HSA-8987266;R-HSA-1112604;R-HSA-8950405;R-HSA-8987270;R-HSA-1671691;R-HSA-8950426;R-HSA-9732738;R-HSA-8982163;R-HSA-8982162;R-HSA-1112587;R-HSA-8982165;R-HSA-452122;R-HSA-8963734;R-HSA-1671687;R-HSA-8950423;R-HSA-8950441;R-HSA-6783556;R-HSA-449058;R-HSA-6783552;R-HSA-1031716;R-HSA-1031713;R-HSA-8950456;R-HSA-8950448;R-HSA-8950453;R-HSA-6783524;R-HSA-6783530;R-HSA-921155;R-HSA-6809140;R-HSA-8950480;R-HSA-8950485;R-HSA-449115;R-HSA-1112690;R-HSA-1067640;R-HSA-6788623;R-HSA-6788622;R-HSA-1067646;R-HSA-1112703;R-HSA-9678561;R-HSA-8950522;R-HSA-6788628;R-HSA-9006844;R-HSA-9008894;R-HSA-914036;R-HSA-8950518;R-HSA-9773803;R-HSA-9009910;R-HSA-6793958;R-HSA-1067667;R-HSA-6785762;R-HSA-1112727;R-HSA-8987150;R-HSA-9617941;R-HSA-8987141;R-HSA-1067676;R-HSA-8987161;R-HSA-1067651;R-HSA-1112708;R-HSA-9680389;R-HSA-9680388;R-HSA-8983059;R-HSA-6784765;R-HSA-1067659;R-HSA-447130;R-HSA-6784763;R-HSA-8950292;R-HSA-8987156;R-HSA-8983063;R-HSA-8987179;R-HSA-8950314;R-HSA-1112755;R-HSA-9008684;R-HSA-6783681;R-HSA-8983077;R-HSA-9009700;R-HSA-9011748;R-HSA-8983078;R-HSA-8950328;R-HSA-9008696;R-HSA-1067688;R-HSA-8950322;R-HSA-9008692;R-HSA-9008694;R-HSA-8950344;R-HSA-9689680;R-HSA-8950347;R-HSA-8987214;R-HSA-8987202;R-HSA-8950340;R-HSA-8950362;R-HSA-8950364;R-HSA-8950365;R-HSA-8987230;R-HSA-8950367;R-HSA-877269;R-HSA-8981073;R-HSA-8950354;R-HSA-8987218;R-HSA-8987220;R-HSA-8987223;R-HSA-8981093;R-HSA-877281;R-HSA-9732729;R-HSA-8987236;R-HSA-877308;R-HSA-447226;R-HSA-8950389;R-HSA-8987255;R-HSA-6785895;R-HSA-9678737;R-HSA-9730967;R-HSA-447246;R-HSA-8983425;R-HSA-8983424;R-HSA-914182;R-HSA-6785898;R-HSA-8950681;R-HSA-447252;R-HSA-982810;R-HSA-8950684;R-HSA-9005980;R-HSA-9696179;R-HSA-8952749;R-HSA-9835443;R-HSA-450337;R-HSA-450346;R-HSA-6789960;R-HSA-8950716;R-HSA-8950718;R-HSA-9009072;R-HSA-8950732;R-HSA-8950733;R-HSA-8848335;R-HSA-8950721;R-HSA-8950724;R-HSA-8983519;R-HSA-8983518;R-HSA-8950737;R-HSA-8950740;R-HSA-8950741;R-HSA-9705461;R-HSA-919404;R-HSA-8950766;R-HSA-9705458;R-HSA-8950752;R-HSA-8950757;R-HSA-9705465;R-HSA-9705466;R-HSA-8952807;R-HSA-9705467;R-HSA-6784791;R-HSA-8950778;R-HSA-8950780;R-HSA-8848370;R-HSA-8950782;R-HSA-6785821;R-HSA-8950771;R-HSA-8952823;R-HSA-8950537;R-HSA-9677585;R-HSA-8983309;R-HSA-6797293;R-HSA-8983299;R-HSA-9006850;R-HSA-8983298;R-HSA-8983300;R-HSA-8950533;R-HSA-9006873;R-HSA-9677579;R-HSA-1015702;R-HSA-1015699;R-HSA-9006870;R-HSA-9674546;R-HSA-9674550;R-HSA-8950575;R-HSA-2730894;R-HSA-9008928;R-HSA-448427;R-HSA-9674558;R-HSA-8983335;R-HSA-8950567;R-HSA-997311;R-HSA-6797271;R-HSA-997309;R-HSA-6797269;R-HSA-8950586;R-HSA-6797268;R-HSA-6797267;R-HSA-5696482;R-HSA-8950591;R-HSA-5696490;R-HSA-8950581;R-HSA-5696491;R-HSA-9674542;R-HSA-8950583;R-HSA-997326;R-HSA-8983371;R-HSA-8983373;R-HSA-8986446;R-HSA-8983374;R-HSA-997314;R-HSA-9674563;R-HSA-8983384;R-HSA-9674562;R-HSA-913374;R-HSA-9674567;R-HSA-913371;R-HSA-913370;R-HSA-8950623;R-HSA-8950608;R-HSA-8983379;R-HSA-6797245;R-HSA-8983378;R-HSA-913360;R-HSA-6790022;R-HSA-8950634;R-HSA-8950637;R-HSA-448480;R-HSA-6790029;R-HSA-8983394;R-HSA-1369080;R-HSA-6790025;R-HSA-1169406;R-HSA-6790038;R-HSA-6790036;R-HSA-8986480;R-HSA-6790041"
R-HSA-168256,"Immune System",105,2810,0.1735746494533325,1.1102230246251565E-16,9.43689570931383E-15,553,1842,0.11508184430838436,9606,Homo sapiens,"IL22;CNTFR;IL20;CSF2;IFNA1;IL26;IL23R;IFNA2;IL24;IL5RA;ACTB;IL27RA;LGALS3;CFL1;IL12B;CTLA4;IL12A;BTRC;IL13RA2;IL6R;JAK1;IL13RA1;IL10;IFNAR2;IFNA13;IL4R;IL11RA;RIPK2;IFNGR1;IL13;IL18;IL19;TYK2;PRLR;ATG12;IFNG;IL23A;IRF5;IL6ST;ATP6V0C;OPTN;IL9R;IFNAR1;VCP;IL20RA;IL20RB;NOD2;RELA;IL22RA2;IFNL2;IFNL1;STAT4;IL21R;NLRP3;IL12RB1;IFNL3;IL12RB2;ATG5;CREBBP;GSN;IFNB1;IL37;STAT1;IL10RB;IL10RA;CARD8;STAT3;IFNLR1;IL22RA1;IL4;IL6;IL2RA;IL2RB;IL9;VIM;IL17A","","R-HSA-741386;R-HSA-688136;R-HSA-688137;R-HSA-1369114;R-HSA-1369115;R-HSA-741395;R-HSA-913424;R-HSA-9860278;R-HSA-6786118;R-HSA-6786114;R-HSA-913451;R-HSA-9860273;R-HSA-741411;R-HSA-6786124;R-HSA-8937656;R-HSA-1296421;R-HSA-913456;R-HSA-8937654;R-HSA-6786095;R-HSA-6786092;R-HSA-5684250;R-HSA-6800426;R-HSA-5684248;R-HSA-976991;R-HSA-6786101;R-HSA-9860292;R-HSA-9860290;R-HSA-6800434;R-HSA-6786097;R-HSA-6786096;R-HSA-1364044;R-HSA-6786110;R-HSA-9630923;R-HSA-1364043;R-HSA-6784006;R-HSA-983147;R-HSA-6786050;R-HSA-9705726;R-HSA-983140;R-HSA-6786058;R-HSA-9833723;R-HSA-6785047;R-HSA-6786070;R-HSA-913529;R-HSA-448627;R-HSA-1170539;R-HSA-983157;R-HSA-983156;R-HSA-6786072;R-HSA-912527;R-HSA-8848395;R-HSA-1295519;R-HSA-8848392;R-HSA-1295516;R-HSA-448660;R-HSA-6786293;R-HSA-448661;R-HSA-2197690;R-HSA-6788346;R-HSA-209063;R-HSA-209061;R-HSA-1295540;R-HSA-6789325;R-HSA-6784204;R-HSA-9674808;R-HSA-448703;R-HSA-1302698;R-HSA-9009227;R-HSA-448708;R-HSA-9678935;R-HSA-6784160;R-HSA-1675473;R-HSA-168140;R-HSA-1264832;R-HSA-9674816;R-HSA-6784189;R-HSA-448728;R-HSA-448741;R-HSA-168166;R-HSA-442592;R-HSA-209125;R-HSA-1168633;R-HSA-6785165;R-HSA-448744;R-HSA-1306876;R-HSA-1168638;R-HSA-8854645;R-HSA-168184;R-HSA-909552;R-HSA-9604499;R-HSA-9909652;R-HSA-9734547;R-HSA-8984963;R-HSA-449803;R-HSA-8984964;R-HSA-8987012;R-HSA-8985988;R-HSA-8987015;R-HSA-9909657;R-HSA-8987014;R-HSA-8987033;R-HSA-1168640;R-HSA-1168643;R-HSA-9604480;R-HSA-1168642;R-HSA-9676160;R-HSA-449811;R-HSA-8950173;R-HSA-8987039;R-HSA-8950175;R-HSA-449818;R-HSA-9681294;R-HSA-912685;R-HSA-6784324;R-HSA-449829;R-HSA-6784323;R-HSA-912680;R-HSA-8987052;R-HSA-8983983;R-HSA-8950190;R-HSA-879909;R-HSA-8987040;R-HSA-8987043;R-HSA-879910;R-HSA-8987042;R-HSA-8950179;R-HSA-8950181;R-HSA-879907;R-HSA-8950183;R-HSA-8950201;R-HSA-879934;R-HSA-8983996;R-HSA-879930;R-HSA-8987070;R-HSA-879925;R-HSA-9025969;R-HSA-449855;R-HSA-451900;R-HSA-8987063;R-HSA-8987080;R-HSA-9008587;R-HSA-8950218;R-HSA-8984012;R-HSA-8987084;R-HSA-8984014;R-HSA-8984001;R-HSA-9008577;R-HSA-8950210;R-HSA-879942;R-HSA-8950213;R-HSA-9680348;R-HSA-508247;R-HSA-8987097;R-HSA-8987096;R-HSA-8983003;R-HSA-6784319;R-HSA-9012689;R-HSA-8950225;R-HSA-8984021;R-HSA-9707977;R-HSA-8984023;R-HSA-451942;R-HSA-5660980;R-HSA-5607728;R-HSA-8987105;R-HSA-8987104;R-HSA-1168767;R-HSA-8987129;R-HSA-5660965;R-HSA-8987132;R-HSA-8950269;R-HSA-8950271;R-HSA-5607725;R-HSA-912757;R-HSA-8987120;R-HSA-5607724;R-HSA-8950260;R-HSA-508282;R-HSA-5607723;R-HSA-6788582;R-HSA-508292;R-HSA-6789615;R-HSA-3134883;R-HSA-1370500;R-HSA-909725;R-HSA-909724;R-HSA-1168768;R-HSA-8983835;R-HSA-909726;R-HSA-8983834;R-HSA-909721;R-HSA-909720;R-HSA-9705729;R-HSA-9005340;R-HSA-909722;R-HSA-389532;R-HSA-909719;R-HSA-909718;R-HSA-1370505;R-HSA-9705738;R-HSA-449958;R-HSA-8950057;R-HSA-8985900;R-HSA-909738;R-HSA-8950063;R-HSA-8983841;R-HSA-909732;R-HSA-909729;R-HSA-8983845;R-HSA-1112510;R-HSA-909730;R-HSA-873917;R-HSA-873919;R-HSA-873918;R-HSA-8985914;R-HSA-936378;R-HSA-9676071;R-HSA-8983870;R-HSA-9012542;R-HSA-6788571;R-HSA-449978;R-HSA-449976;R-HSA-8985929;R-HSA-9012556;R-HSA-873924;R-HSA-8983872;R-HSA-873927;R-HSA-1112538;R-HSA-873926;R-HSA-873921;R-HSA-8983876;R-HSA-873922;R-HSA-8983878;R-HSA-1112514;R-HSA-873951;R-HSA-8986972;R-HSA-9006431;R-HSA-168405;R-HSA-168412;R-HSA-8985943;R-HSA-9909623;R-HSA-8986985;R-HSA-1678841;R-HSA-9909622;R-HSA-1112565;R-HSA-9710963;R-HSA-8985966;R-HSA-8950113;R-HSA-450027;R-HSA-6798743;R-HSA-453111;R-HSA-6789524;R-HSA-6798739;R-HSA-8985981;R-HSA-9956706;R-HSA-453104;R-HSA-8987007;R-HSA-8950128;R-HSA-6798751;R-HSA-8986995;R-HSA-6798748;R-HSA-8986994;R-HSA-9710959;R-HSA-6798747;R-HSA-8985973;R-HSA-452091;R-HSA-9909609;R-HSA-450054;R-HSA-8950410;R-HSA-452100;R-HSA-9732753;R-HSA-452097;R-HSA-8950415;R-HSA-450063;R-HSA-1112602;R-HSA-452108;R-HSA-8987266;R-HSA-1112604;R-HSA-8950405;R-HSA-8987270;R-HSA-9929350;R-HSA-1671691;R-HSA-8950426;R-HSA-9732738;R-HSA-9929357;R-HSA-8982163;R-HSA-8982162;R-HSA-1112587;R-HSA-8982165;R-HSA-452122;R-HSA-9929353;R-HSA-8963734;R-HSA-1671687;R-HSA-9929352;R-HSA-8950423;R-HSA-8950441;R-HSA-6783556;R-HSA-449058;R-HSA-6783552;R-HSA-1031716;R-HSA-9823934;R-HSA-1031713;R-HSA-8950456;R-HSA-9823906;R-HSA-8950448;R-HSA-8950453;R-HSA-6783524;R-HSA-399950;R-HSA-6783530;R-HSA-921155;R-HSA-6809140;R-HSA-8950480;R-HSA-8950485;R-HSA-449115;R-HSA-1112690;R-HSA-1067640;R-HSA-6788623;R-HSA-6788622;R-HSA-879201;R-HSA-1067646;R-HSA-1112703;R-HSA-9678561;R-HSA-8950522;R-HSA-6788628;R-HSA-9006844;R-HSA-9008894;R-HSA-914036;R-HSA-879222;R-HSA-8950518;R-HSA-9773803;R-HSA-9009910;R-HSA-6793958;R-HSA-1067667;R-HSA-6785762;R-HSA-1112727;R-HSA-8987150;R-HSA-9617941;R-HSA-8987141;R-HSA-1067676;R-HSA-9931290;R-HSA-8987161;R-HSA-844447;R-HSA-1067651;R-HSA-1112708;R-HSA-844440;R-HSA-9680389;R-HSA-9680388;R-HSA-9931264;R-HSA-844438;R-HSA-8983059;R-HSA-6784765;R-HSA-1067659;R-HSA-447130;R-HSA-6784763;R-HSA-8950292;R-HSA-8987156;R-HSA-8983063;R-HSA-8987179;R-HSA-8950314;R-HSA-1112755;R-HSA-9008684;R-HSA-6783681;R-HSA-9931313;R-HSA-8983077;R-HSA-9009700;R-HSA-9011748;R-HSA-933536;R-HSA-8983078;R-HSA-8950328;R-HSA-9008696;R-HSA-9931298;R-HSA-1067688;R-HSA-8950322;R-HSA-9008692;R-HSA-9008694;R-HSA-1028815;R-HSA-8950344;R-HSA-1028812;R-HSA-9689680;R-HSA-8950347;R-HSA-8987214;R-HSA-8987202;R-HSA-388809;R-HSA-8950340;R-HSA-5624473;R-HSA-388808;R-HSA-388811;R-HSA-8950362;R-HSA-8950364;R-HSA-8950365;R-HSA-8987230;R-HSA-8950367;R-HSA-388829;R-HSA-877269;R-HSA-8981073;R-HSA-202459;R-HSA-8950354;R-HSA-1028820;R-HSA-8987218;R-HSA-1028819;R-HSA-8987220;R-HSA-1028817;R-HSA-8987223;R-HSA-388833;R-HSA-8981093;R-HSA-877281;R-HSA-9732729;R-HSA-8987236;R-HSA-877308;R-HSA-879358;R-HSA-708349;R-HSA-447226;R-HSA-8950389;R-HSA-8987255;R-HSA-6785895;R-HSA-9678737;R-HSA-9730967;R-HSA-447246;R-HSA-8983425;R-HSA-8983424;R-HSA-914182;R-HSA-6785898;R-HSA-8950681;R-HSA-447252;R-HSA-982810;R-HSA-8950684;R-HSA-9005980;R-HSA-9696179;R-HSA-8952749;R-HSA-9835443;R-HSA-450337;R-HSA-450346;R-HSA-202541;R-HSA-6789960;R-HSA-8950716;R-HSA-8950718;R-HSA-9009072;R-HSA-8950732;R-HSA-8950733;R-HSA-622415;R-HSA-8848335;R-HSA-844612;R-HSA-8950721;R-HSA-8950724;R-HSA-844610;R-HSA-688985;R-HSA-8983519;R-HSA-8983518;R-HSA-8950737;R-HSA-8950740;R-HSA-8950741;R-HSA-9705461;R-HSA-919404;R-HSA-1222516;R-HSA-8950766;R-HSA-9705458;R-HSA-8950752;R-HSA-8950757;R-HSA-9705465;R-HSA-9705466;R-HSA-8952807;R-HSA-9705467;R-HSA-6784791;R-HSA-8950778;R-HSA-8950780;R-HSA-8848370;R-HSA-8950782;R-HSA-6785821;R-HSA-8950771;R-HSA-8952823;R-HSA-8950537;R-HSA-9677585;R-HSA-2029466;R-HSA-8983309;R-HSA-6797293;R-HSA-8983299;R-HSA-9006850;R-HSA-8983298;R-HSA-8983300;R-HSA-8950533;R-HSA-9006873;R-HSA-9677579;R-HSA-5660622;R-HSA-1015702;R-HSA-1015699;R-HSA-9006870;R-HSA-9674546;R-HSA-5660660;R-HSA-706479;R-HSA-9674550;R-HSA-8950575;R-HSA-2730894;R-HSA-9008928;R-HSA-5660666;R-HSA-448427;R-HSA-9674558;R-HSA-8983335;R-HSA-8950567;R-HSA-997311;R-HSA-6797271;R-HSA-997309;R-HSA-6797269;R-HSA-8950586;R-HSA-6797268;R-HSA-6797267;R-HSA-5696482;R-HSA-8950591;R-HSA-2029476;R-HSA-5696490;R-HSA-8950581;R-HSA-5696491;R-HSA-9674542;R-HSA-2029473;R-HSA-8950583;R-HSA-997326;R-HSA-8983371;R-HSA-9947987;R-HSA-8983373;R-HSA-1861595;R-HSA-8986446;R-HSA-8983374;R-HSA-997314;R-HSA-9674563;R-HSA-8983384;R-HSA-9674562;R-HSA-913374;R-HSA-9603905;R-HSA-9674567;R-HSA-913371;R-HSA-913370;R-HSA-8950623;R-HSA-8950608;R-HSA-8983379;R-HSA-6797245;R-HSA-8983378;R-HSA-913360;R-HSA-9947978;R-HSA-6790022;R-HSA-8950634;R-HSA-9828209;R-HSA-8950637;R-HSA-448480;R-HSA-6790029;R-HSA-8983394;R-HSA-1369080;R-HSA-6790025;R-HSA-1169406;R-HSA-6790038;R-HSA-1250272;R-HSA-6790036;R-HSA-9828205;R-HSA-8986480;R-HSA-6790041"
R-HSA-6783783,"Interleukin-10 signaling",16,86,0.0053122490580023475,5.551115123125783E-16,4.163336342344337E-14,15,15,9.371485692865175E-4,9606,Homo sapiens,"IL10;IL6;CSF2;IL10RB;IL10RA;STAT3;IL18;IL12B;IL12A;IFNLR1;TYK2;JAK1","","R-HSA-6784006;R-HSA-6784324;R-HSA-6784323;R-HSA-6784160;R-HSA-6790029;R-HSA-449803;R-HSA-6785047;R-HSA-8937656;R-HSA-6784791;R-HSA-449811;R-HSA-6784319;R-HSA-449855;R-HSA-6784765;R-HSA-6784763;R-HSA-8937654"
R-HSA-8984722,"Interleukin-35 Signalling",10,16,9.883254061399717E-4,1.3322676295501878E-15,9.059419880941277E-14,26,26,0.0016243908534299637,9606,Homo sapiens,"STAT1;STAT3;STAT4;IL12A;TYK2;IL6ST;JAK1;IL12RB2;IL27RA","","R-HSA-8984012;R-HSA-8984014;R-HSA-8984001;R-HSA-8983872;R-HSA-8984963;R-HSA-8983876;R-HSA-8950405;R-HSA-8984964;R-HSA-8983878;R-HSA-8983835;R-HSA-8950362;R-HSA-8983834;R-HSA-6809140;R-HSA-8983519;R-HSA-8983518;R-HSA-8984021;R-HSA-8950740;R-HSA-8984023;R-HSA-8983983;R-HSA-8983841;R-HSA-8983845;R-HSA-8950522;R-HSA-448627;R-HSA-8983996;R-HSA-8983870;R-HSA-8950453"
R-HSA-912694,"Regulation of IFNA/IFNB signaling",11,28,0.0017295694607449503,7.66053886991358E-15,4.672928710647284E-13,5,5,3.123828564288392E-4,9606,Homo sapiens,"IFNAR2;IFNA1;STAT1;IFNB1;IFNGR1;IFNA2;TYK2;IFNAR1;JAK1","","R-HSA-997311;R-HSA-912685;R-HSA-997309;R-HSA-912680;R-HSA-997314"
R-HSA-9958825,"Activation of STAT3 by cadherin engagement",14,87,0.0053740193958860955,2.6123547769429933E-13,1.4629186750880763E-11,21,33,0.002061726852430339,9606,Homo sapiens,"IL6;ACTC1;IL11RA;STAT3;TYK2;IL6ST;IL6R;ACTB;RELA;JAK1","","R-HSA-9958871;R-HSA-9934486;R-HSA-9934294;R-HSA-9958869;R-HSA-1067667;R-HSA-1067640;R-HSA-9958878;R-HSA-9958877;R-HSA-2730595;R-HSA-9958875;R-HSA-9958873;R-HSA-9968598;R-HSA-1112510;R-HSA-1067646;R-HSA-2730599;R-HSA-9958872;R-HSA-1112514;R-HSA-1067651;R-HSA-1067688;R-HSA-1067659;R-HSA-9934410"
R-HSA-9705671,"SARS-CoV-2 activates/modulates innate and adaptive immune responses",17,160,0.009883254061399716,4.871658632055187E-13,2.5332624886686972E-11,6,48,0.002998875421716856,9606,Homo sapiens,"IFNAR2;CREBBP;IFNA1;STAT1;RIPK2;IFNB1;IFNGR1;IFNA2;TYK2;NOD2;NLRP3;IFNAR1;JAK1;IL17A","","R-HSA-909726;R-HSA-447246;R-HSA-9756494;R-HSA-168184;R-HSA-9729454;R-HSA-9757097"
R-HSA-9945266,"Differentiation of T cells",14,100,0.006177033788374822,1.6495693699880576E-12,7.917932975942676E-11,16,28,0.0017493439960014994,9606,Homo sapiens,"IL4;CREBBP;IL4R;IFNG;STAT1;IL13;STAT4;RNF2;IL12RB2","","R-HSA-9942709;R-HSA-9945877;R-HSA-9976381;R-HSA-9976402;R-HSA-9942683;R-HSA-9976117;R-HSA-9978250;R-HSA-9976140;R-HSA-9942499;R-HSA-9942723;R-HSA-9976143;R-HSA-9942511;R-HSA-9942734;R-HSA-9976129;R-HSA-9942698;R-HSA-9978246"
R-HSA-451927,"Interleukin-2 family signaling",11,47,0.0029032058805361664,1.9526602557107253E-12,8.786971150698264E-11,50,59,0.0036861177058603025,9606,Homo sapiens,"CSF2;STAT1;IL2RA;STAT3;IL9;IL2RB;STAT4;IL21R;IL5RA;IL9R;JAK1","","R-HSA-450054;R-HSA-912527;R-HSA-452100;R-HSA-508292;R-HSA-8983309;R-HSA-452097;R-HSA-8983425;R-HSA-450063;R-HSA-8983424;R-HSA-452108;R-HSA-8983299;R-HSA-9006850;R-HSA-8983298;R-HSA-8983300;R-HSA-8985988;R-HSA-9006873;R-HSA-9005980;R-HSA-452122;R-HSA-913424;R-HSA-8963734;R-HSA-9006870;R-HSA-8985900;R-HSA-9009700;R-HSA-9011748;R-HSA-8983335;R-HSA-8985914;R-HSA-451900;R-HSA-8985929;R-HSA-8983371;R-HSA-8983373;R-HSA-8983374;R-HSA-508247;R-HSA-8983384;R-HSA-913374;R-HSA-8983379;R-HSA-8983378;R-HSA-449115;R-HSA-8985943;R-HSA-451942;R-HSA-919404;R-HSA-8985966;R-HSA-8983394;R-HSA-450027;R-HSA-453111;R-HSA-8985981;R-HSA-9006844;R-HSA-453104;R-HSA-8985973;R-HSA-508282;R-HSA-452091"
R-HSA-9020591,"Interleukin-12 signaling",13,84,0.005188708382234851,3.0868640976677852E-12,1.2964829210204698E-10,56,56,0.0034986879920029987,9606,Homo sapiens,"IL10;IFNG;CFL1;STAT4;IL12B;IL12A;TYK2;IL12RB1;JAK1;IL12RB2","","R-HSA-8950410;R-HSA-8950415;R-HSA-9617941;R-HSA-8950533;R-HSA-8950681;R-HSA-447252;R-HSA-8950426;R-HSA-8950684;R-HSA-8950173;R-HSA-8950175;R-HSA-8950292;R-HSA-8950423;R-HSA-8950057;R-HSA-8950314;R-HSA-8950190;R-HSA-8950575;R-HSA-8950063;R-HSA-8950179;R-HSA-8950181;R-HSA-8950567;R-HSA-8950456;R-HSA-8950328;R-HSA-8950201;R-HSA-8950586;R-HSA-8950718;R-HSA-8950448;R-HSA-8950322;R-HSA-8950581;R-HSA-8950344;R-HSA-8950218;R-HSA-8950347;R-HSA-8950732;R-HSA-8950721;R-HSA-8950213;R-HSA-8950365;R-HSA-9006431;R-HSA-8950367;R-HSA-8950623;R-HSA-8981073;R-HSA-8950480;R-HSA-8950608;R-HSA-8950225;R-HSA-8950354;R-HSA-8950634;R-HSA-8950637;R-HSA-8950752;R-HSA-8950113;R-HSA-8981093;R-HSA-8950757;R-HSA-8952807;R-HSA-8950778;R-HSA-8950128;R-HSA-8950771;R-HSA-447226;R-HSA-8950260;R-HSA-8950389"
R-HSA-9833109,"Evasion by RSV of host interferon responses",10,37,0.0022855025016986844,5.031419725298747E-12,2.0125678901194988E-10,3,12,7.49718855429214E-4,9606,Homo sapiens,"IFNAR2;CREBBP;IFNA1;IFNB1;IFNGR1;IFNA2;TYK2;IFNAR1;JAK1","","R-HSA-9833446;R-HSA-909719;R-HSA-1028817"
R-HSA-9020933,"Interleukin-23 signaling",7,11,6.794737167212304E-4,2.3817836591888408E-11,8.812599538998711E-10,12,12,7.49718855429214E-4,9606,Homo sapiens,"IL23A;IL23R;STAT3;STAT4;IL12B;TYK2;IL12RB1;PRLR","","R-HSA-8950364;R-HSA-8950780;R-HSA-8952749;R-HSA-8950269;R-HSA-8950591;R-HSA-8950737;R-HSA-8950724;R-HSA-447130;R-HSA-8950741;R-HSA-8950183;R-HSA-8952823;R-HSA-8950583"
R-HSA-909733,"Interferon alpha/beta signaling",14,129,0.007968373587003521,4.5951908944630304E-11,1.6083168130620606E-9,24,25,0.001561914282144196,9606,Homo sapiens,"IFNAR2;IFNA1;STAT1;IFNB1;IFNGR1;IFNA2;IRF5;TYK2;IFNAR1;JAK1","","R-HSA-9696179;R-HSA-912685;R-HSA-9678737;R-HSA-9678935;R-HSA-912680;R-HSA-9710963;R-HSA-909732;R-HSA-909729;R-HSA-997314;R-HSA-909730;R-HSA-909725;R-HSA-997311;R-HSA-909724;R-HSA-997309;R-HSA-909726;R-HSA-909721;R-HSA-913529;R-HSA-909720;R-HSA-909722;R-HSA-1015702;R-HSA-909719;R-HSA-909718;R-HSA-9710959;R-HSA-1015699"
R-HSA-9705683,"SARS-CoV-2-host interactions",17,248,0.01531904379516956,4.087599148050458E-10,1.3897837103371558E-8,6,68,0.004248406847432213,9606,Homo sapiens,"IFNAR2;CREBBP;IFNA1;STAT1;RIPK2;IFNB1;IFNGR1;IFNA2;TYK2;NOD2;NLRP3;IFNAR1;JAK1;IL17A","","R-HSA-909726;R-HSA-447246;R-HSA-9756494;R-HSA-168184;R-HSA-9729454;R-HSA-9757097"
R-HSA-168928,"DDX58/IFIH1-mediated induction of interferon-alpha/beta",12,105,0.006485885477793564,6.573854793856526E-10,2.0202942652147726E-8,10,53,0.0033112582781456954,9606,Homo sapiens,"CREBBP;IFNA13;IFNA1;IFNB1;IFNA2;ATG12;RELA;ATG5","","R-HSA-1028815;R-HSA-9604499;R-HSA-1028812;R-HSA-936378;R-HSA-168166;R-HSA-1028820;R-HSA-1028819;R-HSA-933536;R-HSA-1028817;R-HSA-168140"
R-HSA-933541,"TRAF6 mediated IRF7 activation",9,44,0.0027178948668849217,6.734314217382575E-10,2.0202942652147726E-8,4,13,8.121954267149819E-4,9606,Homo sapiens,"CREBBP;IFNA13;IFNA1;IFNB1;IFNA2","","R-HSA-9604499;R-HSA-1028820;R-HSA-1028819;R-HSA-933536"
R-HSA-9942503,"Differentiation of naive CD4+ T cells to T helper 1 cells (Th1 cells)",7,20,0.0012354067576749645,1.4551955196395738E-9,4.220067006954764E-8,8,16,9.996251405722854E-4,9606,Homo sapiens,"IL4;IFNG;STAT1;STAT4;IL12RB2","","R-HSA-9942709;R-HSA-9945877;R-HSA-9942499;R-HSA-9942723;R-HSA-9942511;R-HSA-9942734;R-HSA-9942683;R-HSA-9942698"
R-HSA-9012546,"Interleukin-18 signaling",6,11,6.794737167212304E-4,1.6378554068552376E-9,4.585995139194665E-8,4,4,2.4990628514307136E-4,9606,Homo sapiens,"IL4;IL37;IL13;IL18","","R-HSA-8848370;R-HSA-6797293;R-HSA-8848395;R-HSA-8848392"
R-HSA-112411,"MAPK1 (ERK2) activation",6,12,7.412440546049787E-4,2.73881239909457E-9,7.394793477555339E-8,1,3,1.874297138573035E-4,9606,Homo sapiens,"IL6;IL11RA;TYK2;IL6ST;IL6R;JAK1","","R-HSA-109858"
R-HSA-9020956,"Interleukin-27 signaling",6,13,8.03014392488727E-4,4.392286756527142E-9,1.0980716891317854E-7,13,20,0.0012495314257153568,9606,Homo sapiens,"STAT1;STAT3;TYK2;IL6ST;IL27RA;JAK1","","R-HSA-8950441;R-HSA-8950537;R-HSA-8950733;R-HSA-8950766;R-HSA-8950210;R-HSA-8950340;R-HSA-448427;R-HSA-1067646;R-HSA-8950716;R-HSA-8950782;R-HSA-8950271;R-HSA-8950485;R-HSA-8950518"
R-HSA-110056,"MAPK3 (ERK1) activation",6,13,8.03014392488727E-4,4.392286756527142E-9,1.0980716891317854E-7,1,4,2.4990628514307136E-4,9606,Homo sapiens,"IL6;IL11RA;TYK2;IL6ST;IL6R;JAK1","","R-HSA-109857"
R-HSA-913531,"Interferon Signaling",20,418,0.02582000123540676,4.9979776983732904E-9,1.1995146476095897E-7,51,140,0.008746719980007497,9606,Homo sapiens,"IFNAR2;IFNA1;IL10RB;STAT1;IFNGR1;IFNB1;STAT3;IFNA2;TYK2;ACTB;IFNG;IRF5;IFNAR1;JAK1","","R-HSA-9678737;R-HSA-9730967;R-HSA-9732753;R-HSA-9734547;R-HSA-909725;R-HSA-909724;R-HSA-909726;R-HSA-909721;R-HSA-909720;R-HSA-9732738;R-HSA-909722;R-HSA-1015702;R-HSA-909719;R-HSA-909718;R-HSA-1015699;R-HSA-9696179;R-HSA-912685;R-HSA-912680;R-HSA-9835443;R-HSA-909732;R-HSA-1031716;R-HSA-909729;R-HSA-1031713;R-HSA-909730;R-HSA-997311;R-HSA-873917;R-HSA-997309;R-HSA-873919;R-HSA-873918;R-HSA-997326;R-HSA-9689680;R-HSA-9678935;R-HSA-873924;R-HSA-873927;R-HSA-873926;R-HSA-873921;R-HSA-997314;R-HSA-873922;R-HSA-877269;R-HSA-1678841;R-HSA-9710963;R-HSA-877281;R-HSA-9732729;R-HSA-9833723;R-HSA-1169406;R-HSA-877308;R-HSA-9678561;R-HSA-913529;R-HSA-9956706;R-HSA-9710959;R-HSA-909552"
R-HSA-8877330,"RUNX1 and FOXP3 control the development of regulatory T lymphocytes (Tregs)",6,17,0.0010500957440237198,2.1278995010476365E-8,4.894168852409564E-7,9,20,0.0012495314257153568,9606,Homo sapiens,"IFNG;IL2RA;CTLA4","","R-HSA-8877414;R-HSA-8877396;R-HSA-8877360;R-HSA-8877391;R-HSA-8877421;R-HSA-8877404;R-HSA-8877369;R-HSA-8877385;R-HSA-9006422"
R-HSA-9694516,"SARS-CoV-2 Infection",18,368,0.022731484341219348,2.226826822937511E-8,4.899019010462524E-7,7,211,0.013182556541297014,9606,Homo sapiens,"IFNAR2;CREBBP;VCP;IFNA1;STAT1;RIPK2;IFNB1;IFNGR1;IFNA2;TYK2;NOD2;NLRP3;IFNAR1;JAK1;IL17A","","R-HSA-9694689;R-HSA-909726;R-HSA-447246;R-HSA-9756494;R-HSA-168184;R-HSA-9729454;R-HSA-9757097"
R-HSA-9679506,"SARS-CoV Infections",22,575,0.03551794428315523,4.283225507606403E-8,8.994773565973446E-7,16,402,0.02511558165687867,9606,Homo sapiens,"IFNAR2;CREBBP;VCP;IFNA1;IL11RA;IL10RB;STAT1;IFNGR1;RIPK2;IFNB1;IFNA2;TYK2;NOD2;RELA;NLRP3;IL6R;IFNAR1;JAK1;IL17A","","R-HSA-9696179;R-HSA-9678737;R-HSA-9678935;R-HSA-9711058;R-HSA-9685268;R-HSA-447246;R-HSA-9678561;R-HSA-9685281;R-HSA-9694689;R-HSA-909726;R-HSA-9686699;R-HSA-9756494;R-HSA-168184;R-HSA-9729454;R-HSA-9681294;R-HSA-9757097"
R-HSA-8985947,"Interleukin-9 signaling",5,11,6.794737167212304E-4,9.596139960432737E-8,1.9192279920865474E-6,10,13,8.121954267149819E-4,9606,Homo sapiens,"STAT1;IL9;STAT3;IL9R;JAK1","","R-HSA-8985929;R-HSA-8985914;R-HSA-8985981;R-HSA-8985900;R-HSA-8985966;R-HSA-8985973;R-HSA-8985988;R-HSA-9011748;R-HSA-8963734;R-HSA-8985943"
R-HSA-8939246,"RUNX1 regulates transcription of genes involved in differentiation of myeloid cells",5,11,6.794737167212304E-4,9.596139960432737E-8,1.9192279920865474E-6,5,7,4.3733599900037484E-4,9606,Homo sapiens,"LGALS3;CREBBP;CSF2","","R-HSA-8938251;R-HSA-8938382;R-HSA-8938228;R-HSA-8938389;R-HSA-8938231"
R-HSA-9020958,"Interleukin-21 signaling",5,12,7.412440546049787E-4,1.4711954188229015E-7,2.942390837645803E-6,5,5,3.123828564288392E-4,9606,Homo sapiens,"STAT1;STAT3;IL21R;STAT4;JAK1","","R-HSA-9006873;R-HSA-9006844;R-HSA-9005980;R-HSA-9006850;R-HSA-9006870"
R-HSA-9833110,"RSV-host interactions",10,116,0.007165359194514794,2.4171395007765994E-7,4.592565051475539E-6,3,27,0.0016868674247157316,9606,Homo sapiens,"IFNAR2;CREBBP;IFNA1;IFNB1;IFNGR1;IFNA2;TYK2;IFNAR1;JAK1","","R-HSA-9833446;R-HSA-909719;R-HSA-1028817"
R-HSA-112409,"RAF-independent MAPK1/3 activation",6,28,0.0017295694607449503,3.893707698487958E-7,7.008673857278325E-6,2,12,7.49718855429214E-4,9606,Homo sapiens,"IL6;IL11RA;TYK2;IL6ST;IL6R;JAK1","","R-HSA-109857;R-HSA-109858"
R-HSA-418990,"Adherens junctions interactions",14,267,0.016492680214960777,3.916607980158915E-7,7.049894364286047E-6,23,164,0.010246157690865926,9606,Homo sapiens,"IL6;ACTC1;IL11RA;STAT3;TYK2;IL6ST;IL6R;ACTB;RELA;JAK1","","R-HSA-9958871;R-HSA-9934294;R-HSA-9934486;R-HSA-9958869;R-HSA-5692437;R-HSA-1067667;R-HSA-1067640;R-HSA-9958878;R-HSA-9958877;R-HSA-2730595;R-HSA-9958875;R-HSA-9958873;R-HSA-9968598;R-HSA-1112510;R-HSA-1067646;R-HSA-2730599;R-HSA-9958872;R-HSA-1112514;R-HSA-1067651;R-HSA-1067688;R-HSA-433725;R-HSA-1067659;R-HSA-9934410"
R-HSA-877312,"Regulation of IFNG signaling",5,16,9.883254061399717E-4,6.01026855506781E-7,1.0217456543615278E-5,4,4,2.4990628514307136E-4,9606,Homo sapiens,"IFNG;IL10RB;STAT1;IFNGR1;JAK1","","R-HSA-877308;R-HSA-997326;R-HSA-877269;R-HSA-877281"
R-HSA-6788467,"IL-6-type cytokine receptor ligand interactions",5,17,0.0010500957440237198,8.075557392794863E-7,1.3728447567751267E-5,13,14,8.746719980007497E-4,9606,Homo sapiens,"CNTFR;IL11RA;TYK2;IL6ST;JAK1","","R-HSA-6783556;R-HSA-449829;R-HSA-6783524;R-HSA-6783681;R-HSA-6783552;R-HSA-6784204;R-HSA-6783530;R-HSA-448660;R-HSA-5696482;R-HSA-6784189;R-HSA-5696490;R-HSA-5696491;R-HSA-449976"
R-HSA-446652,"Interleukin-1 family signaling",11,170,0.010500957440237197,9.86602698760386E-7,1.677224587892656E-5,30,92,0.005747844558290641,9606,Homo sapiens,"IL4;RIPK2;IL37;STAT3;IL13;IL18;NOD2;BTRC;RELA","","R-HSA-9008587;R-HSA-9012556;R-HSA-9008577;R-HSA-8848335;R-HSA-6797293;R-HSA-5684250;R-HSA-8848395;R-HSA-5684248;R-HSA-8848392;R-HSA-9012689;R-HSA-9630923;R-HSA-209063;R-HSA-449058;R-HSA-168166;R-HSA-9008684;R-HSA-209125;R-HSA-209061;R-HSA-2730894;R-HSA-9008928;R-HSA-9008696;R-HSA-8848370;R-HSA-9008894;R-HSA-9012542;R-HSA-448703;R-HSA-9009072;R-HSA-168184;R-HSA-9008692;R-HSA-9773803;R-HSA-9008694;R-HSA-9009910"
R-HSA-421270,"Cell-cell junction organization",14,300,0.018531101365124467,1.5262312350605711E-6,2.4419699760969138E-5,23,169,0.010558540547294765,9606,Homo sapiens,"IL6;ACTC1;IL11RA;STAT3;TYK2;IL6ST;IL6R;ACTB;RELA;JAK1","","R-HSA-9958871;R-HSA-9934294;R-HSA-9934486;R-HSA-9958869;R-HSA-5692437;R-HSA-1067667;R-HSA-1067640;R-HSA-9958878;R-HSA-9958877;R-HSA-2730595;R-HSA-9958875;R-HSA-9958873;R-HSA-9968598;R-HSA-1112510;R-HSA-1067646;R-HSA-2730599;R-HSA-9958872;R-HSA-1112514;R-HSA-1067651;R-HSA-1067688;R-HSA-433725;R-HSA-1067659;R-HSA-9934410"
R-HSA-9976102,"Differentiation of naive CD4+ T cells to T helper 2 cells (Th2 cells)",8,82,0.005065167706467354,1.615109969321793E-6,2.5841759509148687E-5,8,12,7.49718855429214E-4,9606,Homo sapiens,"IL4;CREBBP;IL4R;IL13;RNF2","","R-HSA-9978250;R-HSA-9976140;R-HSA-9976381;R-HSA-9976143;R-HSA-9976129;R-HSA-9976402;R-HSA-9976117;R-HSA-9978246"
R-HSA-5684996,"MAPK1/MAPK3 signaling",14,316,0.019519426771264437,2.7695070002886624E-6,4.1542605004329936E-5,11,82,0.005123078845432963,9606,Homo sapiens,"IL6;CSF2;IL11RA;IL2RA;IL2RB;IL5RA;TYK2;IL6ST;IL6R;FGFR3;ACTB;JAK1","","R-HSA-9657603;R-HSA-109857;R-HSA-5672980;R-HSA-5672965;R-HSA-109858;R-HSA-5672978;R-HSA-9657606;R-HSA-5672972;R-HSA-9657608;R-HSA-5672973;R-HSA-9657599"
R-HSA-9820952,"Respiratory Syncytial Virus Infection Pathway",10,154,0.009512632034097227,3.0127544644598103E-6,4.5191316966897155E-5,3,101,0.0063101336998625515,9606,Homo sapiens,"IFNAR2;CREBBP;IFNA1;IFNB1;IFNGR1;IFNA2;TYK2;IFNAR1;JAK1","","R-HSA-9833446;R-HSA-909719;R-HSA-1028817"
R-HSA-9732724,"IFNG signaling activates MAPKs",4,10,6.177033788374823E-4,3.206262220611933E-6,4.809393330917899E-5,3,3,1.874297138573035E-4,9606,Homo sapiens,"IFNG;IL10RB;IFNGR1;JAK1","","R-HSA-9732753;R-HSA-9732738;R-HSA-9732729"
R-HSA-446728,"Cell junction organization",14,327,0.020198900487985668,4.084748838617536E-6,5.71864837406455E-5,24,185,0.01155816568786705,9606,Homo sapiens,"IL6;ACTC1;IL11RA;STAT3;TYK2;IL6ST;IL6R;ACTB;RELA;JAK1","","R-HSA-9958871;R-HSA-9934294;R-HSA-9934486;R-HSA-9958869;R-HSA-5692437;R-HSA-1067667;R-HSA-1067640;R-HSA-9958878;R-HSA-9958877;R-HSA-2730595;R-HSA-9958875;R-HSA-430347;R-HSA-9958873;R-HSA-9968598;R-HSA-2730599;R-HSA-1112510;R-HSA-1067646;R-HSA-9958872;R-HSA-1112514;R-HSA-1067651;R-HSA-1067688;R-HSA-1067659;R-HSA-433725;R-HSA-9934410"
R-HSA-449836,"Other interleukin signaling",5,24,0.0014824881092099574,4.289813216318272E-6,6.005738502845581E-5,1,17,0.0010621017118580532,9606,Homo sapiens,"IFNL1;IL10RB;IFNLR1;TYK2;JAK1","","R-HSA-448661"
R-HSA-8878171,"Transcriptional regulation by RUNX1",12,246,0.015195503119402064,5.646289029992424E-6,7.904804641989394E-5,15,132,0.008246907409721355,9606,Homo sapiens,"LGALS3;CREBBP;CSF2;IFNG;IL2RA;CTLA4;RNF2","","R-HSA-8877414;R-HSA-8938251;R-HSA-8938382;R-HSA-8877391;R-HSA-8877421;R-HSA-8937989;R-HSA-8877385;R-HSA-8877396;R-HSA-8877360;R-HSA-8877404;R-HSA-8938228;R-HSA-8938389;R-HSA-8877369;R-HSA-8938231;R-HSA-9006422"
R-HSA-8950505,"Gene and protein expression by JAK-STAT signaling after Interleukin-12 stimulation",7,73,0.004509234665513621,8.208804061715647E-6,1.067144528023034E-4,36,36,0.002249156566287642,9606,Homo sapiens,"IL10;IFNG;CFL1;STAT4","","R-HSA-8950344;R-HSA-8950218;R-HSA-8950732;R-HSA-8950415;R-HSA-9617941;R-HSA-8950721;R-HSA-8950533;R-HSA-8950213;R-HSA-8950681;R-HSA-8950426;R-HSA-8950684;R-HSA-8950365;R-HSA-8950173;R-HSA-9006431;R-HSA-8950367;R-HSA-8950175;R-HSA-8950623;R-HSA-8981073;R-HSA-8950480;R-HSA-8950608;R-HSA-8950225;R-HSA-8950292;R-HSA-8950314;R-HSA-8950634;R-HSA-8950637;R-HSA-8950190;R-HSA-8950567;R-HSA-8950328;R-HSA-8950201;R-HSA-8950586;R-HSA-8950718;R-HSA-8950322;R-HSA-8950771;R-HSA-8950260;R-HSA-8950581;R-HSA-8950389"
R-HSA-912526,"Interleukin receptor SHC signaling",5,29,0.0017913397986286984,1.0630945253664592E-5,1.382022882976397E-4,6,6,3.74859427714607E-4,9606,Homo sapiens,"CSF2;IL2RA;IL2RB;IL5RA;JAK1","","R-HSA-508247;R-HSA-453111;R-HSA-912527;R-HSA-913374;R-HSA-453104;R-HSA-913424"
R-HSA-1500931,"Cell-Cell communication",14,365,0.0225461733275681,1.3927239116862111E-5,1.7747075977725402E-4,24,208,0.01299512682743971,9606,Homo sapiens,"IL6;ACTC1;IL11RA;STAT3;TYK2;IL6ST;IL6R;ACTB;RELA;JAK1","","R-HSA-9958871;R-HSA-9934294;R-HSA-9934486;R-HSA-9958869;R-HSA-5692437;R-HSA-1067667;R-HSA-1067640;R-HSA-9958878;R-HSA-9958877;R-HSA-2730595;R-HSA-9958875;R-HSA-430347;R-HSA-9958873;R-HSA-9968598;R-HSA-2730599;R-HSA-1112510;R-HSA-1067646;R-HSA-9958872;R-HSA-1112514;R-HSA-1067651;R-HSA-1067688;R-HSA-1067659;R-HSA-433725;R-HSA-9934410"
R-HSA-5683057,"MAPK family signaling cascades",14,367,0.0226697140033356,1.4789229981437835E-5,1.7747075977725402E-4,11,122,0.007622141696863676,9606,Homo sapiens,"IL6;CSF2;IL11RA;IL2RA;IL2RB;IL5RA;TYK2;IL6ST;IL6R;FGFR3;ACTB;JAK1","","R-HSA-9657603;R-HSA-109857;R-HSA-5672980;R-HSA-5672965;R-HSA-109858;R-HSA-5672978;R-HSA-9657606;R-HSA-5672972;R-HSA-9657608;R-HSA-5672973;R-HSA-9657599"
R-HSA-5663202,"Diseases of signal transduction by growth factor receptors and second messengers",16,536,0.03310890110568905,6.850477329245486E-5,8.220572795094583E-4,115,516,0.032237910783456204,9606,Homo sapiens,"IL10;IL22;CREBBP;VCP;STAT1;IL10RA;STAT3;ERBIN;IFNLR1;TYK2;FGFR3;ACTB","","R-HSA-9656211;R-HSA-9656209;R-HSA-9656215;R-HSA-9656214;R-HSA-9665412;R-HSA-9851062;R-HSA-9701810;R-HSA-5387386;R-HSA-9851071;R-HSA-4396393;R-HSA-9851068;R-HSA-4396392;R-HSA-2400009;R-HSA-9851064;R-HSA-5387389;R-HSA-4396402;R-HSA-4396401;R-HSA-9665697;R-HSA-9665696;R-HSA-9665703;R-HSA-9665702;R-HSA-9725357;R-HSA-9665708;R-HSA-9712085;R-HSA-9665232;R-HSA-6803234;R-HSA-5655315;R-HSA-6803233;R-HSA-9672159;R-HSA-2033485;R-HSA-9851072;R-HSA-2033476;R-HSA-9712079;R-HSA-9649393;R-HSA-9672176;R-HSA-9851122;R-HSA-9851123;R-HSA-9851133;R-HSA-2038387;R-HSA-9665278;R-HSA-2038386;R-HSA-9851109;R-HSA-9851106;R-HSA-9851104;R-HSA-9851118;R-HSA-6803230;R-HSA-9851117;R-HSA-6803227;R-HSA-9851114;R-HSA-9851112;R-HSA-6802919;R-HSA-6802918;R-HSA-9670417;R-HSA-9670416;R-HSA-6802914;R-HSA-2220964;R-HSA-6802912;R-HSA-2220966;R-HSA-5655262;R-HSA-6802926;R-HSA-9670426;R-HSA-6802925;R-HSA-2220971;R-HSA-9665304;R-HSA-9665311;R-HSA-6802922;R-HSA-6802921;R-HSA-6802935;R-HSA-9851142;R-HSA-6802934;R-HSA-6802933;R-HSA-2220979;R-HSA-6802932;R-HSA-9665280;R-HSA-2220981;R-HSA-9665286;R-HSA-9851139;R-HSA-9665284;R-HSA-9851137;R-HSA-6802943;R-HSA-2220985;R-HSA-6802942;R-HSA-5655247;R-HSA-5655244;R-HSA-5655243;R-HSA-9670412;R-HSA-5655285;R-HSA-9664567;R-HSA-1248694;R-HSA-9652277;R-HSA-5655295;R-HSA-2012084;R-HSA-2012082;R-HSA-1227964;R-HSA-5655289;R-HSA-9665315;R-HSA-5655270;R-HSA-2012074;R-HSA-5483238;R-HSA-2012073;R-HSA-6802911;R-HSA-6802910;R-HSA-8853309;R-HSA-9652264;R-HSA-5655277;R-HSA-2220957;R-HSA-8853317;R-HSA-9850958;R-HSA-1888198;R-HSA-9664588;R-HSA-9665405;R-HSA-9665121;R-HSA-2077420;R-HSA-9665389;R-HSA-9665388"
R-HSA-168643,"Nucleotide-binding domain, leucine rich repeat containing receptor (NLR) signaling pathways",6,72,0.004447464327629872,7.953412467820442E-5,9.54409496138453E-4,25,46,0.0028739222791453207,9606,Homo sapiens,"RIPK2;CARD8;NLRP3;NOD2;RELA","","R-HSA-741386;R-HSA-688136;R-HSA-688137;R-HSA-622415;R-HSA-844612;R-HSA-844610;R-HSA-873951;R-HSA-844447;R-HSA-9603905;R-HSA-688985;R-HSA-9676160;R-HSA-844440;R-HSA-168405;R-HSA-741395;R-HSA-844438;R-HSA-168412;R-HSA-706479;R-HSA-741411;R-HSA-879201;R-HSA-1306876;R-HSA-1250272;R-HSA-1296421;R-HSA-708349;R-HSA-168184;R-HSA-879222"
R-HSA-983231,"Factors involved in megakaryocyte development and platelet production",9,194,0.011983445549447155,1.2510897629736117E-4,0.001501307715568334,4,43,0.002686492565288017,9606,Homo sapiens,"IFNA13;IFNA1;IFNB1;IFNA2;ACTB","","R-HSA-994169;R-HSA-994038;R-HSA-994020;R-HSA-994034"
R-HSA-512988,"Interleukin-3, Interleukin-5 and GM-CSF signaling",5,50,0.003088516894187411,1.3773352025847618E-4,0.001515068722843238,23,38,0.0023741097088591776,9606,Homo sapiens,"CSF2;IL2RA;IL2RB;IL5RA;JAK1","","R-HSA-912527;R-HSA-913451;R-HSA-909738;R-HSA-879909;R-HSA-879942;R-HSA-914182;R-HSA-879910;R-HSA-921155;R-HSA-879907;R-HSA-508247;R-HSA-453111;R-HSA-913374;R-HSA-879934;R-HSA-453104;R-HSA-913371;R-HSA-879930;R-HSA-913370;R-HSA-879925;R-HSA-912757;R-HSA-914036;R-HSA-913424;R-HSA-913360;R-HSA-913456"
R-HSA-168249,"Innate Immune System",28,1387,0.08567545864475878,1.4721281280305476E-4,0.0016193409408336024,81,782,0.04885667874547045,9606,Homo sapiens,"VCP;CREBBP;IFNA13;GSN;IFNA1;RIPK2;IFNB1;CARD8;IFNA2;IL18;NOD2;ACTB;RELA;ATG12;LGALS3;CFL1;NLRP3;IRF5;BTRC;ATP6V0C;OPTN;ATG5","","R-HSA-9604499;R-HSA-741386;R-HSA-688136;R-HSA-688137;R-HSA-2029466;R-HSA-3134883;R-HSA-9604480;R-HSA-844447;R-HSA-9676160;R-HSA-844440;R-HSA-741395;R-HSA-5660622;R-HSA-844438;R-HSA-2197690;R-HSA-9860278;R-HSA-5660660;R-HSA-706479;R-HSA-9860273;R-HSA-450337;R-HSA-2730894;R-HSA-741411;R-HSA-9823934;R-HSA-5660666;R-HSA-450346;R-HSA-933536;R-HSA-202541;R-HSA-936378;R-HSA-1296421;R-HSA-9823906;R-HSA-2029476;R-HSA-2029473;R-HSA-1028815;R-HSA-1028812;R-HSA-9947987;R-HSA-622415;R-HSA-1861595;R-HSA-399950;R-HSA-844612;R-HSA-5684250;R-HSA-5624473;R-HSA-6800426;R-HSA-5684248;R-HSA-844610;R-HSA-168140;R-HSA-9860292;R-HSA-873951;R-HSA-9603905;R-HSA-688985;R-HSA-9860290;R-HSA-6800434;R-HSA-168405;R-HSA-9630923;R-HSA-1028820;R-HSA-1028819;R-HSA-9947978;R-HSA-1028817;R-HSA-168412;R-HSA-5660980;R-HSA-9828209;R-HSA-168166;R-HSA-5607728;R-HSA-442592;R-HSA-1222516;R-HSA-879201;R-HSA-1306876;R-HSA-6798743;R-HSA-879358;R-HSA-1250272;R-HSA-5660965;R-HSA-6798739;R-HSA-708349;R-HSA-5607725;R-HSA-9828205;R-HSA-6798751;R-HSA-5607724;R-HSA-168184;R-HSA-879222;R-HSA-6798748;R-HSA-6798747;R-HSA-5607723;R-HSA-9773803"
R-HSA-9705462,"Inactivation of CSF3 (G-CSF) signaling",4,27,0.001667799122861202,1.500626287590512E-4,0.001650688916349563,9,9,5.622891415719105E-4,9606,Homo sapiens,"STAT1;STAT3;TYK2;JAK1","","R-HSA-9705461;R-HSA-9705729;R-HSA-9705458;R-HSA-9705726;R-HSA-9707977;R-HSA-9705465;R-HSA-9705738;R-HSA-9705466;R-HSA-9705467"
R-HSA-9725370,"Signaling by ALK fusions and activated point mutants",7,119,0.007350670208166038,1.7388269379969845E-4,0.001912709631796683,23,63,0.003936023991003373,9606,Homo sapiens,"IL10;IL22;STAT1;IL10RA;STAT3;IFNLR1;TYK2","","R-HSA-9851062;R-HSA-9712085;R-HSA-9851122;R-HSA-9851123;R-HSA-9701810;R-HSA-9851071;R-HSA-9851068;R-HSA-9851133;R-HSA-9851064;R-HSA-9851142;R-HSA-9851109;R-HSA-9851106;R-HSA-9851139;R-HSA-9851072;R-HSA-9851104;R-HSA-9851137;R-HSA-9850958;R-HSA-9851118;R-HSA-9725357;R-HSA-9712079;R-HSA-9851117;R-HSA-9851114;R-HSA-9851112"
R-HSA-9700206,"Signaling by ALK in cancer",7,119,0.007350670208166038,1.7388269379969845E-4,0.001912709631796683,23,71,0.004435836561289516,9606,Homo sapiens,"IL10;IL22;STAT1;IL10RA;STAT3;IFNLR1;TYK2","","R-HSA-9851062;R-HSA-9712085;R-HSA-9851122;R-HSA-9851123;R-HSA-9701810;R-HSA-9851071;R-HSA-9851068;R-HSA-9851133;R-HSA-9851064;R-HSA-9851142;R-HSA-9851109;R-HSA-9851106;R-HSA-9851139;R-HSA-9851072;R-HSA-9851104;R-HSA-9851137;R-HSA-9850958;R-HSA-9851118;R-HSA-9725357;R-HSA-9712079;R-HSA-9851117;R-HSA-9851114;R-HSA-9851112"
R-HSA-622312,"Inflammasomes",4,34,0.0021001914880474397,3.5816804067456687E-4,0.0035816804067456687,12,28,0.0017493439960014994,9606,Homo sapiens,"CARD8;NLRP3;RELA","","R-HSA-873951;R-HSA-844447;R-HSA-9603905;R-HSA-1250272;R-HSA-844440;R-HSA-1296421;R-HSA-844612;R-HSA-844438;R-HSA-879222;R-HSA-879201;R-HSA-844610;R-HSA-1306876"
R-HSA-9020558,"Interleukin-2 signaling",3,14,8.647847303724751E-4,3.635648267770186E-4,0.0036356482677701862,13,19,0.0011870548544295888,9606,Homo sapiens,"IL2RA;IL2RB;JAK1","","R-HSA-451942;R-HSA-450054;R-HSA-919404;R-HSA-452100;R-HSA-508292;R-HSA-452097;R-HSA-450063;R-HSA-452108;R-HSA-450027;R-HSA-451900;R-HSA-452122;R-HSA-508282;R-HSA-452091"
R-HSA-9674555,"Signaling by CSF3 (G-CSF)",4,35,0.002161961825931188,3.992195584830993E-4,0.003992195584830993,21,21,0.0013120079970011245,9606,Homo sapiens,"STAT1;STAT3;TYK2;JAK1","","R-HSA-9674546;R-HSA-9705461;R-HSA-9677585;R-HSA-9674550;R-HSA-9705458;R-HSA-9705726;R-HSA-9674808;R-HSA-9674558;R-HSA-9705465;R-HSA-9705466;R-HSA-9705467;R-HSA-9674563;R-HSA-9674562;R-HSA-9674816;R-HSA-9674567;R-HSA-9676071;R-HSA-9705729;R-HSA-9677579;R-HSA-9707977;R-HSA-9674542;R-HSA-9705738"
R-HSA-5663205,"Infectious disease",34,1961,0.12113163259003026,4.689710004206482E-4,0.004689710004206482,48,1225,0.0765337998250656,9606,Homo sapiens,"VCP;IFNA1;IFNA2;NOD2;ACTB;RELA;TRIM28;NLRP3;TRIM27;BTRC;IL6R;JAK1;IL10;IFNAR2;CREBBP;IL11RA;RIPK2;IFNB1;IFNGR1;STAT1;IL10RB;IL18;TYK2;IL6;VIM;IFNAR1;IL17A","","R-HSA-9920087;R-HSA-9678737;R-HSA-2029466;R-HSA-9678935;R-HSA-9711058;R-HSA-1861595;R-HSA-9685268;R-HSA-447246;R-HSA-844612;R-HSA-9666458;R-HSA-9664346;R-HSA-844610;R-HSA-873951;R-HSA-909726;R-HSA-9603905;R-HSA-9756494;R-HSA-909719;R-HSA-9636297;R-HSA-2197690;R-HSA-9948108;R-HSA-9681294;R-HSA-1028817;R-HSA-180573;R-HSA-9664332;R-HSA-9696179;R-HSA-9948087;R-HSA-449058;R-HSA-9662710;R-HSA-442592;R-HSA-9662708;R-HSA-9923067;R-HSA-180591;R-HSA-9662781;R-HSA-1306876;R-HSA-9833446;R-HSA-9678561;R-HSA-9685281;R-HSA-9614816;R-HSA-9694689;R-HSA-1250272;R-HSA-180599;R-HSA-180597;R-HSA-9686699;R-HSA-448703;R-HSA-168184;R-HSA-9729454;R-HSA-9757097;R-HSA-2029473"
R-HSA-8983432,"Interleukin-15 signaling",3,16,9.883254061399717E-4,5.351070675513325E-4,0.005351070675513325,16,17,0.0010621017118580532,9606,Homo sapiens,"STAT3;IL2RB;JAK1","","R-HSA-8983371;R-HSA-8983309;R-HSA-8983373;R-HSA-8983374;R-HSA-8983425;R-HSA-8983424;R-HSA-8983299;R-HSA-8983394;R-HSA-8983298;R-HSA-9009700;R-HSA-8983300;R-HSA-8983335;R-HSA-8983384;R-HSA-8983379;R-HSA-8983378;R-HSA-449115"
R-HSA-9909648,"Regulation of PD-L1(CD274) expression",8,191,0.011798134535795911,5.812128272172368E-4,0.005736057832923858,13,56,0.0034986879920029987,9606,Homo sapiens,"CREBBP;VCP;STAT1;STAT3;BTRC;RELA;JAK1","","R-HSA-9909623;R-HSA-9909622;R-HSA-9909652;R-HSA-9931313;R-HSA-9931290;R-HSA-9909657;R-HSA-9929350;R-HSA-9931298;R-HSA-9931264;R-HSA-9929357;R-HSA-9929353;R-HSA-9909609;R-HSA-9929352"
R-HSA-2033514,"FGFR3 mutant receptor activation",3,17,0.0010500957440237198,6.37339759213762E-4,0.005736057832923858,10,10,6.247657128576784E-4,9606,Homo sapiens,"FGFR3","","R-HSA-2033485;R-HSA-8853317;R-HSA-2012074;R-HSA-2012073;R-HSA-8853309;R-HSA-2012084;R-HSA-2033476;R-HSA-2012082;R-HSA-2038387;R-HSA-2038386"
R-HSA-1839130,"Signaling by activated point mutants of FGFR3",3,17,0.0010500957440237198,6.37339759213762E-4,0.005736057832923858,6,6,3.74859427714607E-4,9606,Homo sapiens,"FGFR3","","R-HSA-2033485;R-HSA-2012074;R-HSA-2012073;R-HSA-2012084;R-HSA-2033476;R-HSA-2012082"
R-HSA-9824443,"Parasitic Infection Pathways",10,301,0.018592871703008215,7.394323203595565E-4,0.006654890883236009,19,95,0.005935274272147945,9606,Homo sapiens,"IL10;IL6;IL18;NLRP3;ACTB;RELA","","R-HSA-2029466;R-HSA-449058;R-HSA-9662710;R-HSA-442592;R-HSA-1861595;R-HSA-9662708;R-HSA-844612;R-HSA-9666458;R-HSA-9664346;R-HSA-9662781;R-HSA-844610;R-HSA-1306876;R-HSA-873951;R-HSA-1250272;R-HSA-9603905;R-HSA-448703;R-HSA-2197690;R-HSA-2029473;R-HSA-9664332"
R-HSA-9658195,"Leishmania infection",10,301,0.018592871703008215,7.394323203595565E-4,0.006654890883236009,19,95,0.005935274272147945,9606,Homo sapiens,"IL10;IL6;IL18;NLRP3;ACTB;RELA","","R-HSA-2029466;R-HSA-449058;R-HSA-9662710;R-HSA-442592;R-HSA-1861595;R-HSA-9662708;R-HSA-844612;R-HSA-9666458;R-HSA-9664346;R-HSA-9662781;R-HSA-844610;R-HSA-1306876;R-HSA-873951;R-HSA-1250272;R-HSA-9603905;R-HSA-448703;R-HSA-2197690;R-HSA-2029473;R-HSA-9664332"
R-HSA-9909649,"Regulation of PD-L1(CD274) transcription",5,74,0.004571005003397369,8.132931132995846E-4,0.007319638019696262,5,18,0.001124578283143821,9606,Homo sapiens,"CREBBP;STAT1;STAT3;RELA","","R-HSA-9909623;R-HSA-9909622;R-HSA-9909652;R-HSA-9909657;R-HSA-9909609"
R-HSA-1632852,"Macroautophagy",7,158,0.009759713385632219,9.274698632356637E-4,0.008347228769120973,35,96,0.005997750843433712,9606,Homo sapiens,"VCP;ATG16L1;RB1CC1;VIM;OPTN;ATG12;ATG5","","R-HSA-9020616;R-HSA-5679255;R-HSA-1632857;R-HSA-9646354;R-HSA-5683925;R-HSA-9646679;R-HSA-5682012;R-HSA-5675868;R-HSA-5682010;R-HSA-5678490;R-HSA-9646685;R-HSA-5205663;R-HSA-5679239;R-HSA-5683588;R-HSA-5682690;R-HSA-9824897;R-HSA-5675790;R-HSA-9646347;R-HSA-5681999;R-HSA-5665868;R-HSA-5682893;R-HSA-8959571;R-HSA-5672010;R-HSA-5672011;R-HSA-5672008;R-HSA-5672817;R-HSA-5683583;R-HSA-9824892;R-HSA-5681980;R-HSA-9824894;R-HSA-9824888;R-HSA-9840807;R-HSA-5679205;R-HSA-9936620;R-HSA-5673768"
R-HSA-918233,"TRAF3-dependent IRF activation pathway",3,21,0.0012971770955587127,0.001168072148151622,0.010512649333364599,3,11,6.872422841434462E-4,9606,Homo sapiens,"CREBBP;IFNB1","","R-HSA-1028815;R-HSA-1028812;R-HSA-1028817"
R-HSA-1226099,"Signaling by FGFR in disease",5,82,0.005065167706467354,0.0012780358128413605,0.01053179220986511,22,99,0.006185180557291016,9606,Homo sapiens,"STAT1;STAT3;FGFR3","","R-HSA-8853317;R-HSA-5655285;R-HSA-5655315;R-HSA-5655262;R-HSA-5655295;R-HSA-2012084;R-HSA-2012082;R-HSA-2038387;R-HSA-2038386;R-HSA-5655289;R-HSA-5655270;R-HSA-2033485;R-HSA-2077420;R-HSA-2012074;R-HSA-2012073;R-HSA-5655247;R-HSA-8853309;R-HSA-5655244;R-HSA-1888198;R-HSA-5655277;R-HSA-2033476;R-HSA-5655243"
R-HSA-9679191,"Potential therapeutics for SARS",7,168,0.010377416764469702,0.0013164740262331387,0.01053179220986511,5,36,0.002249156566287642,9606,Homo sapiens,"IFNAR2;IL11RA;IL10RB;IFNGR1;TYK2;IL6R;IFNAR1;JAK1","","R-HSA-9696179;R-HSA-9678737;R-HSA-9678561;R-HSA-9678935;R-HSA-9681294"
R-HSA-6811438,"Intra-Golgi traffic",4,49,0.003026746556303663,0.0013822293776065697,0.011057835020852558,4,10,6.247657128576784E-4,9606,Homo sapiens,"CYTH3;CYTH2;CYTH1;RAB33B","","R-HSA-8847887;R-HSA-8847883;R-HSA-8847880;R-HSA-8847544"
R-HSA-389948,"Co-inhibition by PD-1",8,219,0.01352770399654086,0.0013870803800184461,0.011096643040147569,13,61,0.003811070848431838,9606,Homo sapiens,"CREBBP;VCP;STAT1;STAT3;BTRC;RELA;JAK1","","R-HSA-9909623;R-HSA-9909622;R-HSA-9909652;R-HSA-9931313;R-HSA-9931290;R-HSA-9909657;R-HSA-9929350;R-HSA-9931298;R-HSA-9931264;R-HSA-9929357;R-HSA-9929353;R-HSA-9909609;R-HSA-9929352"
R-HSA-388841,"Regulation of T cell activation by CD28 family",9,276,0.01704861325591451,0.0015386588395742695,0.012309270716594156,19,91,0.005685367987004873,9606,Homo sapiens,"CREBBP;VCP;STAT1;STAT3;CTLA4;BTRC;RELA;JAK1","","R-HSA-9909623;R-HSA-9909622;R-HSA-9909652;R-HSA-388833;R-HSA-9931313;R-HSA-388809;R-HSA-388808;R-HSA-9931290;R-HSA-388811;R-HSA-9909657;R-HSA-9929350;R-HSA-9931298;R-HSA-9931264;R-HSA-388829;R-HSA-389532;R-HSA-9929357;R-HSA-9929353;R-HSA-9909609;R-HSA-9929352"
R-HSA-8941333,"RUNX2 regulates genes involved in differentiation of myeloid cells",2,6,3.7062202730248935E-4,0.0015988242993584256,0.012790594394867405,2,2,1.2495314257153568E-4,9606,Homo sapiens,"LGALS3","","R-HSA-8938382;R-HSA-8938371"
R-HSA-9612973,"Autophagy",7,174,0.010748038791772191,0.0016048679792258769,0.012838943833807015,46,117,0.007309758840434837,9606,Homo sapiens,"VCP;ATG16L1;RB1CC1;VIM;OPTN;ATG12;ATG5","","R-HSA-9020616;R-HSA-5679255;R-HSA-1632857;R-HSA-9646354;R-HSA-5683925;R-HSA-9646679;R-HSA-5682012;R-HSA-5675868;R-HSA-9631065;R-HSA-5682010;R-HSA-5678490;R-HSA-9624158;R-HSA-9646685;R-HSA-9631068;R-HSA-5205663;R-HSA-5679239;R-HSA-5683588;R-HSA-5682690;R-HSA-9824897;R-HSA-5675790;R-HSA-9646347;R-HSA-5681999;R-HSA-5665868;R-HSA-5682893;R-HSA-8959571;R-HSA-5672010;R-HSA-5672011;R-HSA-5672008;R-HSA-9626060;R-HSA-5672817;R-HSA-5683583;R-HSA-9824892;R-HSA-5681980;R-HSA-9622840;R-HSA-9824894;R-HSA-9824888;R-HSA-9840807;R-HSA-5679205;R-HSA-9625188;R-HSA-9620197;R-HSA-9936620;R-HSA-9615721;R-HSA-9622831;R-HSA-5673768;R-HSA-9625196;R-HSA-9625197"
R-HSA-844456,"The NLRP3 inflammasome",3,24,0.0014824881092099574,0.0017072629404646378,0.013658103523717102,8,18,0.001124578283143821,9606,Homo sapiens,"NLRP3;RELA","","R-HSA-873951;R-HSA-9603905;R-HSA-1250272;R-HSA-844440;R-HSA-1296421;R-HSA-844612;R-HSA-844610;R-HSA-1306876"
R-HSA-877300,"Interferon gamma signaling",7,177,0.010933349805423436,0.0017663895372860283,0.014131116298288227,22,23,0.0014369611395726603,9606,Homo sapiens,"IFNG;IL10RB;STAT1;IFNGR1;IRF5;JAK1","","R-HSA-997326;R-HSA-9689680;R-HSA-9730967;R-HSA-9732753;R-HSA-9734547;R-HSA-873924;R-HSA-873927;R-HSA-873926;R-HSA-1031716;R-HSA-873921;R-HSA-877281;R-HSA-9732729;R-HSA-1031713;R-HSA-873922;R-HSA-873917;R-HSA-877308;R-HSA-873919;R-HSA-9678561;R-HSA-873918;R-HSA-9732738;R-HSA-877269;R-HSA-909552"
R-HSA-9660826,"Purinergic signaling in leishmaniasis infection",4,54,0.003335598245722404,0.0019646845108624023,0.014368847529203643,8,23,0.0014369611395726603,9606,Homo sapiens,"IL18;NLRP3;RELA","","R-HSA-873951;R-HSA-1250272;R-HSA-9603905;R-HSA-449058;R-HSA-844612;R-HSA-448703;R-HSA-844610;R-HSA-1306876"
R-HSA-9664424,"Cell recruitment (pro-inflammatory response)",4,54,0.003335598245722404,0.0019646845108624023,0.014368847529203643,8,23,0.0014369611395726603,9606,Homo sapiens,"IL18;NLRP3;RELA","","R-HSA-873951;R-HSA-1250272;R-HSA-9603905;R-HSA-449058;R-HSA-844612;R-HSA-448703;R-HSA-844610;R-HSA-1306876"
R-HSA-9824446,"Viral Infection Pathways",25,1403,0.08666378405089877,0.002052692504171949,0.014368847529203643,28,897,0.05604148444333375,9606,Homo sapiens,"IFNAR2;VCP;CREBBP;IFNA1;IL11RA;RIPK2;IFNB1;IFNGR1;STAT1;IL10RB;IFNA2;TYK2;NOD2;RELA;TRIM28;NLRP3;VIM;BTRC;IL6R;JAK1;IFNAR1;IL17A","","R-HSA-9920087;R-HSA-9678737;R-HSA-9678935;R-HSA-9711058;R-HSA-9685268;R-HSA-447246;R-HSA-909726;R-HSA-9756494;R-HSA-909719;R-HSA-9948108;R-HSA-9681294;R-HSA-1028817;R-HSA-180573;R-HSA-9696179;R-HSA-9948087;R-HSA-9923067;R-HSA-180591;R-HSA-9833446;R-HSA-9678561;R-HSA-9685281;R-HSA-9614816;R-HSA-9694689;R-HSA-180599;R-HSA-180597;R-HSA-9686699;R-HSA-168184;R-HSA-9729454;R-HSA-9757097"
R-HSA-9670439,"Signaling by phosphorylated juxtamembrane, extracellular and kinase domain KIT mutants",3,28,0.0017295694607449503,0.0026361277843284237,0.018452894490298966,4,11,6.872422841434462E-4,9606,Homo sapiens,"STAT1;STAT3","","R-HSA-9670417;R-HSA-9670416;R-HSA-9670426;R-HSA-9670412"
R-HSA-9669938,"Signaling by KIT in disease",3,28,0.0017295694607449503,0.0026361277843284237,0.018452894490298966,4,26,0.0016243908534299637,9606,Homo sapiens,"STAT1;STAT3","","R-HSA-9670417;R-HSA-9670416;R-HSA-9670426;R-HSA-9670412"
R-HSA-9663891,"Selective autophagy",5,97,0.0059917227747235775,0.0026396680843030484,0.01847767659012134,11,56,0.0034986879920029987,9606,Homo sapiens,"VCP;VIM;OPTN;ATG12;ATG5","","R-HSA-5205663;R-HSA-9840807;R-HSA-9646354;R-HSA-9824897;R-HSA-9646679;R-HSA-9646347;R-HSA-9824892;R-HSA-8959571;R-HSA-9824894;R-HSA-9824888;R-HSA-9646685"
R-HSA-982772,"Growth hormone receptor signaling",3,29,0.0017913397986286984,0.002908346939010653,0.020358428573074572,3,28,0.0017493439960014994,9606,Homo sapiens,"STAT1;STAT3;PRLR","","R-HSA-1168768;R-HSA-982810;R-HSA-1168767"
R-HSA-5673001,"RAF/MAP kinase cascade",9,309,0.0190870344060782,0.003258959785028104,0.022812718495196727,9,75,0.004685742846432588,9606,Homo sapiens,"CSF2;IL2RA;IL2RB;IL5RA;FGFR3;ACTB;JAK1","","R-HSA-9657603;R-HSA-5672980;R-HSA-5672965;R-HSA-5672978;R-HSA-9657606;R-HSA-5672972;R-HSA-9657608;R-HSA-5672973;R-HSA-9657599"
R-HSA-9818749,"Regulation of NFE2L2 gene expression",2,9,5.55933040953734E-4,0.0035299391609567854,0.024709574126697498,4,7,4.3733599900037484E-4,9606,Homo sapiens,"CREBBP;RELA","","R-HSA-9796080;R-HSA-9796060;R-HSA-9796046;R-HSA-9796056"
R-HSA-5655332,"Signaling by FGFR3 in disease",3,33,0.0020384211501636913,0.004167228142422208,0.029170596996955456,21,21,0.0013120079970011245,9606,Homo sapiens,"FGFR3","","R-HSA-8853317;R-HSA-5655285;R-HSA-5655315;R-HSA-5655262;R-HSA-5655295;R-HSA-2012084;R-HSA-2012082;R-HSA-2038387;R-HSA-2038386;R-HSA-5655289;R-HSA-5655270;R-HSA-2033485;R-HSA-2077420;R-HSA-2012074;R-HSA-2012073;R-HSA-5655247;R-HSA-8853309;R-HSA-5655244;R-HSA-5655277;R-HSA-2033476;R-HSA-5655243"
R-HSA-5205685,"PINK1-PRKN Mediated Mitophagy",3,34,0.0021001914880474397,0.0045259420312696585,0.03168159421888761,6,16,9.996251405722854E-4,9606,Homo sapiens,"OPTN;ATG12;ATG5","","R-HSA-5205663;R-HSA-9840807;R-HSA-9824897;R-HSA-9824892;R-HSA-9824894;R-HSA-9824888"
R-HSA-196025,"Formation of annular gap junctions",2,11,6.794737167212304E-4,0.005207156506071953,0.03645009554250367,2,2,1.2495314257153568E-4,9606,Homo sapiens,"ACTB","","R-HSA-196017;R-HSA-196026"
R-HSA-9913351,"Formation of the dystrophin-glycoprotein complex (DGC)",3,37,0.0022855025016986844,0.0057119725363747875,0.036948657877890145,2,11,6.872422841434462E-4,9606,Homo sapiens,"ACTC1;ACTB","","R-HSA-9913335;R-HSA-9914537"
R-HSA-168164,"Toll Like Receptor 3 (TLR3) Cascade",5,117,0.0072271295323985425,0.005787523341931222,0.036948657877890145,10,79,0.0049356491315756595,9606,Homo sapiens,"RIPK2;NOD2;BTRC;OPTN;RELA","","R-HSA-9828209;R-HSA-168166;R-HSA-450337;R-HSA-9828205;R-HSA-9630923;R-HSA-168184;R-HSA-5684250;R-HSA-450346;R-HSA-5684248;R-HSA-9773803"
R-HSA-190873,"Gap junction degradation",2,12,7.412440546049787E-4,0.006158109646315024,0.036948657877890145,4,4,2.4990628514307136E-4,9606,Homo sapiens,"ACTB","","R-HSA-196017;R-HSA-190519;R-HSA-196026;R-HSA-190829"
R-HSA-264870,"Caspase-mediated cleavage of cytoskeletal proteins",2,12,7.412440546049787E-4,0.006158109646315024,0.036948657877890145,4,10,6.247657128576784E-4,9606,Homo sapiens,"GSN;VIM","","R-HSA-201622;R-HSA-350319;R-HSA-350318;R-HSA-201628"
R-HSA-448706,"Interleukin-1 processing",2,12,7.412440546049787E-4,0.006158109646315024,0.036948657877890145,2,5,3.123828564288392E-4,9606,Homo sapiens,"IL18;RELA","","R-HSA-449058;R-HSA-448703"
R-HSA-1643685,"Disease",43,3090,0.19087034406078202,0.006326318614492954,0.037957911686957724,169,2174,0.13582406597525928,9606,Homo sapiens,"IL22;VCP;ABCB1;IFNA1;IFNA2;NOD2;ACTB;RELA;TRIM28;NLRP3;TRIM27;BTRC;IL6R;JAK1;IL10;IFNAR2;CREBBP;IL11RA;RIPK2;IFNB1;IFNGR1;STAT1;IL10RB;IL10RA;STAT3;ERBIN;IL18;IFNLR1;TYK2;IL6;VIM;FGFR3;IFNAR1;IL17A","","R-HSA-9656211;R-HSA-9656209;R-HSA-9678737;R-HSA-9656215;R-HSA-9656214;R-HSA-447246;R-HSA-9666458;R-HSA-9665412;R-HSA-9681294;R-HSA-9696179;R-HSA-9851062;R-HSA-9948087;R-HSA-449058;R-HSA-9701810;R-HSA-5387386;R-HSA-9851071;R-HSA-4396393;R-HSA-9851068;R-HSA-4396392;R-HSA-2400009;R-HSA-9851064;R-HSA-5387389;R-HSA-4396402;R-HSA-4396401;R-HSA-9665697;R-HSA-9665696;R-HSA-9665703;R-HSA-9665702;R-HSA-9686699;R-HSA-9725357;R-HSA-9729454;R-HSA-9757097;R-HSA-9665708;R-HSA-9712085;R-HSA-9665232;R-HSA-5228811;R-HSA-6803234;R-HSA-5655315;R-HSA-6803233;R-HSA-9711058;R-HSA-844612;R-HSA-9672159;R-HSA-844610;R-HSA-2033485;R-HSA-9851072;R-HSA-9636297;R-HSA-2033476;R-HSA-9630921;R-HSA-9712079;R-HSA-9948108;R-HSA-180573;R-HSA-9649393;R-HSA-9672176;R-HSA-9851122;R-HSA-9662710;R-HSA-9851123;R-HSA-9662708;R-HSA-9851133;R-HSA-2038387;R-HSA-9923067;R-HSA-180591;R-HSA-9665278;R-HSA-2038386;R-HSA-9833446;R-HSA-9678561;R-HSA-9614816;R-HSA-9694689;R-HSA-9851109;R-HSA-9851106;R-HSA-180599;R-HSA-9851104;R-HSA-180597;R-HSA-9851118;R-HSA-6803230;R-HSA-9851117;R-HSA-6803227;R-HSA-9851114;R-HSA-9851112;R-HSA-6802919;R-HSA-6802918;R-HSA-9670417;R-HSA-9670416;R-HSA-2029466;R-HSA-6802914;R-HSA-2220964;R-HSA-6802912;R-HSA-2220966;R-HSA-9685268;R-HSA-5655262;R-HSA-6802926;R-HSA-9670426;R-HSA-6802925;R-HSA-2220971;R-HSA-9665304;R-HSA-9665311;R-HSA-6802922;R-HSA-6802921;R-HSA-6802935;R-HSA-9851142;R-HSA-6802934;R-HSA-6802933;R-HSA-2220979;R-HSA-6802932;R-HSA-9665280;R-HSA-909726;R-HSA-2220981;R-HSA-9665286;R-HSA-9851139;R-HSA-9665284;R-HSA-9851137;R-HSA-6802943;R-HSA-2220985;R-HSA-6802942;R-HSA-5655247;R-HSA-5655244;R-HSA-909719;R-HSA-2197690;R-HSA-5655243;R-HSA-9670412;R-HSA-8866854;R-HSA-5655285;R-HSA-9664567;R-HSA-1248694;R-HSA-9652277;R-HSA-5655295;R-HSA-2012084;R-HSA-2012082;R-HSA-1227964;R-HSA-9662781;R-HSA-8866857;R-HSA-5655289;R-HSA-8866856;R-HSA-9665315;R-HSA-5655270;R-HSA-9685281;R-HSA-2012074;R-HSA-5483238;R-HSA-2012073;R-HSA-6802911;R-HSA-6802910;R-HSA-448703;R-HSA-8853309;R-HSA-9652264;R-HSA-5655277;R-HSA-2220957;R-HSA-2029473;R-HSA-9920087;R-HSA-8853317;R-HSA-9678935;R-HSA-1861595;R-HSA-9664346;R-HSA-5678749;R-HSA-873951;R-HSA-9603905;R-HSA-9850958;R-HSA-9756494;R-HSA-1888198;R-HSA-1028817;R-HSA-9664588;R-HSA-9664332;R-HSA-442592;R-HSA-9665405;R-HSA-1306876;R-HSA-9665121;R-HSA-2077420;R-HSA-1250272;R-HSA-168184;R-HSA-9665389;R-HSA-9665388"
R-HSA-937061,"TRIF (TICAM1)-mediated TLR4 signaling ",5,122,0.007535981221817283,0.00686873569755031,0.04121241418530186,10,76,0.004748219417718355,9606,Homo sapiens,"RIPK2;NOD2;BTRC;OPTN;RELA","","R-HSA-168166;R-HSA-450337;R-HSA-9823906;R-HSA-9630923;R-HSA-168184;R-HSA-9823934;R-HSA-5684250;R-HSA-450346;R-HSA-5684248;R-HSA-9773803"
R-HSA-166166,"MyD88-independent TLR4 cascade ",5,122,0.007535981221817283,0.00686873569755031,0.04121241418530186,10,78,0.004873172560289891,9606,Homo sapiens,"RIPK2;NOD2;BTRC;OPTN;RELA","","R-HSA-168166;R-HSA-450337;R-HSA-9823906;R-HSA-9630923;R-HSA-168184;R-HSA-9823934;R-HSA-5684250;R-HSA-450346;R-HSA-5684248;R-HSA-9773803"
R-HSA-448424,"Interleukin-17 signaling",4,78,0.004818086354932361,0.0071657204166585275,0.042994322499951165,5,35,0.0021866799950018743,9606,Homo sapiens,"RIPK2;NOD2;BTRC;IL17A","","R-HSA-450337;R-HSA-447246;R-HSA-5684250;R-HSA-450346;R-HSA-5684248"
R-HSA-8934903,"Receptor Mediated Mitophagy",2,13,8.03014392488727E-4,0.007181966723725508,0.04309180034235305,1,7,4.3733599900037484E-4,9606,Homo sapiens,"ATG12;ATG5","","R-HSA-8959571"
R-HSA-5205647,"Mitophagy",3,41,0.002532583853233677,0.0075584092341557385,0.04535045540493443,7,23,0.0014369611395726603,9606,Homo sapiens,"OPTN;ATG12;ATG5","","R-HSA-5205663;R-HSA-9840807;R-HSA-9824897;R-HSA-9824892;R-HSA-8959571;R-HSA-9824894;R-HSA-9824888"
R-HSA-168181,"Toll Like Receptor 7/8 (TLR7/8) Cascade",5,125,0.007721292235468528,0.007581327404660665,0.04548796442796399,12,85,0.005310508559290266,9606,Homo sapiens,"RIPK2;IRF5;NOD2;BTRC;RELA","","R-HSA-9860278;R-HSA-9860292;R-HSA-168166;R-HSA-9860290;R-HSA-9860273;R-HSA-450337;R-HSA-9630923;R-HSA-168184;R-HSA-5684250;R-HSA-450346;R-HSA-5684248;R-HSA-9773803"
R-HSA-9860927,"Turbulent (oscillatory, disturbed) flow shear stress activates signaling by PIEZO1 and integrins in endothelial cells",3,42,0.0025943541911174254,0.008068720998950285,0.04841232599370171,5,23,0.0014369611395726603,9606,Homo sapiens,"STAT1;NLRP3;RELA","","R-HSA-9865511;R-HSA-9865524;R-HSA-8985983;R-HSA-9861486;R-HSA-8985943"
R-HSA-9662834,"CD163 mediating an anti-inflammatory response",2,14,8.647847303724751E-4,0.008277260270458164,0.049663561622748986,1,9,5.622891415719105E-4,9606,Homo sapiens,"IL10;IL6","","R-HSA-9662781"
R-HSA-168138,"Toll Like Receptor 9 (TLR9) Cascade",5,128,0.007906603249119773,0.008343905620300629,0.050063433721803774,12,86,0.005372985130576034,9606,Homo sapiens,"RIPK2;IRF5;NOD2;BTRC;RELA","","R-HSA-9860278;R-HSA-9860292;R-HSA-168166;R-HSA-9860290;R-HSA-9860273;R-HSA-450337;R-HSA-9630923;R-HSA-168184;R-HSA-5684250;R-HSA-450346;R-HSA-5684248;R-HSA-9773803"
R-HSA-3899300,"SUMOylation of transcription cofactors",3,44,0.0027178948668849217,0.009149030869628927,0.05489418521777356,5,27,0.0016868674247157316,9606,Homo sapiens,"CREBBP;TRIM28;RNF2","","R-HSA-3108203;R-HSA-3927824;R-HSA-3927959;R-HSA-3108209;R-HSA-3782535"
R-HSA-5689896,"Ovarian tumor domain proteases",3,44,0.0027178948668849217,0.009149030869628927,0.05489418521777356,2,14,8.746719980007497E-4,9606,Homo sapiens,"VCP;RIPK2;NOD2","","R-HSA-688136;R-HSA-6781953"
R-HSA-8853884,"Transcriptional Regulation by VENTX",3,48,0.0029649762184199148,0.011552561873259592,0.0581593107506001,3,13,8.121954267149819E-4,9606,Homo sapiens,"IL6;RELA","","R-HSA-3857305;R-HSA-8853890;R-HSA-3790130"
R-HSA-2559582,"Senescence-Associated Secretory Phenotype (SASP)",4,90,0.00555933040953734,0.01163186215012002,0.0581593107506001,6,22,0.0013744845682868924,9606,Homo sapiens,"IL6;STAT3;RELA","","R-HSA-3790137;R-HSA-3857305;R-HSA-3788748;R-HSA-3857308;R-HSA-3858387;R-HSA-3790130"
R-HSA-2565942,"Regulation of PLK1 Activity at G2/M Transition",4,92,0.005682871085304837,0.012516354069256885,0.06258177034628443,9,12,7.49718855429214E-4,9606,Homo sapiens,"CEP152;CEP192;BTRC;OPTN","","R-HSA-3000335;R-HSA-3000319;R-HSA-2562594;R-HSA-3002811;R-HSA-2562526;R-HSA-2574845;R-HSA-3000310;R-HSA-3000339;R-HSA-2574840"
R-HSA-2559583,"Cellular Senescence",6,199,0.012292297238865896,0.013170204955836207,0.06585102477918103,10,90,0.0056228914157191055,9606,Homo sapiens,"IL6;IFNB1;STAT3;RELA;RNF2","","R-HSA-3790137;R-HSA-3229089;R-HSA-3223200;R-HSA-3857305;R-HSA-3223236;R-HSA-3788748;R-HSA-3857308;R-HSA-3858387;R-HSA-3790130;R-HSA-3229102"
R-HSA-1170546,"Prolactin receptor signaling",2,18,0.001111866081907468,0.013344183671234466,0.06672091835617233,14,14,8.746719980007497E-4,9606,Homo sapiens,"BTRC;PRLR","","R-HSA-1675473;R-HSA-1369080;R-HSA-1369114;R-HSA-1369115;R-HSA-1370500;R-HSA-976991;R-HSA-1671691;R-HSA-982810;R-HSA-1364044;R-HSA-1302698;R-HSA-1170539;R-HSA-1370505;R-HSA-1671687;R-HSA-1364043"
R-HSA-5654227,"Phospholipase C-mediated cascade; FGFR3",2,18,0.001111866081907468,0.013344183671234466,0.06672091835617233,3,3,1.874297138573035E-4,9606,Homo sapiens,"FGFR3","","R-HSA-5654148;R-HSA-5654224;R-HSA-5654222"
R-HSA-8854214,"TBC/RABGAPs",3,51,0.0031502872320711595,0.013571669431038158,0.06683861326293794,2,14,8.746719980007497E-4,9606,Homo sapiens,"OPTN;RAB33A;RAB33B","","R-HSA-8854182;R-HSA-8854612"
R-HSA-1433557,"Signaling by SCF-KIT",3,51,0.0031502872320711595,0.013571669431038158,0.06683861326293794,4,39,0.0024365862801449456,9606,Homo sapiens,"STAT1;STAT3","","R-HSA-1433456;R-HSA-1470012;R-HSA-1470010;R-HSA-1470009"
R-HSA-3928662,"EPHB-mediated forward signaling",3,52,0.003212057569954908,0.014286473267432931,0.06683861326293794,2,26,0.0016243908534299637,9606,Homo sapiens,"CFL1;ACTB","","R-HSA-3928595;R-HSA-3928608"
R-HSA-190239,"FGFR3 ligand binding and activation",2,19,0.0011736364197912164,0.014775377743771467,0.06683861326293794,4,6,3.74859427714607E-4,9606,Homo sapiens,"FGFR3","","R-HSA-190385;R-HSA-190263;R-HSA-190388;R-HSA-190261"
R-HSA-193639,"p75NTR signals via NF-kB",2,19,0.0011736364197912164,0.014775377743771467,0.06683861326293794,3,13,8.121954267149819E-4,9606,Homo sapiens,"RIPK2;RELA","","R-HSA-193691;R-HSA-193656;R-HSA-193705"
R-HSA-9673767,"Signaling by PDGFRA transmembrane, juxtamembrane and kinase domain mutants",2,19,0.0011736364197912164,0.014775377743771467,0.06683861326293794,1,7,4.3733599900037484E-4,9606,Homo sapiens,"STAT1;STAT3","","R-HSA-9672176"
R-HSA-9673770,"Signaling by PDGFRA extracellular domain mutants",2,19,0.0011736364197912164,0.014775377743771467,0.06683861326293794,1,7,4.3733599900037484E-4,9606,Homo sapiens,"STAT1;STAT3","","R-HSA-9672159"
R-HSA-446353,"Cell-extracellular matrix interactions",2,19,0.0011736364197912164,0.014775377743771467,0.06683861326293794,1,10,6.247657128576784E-4,9606,Homo sapiens,"ACTB","","R-HSA-430347"
R-HSA-445989,"TAK1-dependent IKK and NF-kappa-B activation  ",3,55,0.003397368583606152,0.01655726115231737,0.06683861326293794,4,17,0.0010621017118580532,9606,Homo sapiens,"RIPK2;NOD2;RELA","","R-HSA-168166;R-HSA-9630923;R-HSA-168184;R-HSA-9773803"
R-HSA-168898,"Toll-like Receptor Cascades",6,210,0.012971770955587127,0.016709653315734485,0.06683861326293794,16,217,0.01355741596901162,9606,Homo sapiens,"RIPK2;IRF5;NOD2;BTRC;OPTN;RELA","","R-HSA-9860278;R-HSA-9828209;R-HSA-168166;R-HSA-9860273;R-HSA-450337;R-HSA-9823934;R-HSA-5684250;R-HSA-450346;R-HSA-5684248;R-HSA-9860292;R-HSA-9860290;R-HSA-9823906;R-HSA-9828205;R-HSA-9630923;R-HSA-168184;R-HSA-9773803"
R-HSA-9725371,"Nuclear events stimulated by ALK signaling in cancer",3,56,0.0034591389214899005,0.01735651581851405,0.0694260632740562,17,32,0.001999250281144571,9606,Homo sapiens,"IL10RA;STAT3;IFNLR1","","R-HSA-9851062;R-HSA-9851122;R-HSA-9851123;R-HSA-9701810;R-HSA-9851071;R-HSA-9851068;R-HSA-9851133;R-HSA-9851064;R-HSA-9851109;R-HSA-9851106;R-HSA-9851139;R-HSA-9851072;R-HSA-9851104;R-HSA-9851137;R-HSA-9851118;R-HSA-9725357;R-HSA-9851117"
R-HSA-2892247,"POU5F1 (OCT4), SOX2, NANOG activate genes related to proliferation",2,21,0.0012971770955587127,0.017825639207397104,0.07130255682958841,2,16,9.996251405722854E-4,9606,Homo sapiens,"STAT3","","R-HSA-2972956;R-HSA-452515"
R-HSA-1839117,"Signaling by cytosolic FGFR1 fusion mutants",2,23,0.0014207177713262092,0.021117661110120478,0.08447064444048191,1,14,8.746719980007497E-4,9606,Homo sapiens,"STAT1;STAT3","","R-HSA-1888198"
R-HSA-975871,"MyD88 cascade initiated on plasma membrane",4,109,0.006732966829328556,0.021787325541389846,0.08515923243271628,8,70,0.0043733599900037485,9606,Homo sapiens,"RIPK2;NOD2;BTRC;RELA","","R-HSA-168166;R-HSA-450337;R-HSA-9630923;R-HSA-168184;R-HSA-5684250;R-HSA-450346;R-HSA-5684248;R-HSA-9773803"
R-HSA-168142,"Toll Like Receptor 10 (TLR10) Cascade",4,109,0.006732966829328556,0.021787325541389846,0.08515923243271628,8,71,0.004435836561289516,9606,Homo sapiens,"RIPK2;NOD2;BTRC;RELA","","R-HSA-168166;R-HSA-450337;R-HSA-9630923;R-HSA-168184;R-HSA-5684250;R-HSA-450346;R-HSA-5684248;R-HSA-9773803"
R-HSA-168176,"Toll Like Receptor 5 (TLR5) Cascade",4,109,0.006732966829328556,0.021787325541389846,0.08515923243271628,8,71,0.004435836561289516,9606,Homo sapiens,"RIPK2;NOD2;BTRC;RELA","","R-HSA-168166;R-HSA-450337;R-HSA-9630923;R-HSA-168184;R-HSA-5684250;R-HSA-450346;R-HSA-5684248;R-HSA-9773803"
R-HSA-5654710,"PI-3K cascade:FGFR3",2,24,0.0014824881092099574,0.022851127299561846,0.08515923243271628,6,7,4.3733599900037484E-4,9606,Homo sapiens,"FGFR3","","R-HSA-5654709;R-HSA-5654643;R-HSA-5654640;R-HSA-5654641;R-HSA-5654705;R-HSA-5654637"
R-HSA-166016,"Toll Like Receptor 4 (TLR4) Cascade",5,166,0.010253876088702206,0.022981412316556593,0.08515923243271628,10,113,0.007059852555291766,9606,Homo sapiens,"RIPK2;NOD2;BTRC;OPTN;RELA","","R-HSA-168166;R-HSA-450337;R-HSA-9823906;R-HSA-9630923;R-HSA-168184;R-HSA-9823934;R-HSA-5684250;R-HSA-450346;R-HSA-5684248;R-HSA-9773803"
R-HSA-9020702,"Interleukin-1 signaling",4,112,0.006918277842979801,0.023763080739062636,0.08515923243271628,10,59,0.0036861177058603025,9606,Homo sapiens,"RIPK2;NOD2;BTRC;RELA","","R-HSA-209063;R-HSA-168166;R-HSA-209125;R-HSA-209061;R-HSA-2730894;R-HSA-9630923;R-HSA-168184;R-HSA-5684250;R-HSA-5684248;R-HSA-9773803"
R-HSA-9662361,"Sensory processing of sound by outer hair cells of the cochlea",3,64,0.003953301624559887,0.024517442691070146,0.08515923243271628,1,8,4.998125702861427E-4,9606,Homo sapiens,"GSN;ACTB","","R-HSA-9663363"
R-HSA-9764561,"Regulation of CDH1 Function",3,65,0.004015071962443635,0.02550859359808244,0.08515923243271628,3,16,9.996251405722854E-4,9606,Homo sapiens,"ACTC1;ACTB","","R-HSA-9934294;R-HSA-9934486;R-HSA-9934410"
R-HSA-5654704,"SHC-mediated cascade:FGFR3",2,26,0.001606028784977454,0.026486723917498733,0.08515923243271628,4,4,2.4990628514307136E-4,9606,Homo sapiens,"FGFR3","","R-HSA-5654646;R-HSA-5654647;R-HSA-5654625;R-HSA-5654634"
R-HSA-450321,"JNK (c-Jun kinases) phosphorylation and  activation mediated by activated human TAK1",2,26,0.001606028784977454,0.026486723917498733,0.08515923243271628,1,3,1.874297138573035E-4,9606,Homo sapiens,"RIPK2;NOD2","","R-HSA-450337"
R-HSA-5654706,"FRS-mediated FGFR3 signaling",2,27,0.001667799122861202,0.028386410810905427,0.08515923243271628,9,9,5.622891415719105E-4,9606,Homo sapiens,"FGFR3","","R-HSA-5654631;R-HSA-5654628;R-HSA-8941628;R-HSA-5654416;R-HSA-5654623;R-HSA-5654413;R-HSA-5654408;R-HSA-5654633;R-HSA-5654409"
R-HSA-450302,"activated TAK1 mediates p38 MAPK activation",2,27,0.001667799122861202,0.028386410810905427,0.08515923243271628,1,5,3.123828564288392E-4,9606,Homo sapiens,"RIPK2;NOD2","","R-HSA-450346"
R-HSA-9671555,"Signaling by PDGFR in disease",2,27,0.001667799122861202,0.028386410810905427,0.08515923243271628,2,24,0.001499437710858428,9606,Homo sapiens,"STAT1;STAT3","","R-HSA-9672176;R-HSA-9672159"
R-HSA-8853334,"Signaling by FGFR3 fusions in cancer",1,3,1.8531101365124467E-4,0.028497267000828774,0.08549180100248632,2,2,1.2495314257153568E-4,9606,Homo sapiens,"FGFR3","","R-HSA-8853317;R-HSA-8853309"
R-HSA-2033515,"t(4;14) translocations of FGFR3",1,3,1.8531101365124467E-4,0.028497267000828774,0.08549180100248632,2,2,1.2495314257153568E-4,9606,Homo sapiens,"FGFR3","","R-HSA-2038387;R-HSA-2038386"
R-HSA-975138,"TRAF6 mediated induction of NFkB and MAP kinases upon TLR7/8 or 9 activation",4,120,0.007412440546049787,0.02954998054090474,0.08864994162271422,8,60,0.00374859427714607,9606,Homo sapiens,"RIPK2;NOD2;BTRC;RELA","","R-HSA-168166;R-HSA-450337;R-HSA-9630923;R-HSA-168184;R-HSA-5684250;R-HSA-450346;R-HSA-5684248;R-HSA-9773803"
R-HSA-450294,"MAP kinase activation",3,69,0.004262153313978627,0.029686109982191677,0.08905832994657503,4,32,0.001999250281144571,9606,Homo sapiens,"RIPK2;NOD2;BTRC","","R-HSA-450337;R-HSA-5684250;R-HSA-450346;R-HSA-5684248"
R-HSA-975155,"MyD88 dependent cascade initiated on endosome",4,121,0.007474210883933535,0.030326954645753634,0.0909808639372609,8,75,0.004685742846432588,9606,Homo sapiens,"RIPK2;NOD2;BTRC;RELA","","R-HSA-168166;R-HSA-450337;R-HSA-9630923;R-HSA-168184;R-HSA-5684250;R-HSA-450346;R-HSA-5684248;R-HSA-9773803"
R-HSA-9857377,"Regulation of MITF-M-dependent genes involved in lysosome biogenesis and autophagy",2,28,0.0017295694607449503,0.030339091060690326,0.09101727318207098,2,13,8.121954267149819E-4,9606,Homo sapiens,"ATP6V0C","","R-HSA-9858883;R-HSA-9858913"
R-HSA-9953170,"GBP-mediated host defense",2,28,0.0017295694607449503,0.030339091060690326,0.09101727318207098,1,15,9.371485692865175E-4,9606,Homo sapiens,"ACTB","","R-HSA-9956706"
R-HSA-9616222,"Transcriptional regulation of granulopoiesis",3,70,0.004323923651862376,0.030783552918781987,0.09235065875634596,5,27,0.0016868674247157316,9606,Homo sapiens,"IL11RA;STAT3;IL6R","","R-HSA-9617194;R-HSA-9618584;R-HSA-9617209;R-HSA-9634430;R-HSA-9634445"
R-HSA-3108232,"SUMO E3 ligases SUMOylate target proteins",5,184,0.011365742170609674,0.03360235558392133,0.09546129448757101,12,132,0.008246907409721355,9606,Homo sapiens,"CREBBP;TRIM28;TRIM27;RELA;RNF2","","R-HSA-4551655;R-HSA-3108203;R-HSA-4570499;R-HSA-4655440;R-HSA-4755536;R-HSA-4551727;R-HSA-4570463;R-HSA-3927824;R-HSA-3927959;R-HSA-3108209;R-HSA-3782535;R-HSA-3000434"
R-HSA-5621575,"CD209 (DC-SIGN) signaling",2,30,0.0018531101365124468,0.03439874057346004,0.09546129448757101,4,11,6.872422841434462E-4,9606,Homo sapiens,"CREBBP;RELA","","R-HSA-5660660;R-HSA-5660980;R-HSA-5660666;R-HSA-5624473"
R-HSA-1266695,"Interleukin-7 signaling",2,31,0.001914880474396195,0.03650340770568017,0.09546129448757101,13,26,0.0016243908534299637,9606,Homo sapiens,"STAT3;JAK1","","R-HSA-449958;R-HSA-1295540;R-HSA-6785165;R-HSA-1295519;R-HSA-8983077;R-HSA-1295516;R-HSA-8983078;R-HSA-8983003;R-HSA-1264832;R-HSA-9025969;R-HSA-8983059;R-HSA-449978;R-HSA-8983063"
R-HSA-9665230,"Drug resistance in ERBB2 KD mutants",1,4,2.470813515349929E-4,0.03781587977176726,0.09546129448757101,8,8,4.998125702861427E-4,9606,Homo sapiens,"ERBIN","","R-HSA-9665315;R-HSA-9665232;R-HSA-9665280;R-HSA-9665286;R-HSA-9665284;R-HSA-9665304;R-HSA-9665311;R-HSA-9665278"
R-HSA-9652282,"Drug-mediated inhibition of ERBB2 signaling",1,4,2.470813515349929E-4,0.03781587977176726,0.09546129448757101,3,3,1.874297138573035E-4,9606,Homo sapiens,"ERBIN","","R-HSA-9652277;R-HSA-9652264;R-HSA-9665726"
R-HSA-9665233,"Resistance of ERBB2 KD mutants to trastuzumab",1,4,2.470813515349929E-4,0.03781587977176726,0.09546129448757101,1,1,6.247657128576784E-5,9606,Homo sapiens,"ERBIN","","R-HSA-9665232"
R-HSA-9665246,"Resistance of ERBB2 KD mutants to neratinib",1,4,2.470813515349929E-4,0.03781587977176726,0.09546129448757101,1,1,6.247657128576784E-5,9606,Homo sapiens,"ERBIN","","R-HSA-9665286"
R-HSA-9665737,"Drug resistance in ERBB2 TMD/JMD mutants",1,4,2.470813515349929E-4,0.03781587977176726,0.09546129448757101,1,1,6.247657128576784E-5,9606,Homo sapiens,"ERBIN","","R-HSA-9665708"
R-HSA-9665244,"Resistance of ERBB2 KD mutants to sapitinib",1,4,2.470813515349929E-4,0.03781587977176726,0.09546129448757101,1,1,6.247657128576784E-5,9606,Homo sapiens,"ERBIN","","R-HSA-9665304"
R-HSA-9665251,"Resistance of ERBB2 KD mutants to lapatinib",1,4,2.470813515349929E-4,0.03781587977176726,0.09546129448757101,1,1,6.247657128576784E-5,9606,Homo sapiens,"ERBIN","","R-HSA-9665284"
R-HSA-9665249,"Resistance of ERBB2 KD mutants to afatinib",1,4,2.470813515349929E-4,0.03781587977176726,0.09546129448757101,1,1,6.247657128576784E-5,9606,Homo sapiens,"ERBIN","","R-HSA-9665311"
R-HSA-9665247,"Resistance of ERBB2 KD mutants to osimertinib",1,4,2.470813515349929E-4,0.03781587977176726,0.09546129448757101,1,1,6.247657128576784E-5,9606,Homo sapiens,"ERBIN","","R-HSA-9665280"
R-HSA-5678771,"Defective ABCB4 causes PFIC3, ICP3 and GBD1",1,4,2.470813515349929E-4,0.03781587977176726,0.09546129448757101,1,1,6.247657128576784E-5,9606,Homo sapiens,"ABCB1","","R-HSA-5678749"
R-HSA-9665245,"Resistance of ERBB2 KD mutants to tesevatinib",1,4,2.470813515349929E-4,0.03781587977176726,0.09546129448757101,1,1,6.247657128576784E-5,9606,Homo sapiens,"ERBIN","","R-HSA-9665315"
R-HSA-9665250,"Resistance of ERBB2 KD mutants to AEE788",1,4,2.470813515349929E-4,0.03781587977176726,0.09546129448757101,1,1,6.247657128576784E-5,9606,Homo sapiens,"ERBIN","","R-HSA-9665278"
R-HSA-1169410,"Antimicrobial mechanism of IFN-stimulated genes",5,192,0.011859904873679659,0.03916069519840126,0.09546129448757101,5,86,0.005372985130576034,9606,Homo sapiens,"STAT1;STAT3;ACTB;JAK1","","R-HSA-1678841;R-HSA-9956706;R-HSA-9835443;R-HSA-9833723;R-HSA-1169406"
R-HSA-2990846,"SUMOylation",5,193,0.011921675211563407,0.03989262767339874,0.09546129448757101,12,141,0.008809196551293265,9606,Homo sapiens,"CREBBP;TRIM28;TRIM27;RELA;RNF2","","R-HSA-4551655;R-HSA-3108203;R-HSA-4570499;R-HSA-4655440;R-HSA-4755536;R-HSA-4551727;R-HSA-4570463;R-HSA-3927824;R-HSA-3927959;R-HSA-3108209;R-HSA-3782535;R-HSA-3000434"
R-HSA-166058,"MyD88:MAL(TIRAP) cascade initiated on plasma membrane",4,133,0.008215454938538513,0.04059209123070928,0.09546129448757101,8,76,0.004748219417718355,9606,Homo sapiens,"RIPK2;NOD2;BTRC;RELA","","R-HSA-168166;R-HSA-450337;R-HSA-9630923;R-HSA-168184;R-HSA-5684250;R-HSA-450346;R-HSA-5684248;R-HSA-9773803"
R-HSA-168188,"Toll Like Receptor TLR6:TLR2 Cascade",4,133,0.008215454938538513,0.04059209123070928,0.09546129448757101,8,78,0.004873172560289891,9606,Homo sapiens,"RIPK2;NOD2;BTRC;RELA","","R-HSA-168166;R-HSA-450337;R-HSA-9630923;R-HSA-168184;R-HSA-5684250;R-HSA-450346;R-HSA-5684248;R-HSA-9773803"
R-HSA-445095,"Interaction between L1 and Ankyrins",2,33,0.0020384211501636913,0.04085679926490082,0.09546129448757101,2,4,2.4990628514307136E-4,9606,Homo sapiens,"ACTB","","R-HSA-392751;R-HSA-373739"
R-HSA-5654732,"Negative regulation of FGFR3 signaling",2,34,0.0021001914880474397,0.043103322943070954,0.09546129448757101,3,14,8.746719980007497E-4,9606,Homo sapiens,"FGFR3","","R-HSA-5654679;R-HSA-5654565;R-HSA-5654730"
R-HSA-168179,"Toll Like Receptor TLR1:TLR2 Cascade",4,136,0.008400765952189759,0.04343126963429378,0.09546129448757101,8,78,0.004873172560289891,9606,Homo sapiens,"RIPK2;NOD2;BTRC;RELA","","R-HSA-168166;R-HSA-450337;R-HSA-9630923;R-HSA-168184;R-HSA-5684250;R-HSA-450346;R-HSA-5684248;R-HSA-9773803"
R-HSA-181438,"Toll Like Receptor 2 (TLR2) Cascade",4,136,0.008400765952189759,0.04343126963429378,0.09546129448757101,8,80,0.004998125702861427,9606,Homo sapiens,"RIPK2;NOD2;BTRC;RELA","","R-HSA-168166;R-HSA-450337;R-HSA-9630923;R-HSA-168184;R-HSA-5684250;R-HSA-450346;R-HSA-5684248;R-HSA-9773803"
R-HSA-1445148,"Translocation of SLC2A4 (GLUT4) to the plasma membrane",3,81,0.005003397368583606,0.04423674643525044,0.09546129448757101,4,15,9.371485692865175E-4,9606,Homo sapiens,"RALGAPB;ACTB","","R-HSA-2316352;R-HSA-1458485;R-HSA-1458463;R-HSA-2316349"
R-HSA-9927432,"Developmental Lineage of Mammary Gland Myoepithelial Cells",2,35,0.002161961825931188,0.0453949587956437,0.09546129448757101,2,2,1.2495314257153568E-4,9606,Homo sapiens,"VIM","","R-HSA-9925879;R-HSA-9925892"
R-HSA-5654708,"Downstream signaling of activated FGFR3",2,35,0.002161961825931188,0.0453949587956437,0.09546129448757101,22,23,0.0014369611395726603,9606,Homo sapiens,"FGFR3","","R-HSA-5654646;R-HSA-5654647;R-HSA-5654709;R-HSA-5654643;R-HSA-5654640;R-HSA-5654416;R-HSA-5654224;R-HSA-5654641;R-HSA-5654705;R-HSA-5654623;R-HSA-5654631;R-HSA-5654628;R-HSA-5654148;R-HSA-8941628;R-HSA-5654625;R-HSA-5654222;R-HSA-5654637;R-HSA-5654413;R-HSA-5654634;R-HSA-5654408;R-HSA-5654633;R-HSA-5654409"
R-HSA-3000171,"Non-integrin membrane-ECM interactions",3,83,0.005126938044351103,0.046950174929389465,0.09546129448757101,2,33,0.002061726852430339,9606,Homo sapiens,"ACTC1;ACTB","","R-HSA-9913335;R-HSA-9914537"
R-HSA-844455,"The NLRP1 inflammasome",1,5,3.0885168941874113E-4,0.04704567631379164,0.09546129448757101,4,4,2.4990628514307136E-4,9606,Homo sapiens,"CARD8","","R-HSA-844447;R-HSA-844438;R-HSA-879222;R-HSA-879201"
R-HSA-8875791,"MET activates STAT3",1,5,3.0885168941874113E-4,0.04704567631379164,0.09546129448757101,4,4,2.4990628514307136E-4,9606,Homo sapiens,"STAT3","","R-HSA-2730595;R-HSA-8875817;R-HSA-2730599;R-HSA-8875816"
R-HSA-198745,"Signalling to STAT3",1,5,3.0885168941874113E-4,0.04704567631379164,0.09546129448757101,1,1,6.247657128576784E-5,9606,Homo sapiens,"STAT3","","R-HSA-198732"
R-HSA-9960525,"CASP5-mediated substrate cleavage",1,5,3.0885168941874113E-4,0.04704567631379164,0.09546129448757101,1,3,1.874297138573035E-4,9606,Homo sapiens,"IL18","","R-HSA-9947978"
R-HSA-9960519,"CASP4-mediated substrate cleavage",1,5,3.0885168941874113E-4,0.04704567631379164,0.09546129448757101,1,4,2.4990628514307136E-4,9606,Homo sapiens,"IL18","","R-HSA-9947987"
R-HSA-9008059,"Interleukin-37 signaling",2,36,0.002223732163814936,0.04773064724378551,0.09546129448757101,14,14,8.746719980007497E-4,9606,Homo sapiens,"IL37;STAT3","","R-HSA-9008587;R-HSA-9012556;R-HSA-9008684;R-HSA-9008577;R-HSA-8848335;R-HSA-9008928;R-HSA-9008696;R-HSA-9008894;R-HSA-9012542;R-HSA-9012689;R-HSA-9009072;R-HSA-9008692;R-HSA-9008694;R-HSA-9009910"
R-HSA-9706574,"RHOBTB GTPase Cycle",2,36,0.002223732163814936,0.04773064724378551,0.09546129448757101,2,4,2.4990628514307136E-4,9606,Homo sapiens,"VIM;ACTB","","R-HSA-9018778;R-HSA-9018787"
R-HSA-9013508,"NOTCH3 Intracellular Domain Regulates Transcription",2,36,0.002223732163814936,0.04773064724378551,0.09546129448757101,7,22,0.0013744845682868924,9606,Homo sapiens,"CREBBP;STAT1","","R-HSA-9021451;R-HSA-9021450;R-HSA-9021325;R-HSA-9016751;R-HSA-9013567;R-HSA-9014129;R-HSA-9021334"
R-HSA-5626467,"RHO GTPases activate IQGAPs",2,36,0.002223732163814936,0.04773064724378551,0.09546129448757101,1,5,3.123828564288392E-4,9606,Homo sapiens,"ACTB","","R-HSA-5626507"
R-HSA-936440,"Negative regulators of DDX58/IFIH1 signaling",2,37,0.0022855025016986844,0.05010934465087458,0.10021868930174915,1,13,8.121954267149819E-4,9606,Homo sapiens,"ATG12;ATG5","","R-HSA-936378"
R-HSA-186763,"Downstream signal transduction",2,37,0.0022855025016986844,0.05010934465087458,0.10021868930174915,1,16,9.996251405722854E-4,9606,Homo sapiens,"STAT1;STAT3","","R-HSA-380782"
R-HSA-111465,"Apoptotic cleavage of cellular proteins",2,38,0.0023472728395824327,0.052530023117398295,0.10506004623479659,4,38,0.0023741097088591776,9606,Homo sapiens,"GSN;VIM","","R-HSA-201622;R-HSA-350319;R-HSA-350318;R-HSA-201628"
R-HSA-9659379,"Sensory processing of sound",3,87,0.0053740193958860955,0.052617309180310934,0.10523461836062187,2,13,8.121954267149819E-4,9606,Homo sapiens,"GSN;ACTB","","R-HSA-9663363;R-HSA-9659380"
R-HSA-1839124,"FGFR1 mutant receptor activation",2,39,0.0024090431774661807,0.054991670278319194,0.10998334055663839,1,25,0.001561914282144196,9606,Homo sapiens,"STAT1;STAT3","","R-HSA-1888198"
R-HSA-9818035,"NFE2L2 regulating ER-stress associated genes",1,6,3.7062202730248935E-4,0.05618749772981069,0.11237499545962137,2,2,1.2495314257153568E-4,9606,Homo sapiens,"CREBBP","","R-HSA-9796068;R-HSA-9796061"
R-HSA-390522,"Striated Muscle Contraction",2,40,0.002470813515349929,0.057493289102840794,0.11498657820568159,4,4,2.4990628514307136E-4,9606,Homo sapiens,"ACTC1;VIM","","R-HSA-390597;R-HSA-390598;R-HSA-390593;R-HSA-390595"
R-HSA-9707564,"Cytoprotection by HMOX1",3,91,0.005621100747421088,0.05859864084977362,0.11719728169954724,3,22,0.0013744845682868924,9606,Homo sapiens,"CREBBP;STAT3;NLRP3","","R-HSA-1250272;R-HSA-400143;R-HSA-9709918"
R-HSA-168638,"NOD1/2 Signaling Pathway",2,41,0.002532583853233677,0.060033897696503025,0.12006779539300605,13,18,0.001124578283143821,9606,Homo sapiens,"RIPK2;NOD2","","R-HSA-741386;R-HSA-688136;R-HSA-688137;R-HSA-706479;R-HSA-622415;R-HSA-741411;R-HSA-688985;R-HSA-9676160;R-HSA-708349;R-HSA-168405;R-HSA-741395;R-HSA-168184;R-HSA-168412"
R-HSA-5663213,"RHO GTPases Activate WASPs and WAVEs",2,41,0.002532583853233677,0.060033897696503025,0.12006779539300605,4,10,6.247657128576784E-4,9606,Homo sapiens,"ACTB","","R-HSA-2029466;R-HSA-442592;R-HSA-2197690;R-HSA-2029473"
R-HSA-9680350,"Signaling by CSF1 (M-CSF) in myeloid cells",2,41,0.002532583853233677,0.060033897696503025,0.12006779539300605,3,14,8.746719980007497E-4,9606,Homo sapiens,"STAT1;STAT3","","R-HSA-9680389;R-HSA-9680388;R-HSA-9680348"
R-HSA-9711123,"Cellular response to chemical stress",6,288,0.017789857310519488,0.06126243333318526,0.12252486666637052,62,173,0.010808446832437835,9606,Homo sapiens,"CREBBP;VCP;STAT3;NLRP3;BTRC;RELA","","R-HSA-9761812;R-HSA-9761815;R-HSA-400143;R-HSA-9759364;R-HSA-9760128;R-HSA-9758088;R-HSA-9758090;R-HSA-9761846;R-HSA-9762096;R-HSA-9761841;R-HSA-9761849;R-HSA-9761828;R-HSA-9759141;R-HSA-9761836;R-HSA-9762093;R-HSA-9762091;R-HSA-9796055;R-HSA-9796054;R-HSA-9796049;R-HSA-9796048;R-HSA-9760081;R-HSA-9796051;R-HSA-9759186;R-HSA-9760082;R-HSA-9796050;R-HSA-9796061;R-HSA-9796060;R-HSA-9709918;R-HSA-9796057;R-HSA-9796056;R-HSA-9796059;R-HSA-9796058;R-HSA-9796039;R-HSA-9796045;R-HSA-9796044;R-HSA-9796046;R-HSA-9796040;R-HSA-9796043;R-HSA-9796042;R-HSA-9796084;R-HSA-9796080;R-HSA-9796082;R-HSA-9755507;R-HSA-9760125;R-HSA-9760122;R-HSA-9796069;R-HSA-9759332;R-HSA-9796068;R-HSA-9796071;R-HSA-9760103;R-HSA-9796070;R-HSA-1250272;R-HSA-9796065;R-HSA-9796064;R-HSA-9760097;R-HSA-9760099;R-HSA-9796066;R-HSA-9796077;R-HSA-9796076;R-HSA-9796079;R-HSA-9796075;R-HSA-9796074"
R-HSA-9909615,"Regulation of PD-L1(CD274) Post-translational modification",3,94,0.005806411761072333,0.06328597959146853,0.12657195918293707,8,25,0.001561914282144196,9606,Homo sapiens,"VCP;BTRC;JAK1","","R-HSA-9929350;R-HSA-9931298;R-HSA-9931313;R-HSA-9931264;R-HSA-9929357;R-HSA-9931290;R-HSA-9929353;R-HSA-9929352"
R-HSA-9818026,"NFE2L2 regulating inflammation associated genes",1,7,4.3239236518623756E-4,0.06524217720860004,0.13048435441720008,3,3,1.874297138573035E-4,9606,Homo sapiens,"CREBBP","","R-HSA-9796054;R-HSA-9796070;R-HSA-9796066"
R-HSA-8849474,"PTK6 Activates STAT3",1,7,4.3239236518623756E-4,0.06524217720860004,0.13048435441720008,6,9,5.622891415719105E-4,9606,Homo sapiens,"STAT3","","R-HSA-8848087;R-HSA-8848150;R-HSA-8848178;R-HSA-2730595;R-HSA-8848124;R-HSA-2730599"
R-HSA-3134973,"LRR FLII-interacting protein 1 (LRRFIP1) activates type I IFN production",1,7,4.3239236518623756E-4,0.06524217720860004,0.13048435441720008,1,5,3.123828564288392E-4,9606,Homo sapiens,"CREBBP","","R-HSA-3134883"
R-HSA-3134963,"DEx/H-box helicases activate type I IFN and inflammatory cytokines production ",1,7,4.3239236518623756E-4,0.06524217720860004,0.13048435441720008,1,5,3.123828564288392E-4,9606,Homo sapiens,"RELA","","R-HSA-9604480"
R-HSA-5357801,"Programmed Cell Death",5,225,0.01389832602384335,0.06774345612170773,0.13548691224341547,8,194,0.012120454829438961,9606,Homo sapiens,"GSN;CARD8;STAT3;IL18;VIM","","R-HSA-114256;R-HSA-449058;R-HSA-6805426;R-HSA-201622;R-HSA-350319;R-HSA-350318;R-HSA-6790025;R-HSA-201628"
R-HSA-6802948,"Signaling by high-kinase activity BRAF mutants",2,44,0.0027178948668849217,0.06788006610330011,0.13576013220660021,4,6,3.74859427714607E-4,9606,Homo sapiens,"ACTB","","R-HSA-6802912;R-HSA-6802911;R-HSA-6802910;R-HSA-6803227"
R-HSA-452723,"Transcriptional regulation of pluripotent stem cells",2,45,0.00277966520476867,0.07056711076118061,0.14113422152236121,4,35,0.0021866799950018743,9606,Homo sapiens,"STAT3","","R-HSA-2972956;R-HSA-452515;R-HSA-2895778;R-HSA-480520"
R-HSA-202424,"Downstream TCR signaling",3,99,0.006115263450491074,0.07147073650128222,0.14294147300256443,5,24,0.001499437710858428,9606,Homo sapiens,"RIPK2;BTRC;RELA","","R-HSA-5607728;R-HSA-2730894;R-HSA-202459;R-HSA-5607724;R-HSA-202541"
R-HSA-1266738,"Developmental Biology",26,2009,0.12409660880845018,0.07210080583668332,0.14420161167336665,64,992,0.061976758715481695,9606,Homo sapiens,"CREBBP;IL4R;IL11RA;STAT1;IL13;STAT3;ACTB;RNF2;RELA;IL4;IFNG;CFL1;STAT4;VIM;IL6R;ATP6V0C;IL12RB2","","R-HSA-9945877;R-HSA-443779;R-HSA-5617874;R-HSA-1183003;R-HSA-9618584;R-HSA-9942683;R-HSA-560517;R-HSA-9818523;R-HSA-2895778;R-HSA-480520;R-HSA-1980047;R-HSA-9978250;R-HSA-9925892;R-HSA-3928608;R-HSA-9978246;R-HSA-9634445;R-HSA-9825847;R-HSA-9942709;R-HSA-452515;R-HSA-9976381;R-HSA-445089;R-HSA-3928595;R-HSA-392751;R-HSA-9617209;R-HSA-9976117;R-HSA-2972956;R-HSA-9617194;R-HSA-5617896;R-HSA-9942698;R-HSA-9824981;R-HSA-1183058;R-HSA-9825751;R-HSA-9824593;R-HSA-9926482;R-HSA-9825747;R-HSA-399950;R-HSA-9976402;R-HSA-560472;R-HSA-560473;R-HSA-9976140;R-HSA-9942723;R-HSA-9858883;R-HSA-9824579;R-HSA-9976143;R-HSA-9926478;R-HSA-9816396;R-HSA-9942734;R-HSA-9976129;R-HSA-9925879;R-HSA-560491;R-HSA-560493;R-HSA-381283;R-HSA-373736;R-HSA-9793400;R-HSA-9634430;R-HSA-373739;R-HSA-9793383;R-HSA-9942499;R-HSA-3928654;R-HSA-560510;R-HSA-9858913;R-HSA-381309;R-HSA-9942511;R-HSA-560498"
R-HSA-8953750,"Transcriptional Regulation by E2F6",2,46,0.0028414355426524185,0.07328845599843337,0.14657691199686673,31,33,0.002061726852430339,9606,Homo sapiens,"E2F6;RNF2","","R-HSA-8954056;R-HSA-9007625;R-HSA-9007496;R-HSA-8953418;R-HSA-9007631;R-HSA-8954117;R-HSA-9007640;R-HSA-8953115;R-HSA-9007647;R-HSA-9007582;R-HSA-9007646;R-HSA-8953556;R-HSA-9007447;R-HSA-8953111;R-HSA-9007465;R-HSA-9007464;R-HSA-9007467;R-HSA-8953452;R-HSA-8954082;R-HSA-9007522;R-HSA-9007591;R-HSA-9007462;R-HSA-9007546;R-HSA-8954110;R-HSA-8961982;R-HSA-9007615;R-HSA-9007539;R-HSA-9007283;R-HSA-9007605;R-HSA-9007220;R-HSA-9007606"
R-HSA-9035034,"RHOF GTPase cycle",2,46,0.0028414355426524185,0.07328845599843337,0.14657691199686673,1,3,1.874297138573035E-4,9606,Homo sapiens,"ACTB","","R-HSA-9693125"
R-HSA-5603029,"IkBA variant leads to EDA-ID",1,8,4.941627030699858E-4,0.07421054009883354,0.1484210801976671,2,2,1.2495314257153568E-4,9606,Homo sapiens,"RELA","","R-HSA-5228811;R-HSA-9630921"
R-HSA-9860276,"SLC15A4:TASL-dependent IRF5 activation",1,8,4.941627030699858E-4,0.07421054009883354,0.1484210801976671,4,6,3.74859427714607E-4,9606,Homo sapiens,"IRF5","","R-HSA-9860278;R-HSA-9860292;R-HSA-9860290;R-HSA-9860273"
R-HSA-5660668,"CLEC7A/inflammasome pathway",1,8,4.941627030699858E-4,0.07421054009883354,0.1484210801976671,1,4,2.4990628514307136E-4,9606,Homo sapiens,"RELA","","R-HSA-5660622"
R-HSA-9646399,"Aggrephagy",2,47,0.0029032058805361664,0.07604320671294551,0.15208641342589102,4,15,9.371485692865175E-4,9606,Homo sapiens,"VCP;VIM","","R-HSA-9646354;R-HSA-9646679;R-HSA-9646347;R-HSA-9646685"
R-HSA-74752,"Signaling by Insulin receptor",3,102,0.006300574464142319,0.07659866465628418,0.15319732931256835,3,34,0.0021242034237161063,9606,Homo sapiens,"FGFR3;ATP6V0C","","R-HSA-74723;R-HSA-109699;R-HSA-5252133"
R-HSA-2682334,"EPH-Ephrin signaling",3,102,0.006300574464142319,0.07659866465628418,0.15319732931256835,3,56,0.0034986879920029987,9606,Homo sapiens,"CFL1;ACTB","","R-HSA-3928654;R-HSA-3928595;R-HSA-3928608"
R-HSA-9012999,"RHO GTPase cycle",8,460,0.028414355426524183,0.07820694738188161,0.15641389476376322,12,91,0.005685367987004873,9606,Homo sapiens,"VCP;ACTC1;GFOD1;ERBIN;VIM;ACTB","","R-HSA-9013145;R-HSA-9018808;R-HSA-9018746;R-HSA-9018778;R-HSA-9693125;R-HSA-9013009;R-HSA-9014449;R-HSA-9013024;R-HSA-9018787;R-HSA-9018758;R-HSA-9014294;R-HSA-9013110"
R-HSA-5674135,"MAP2K and MAPK activation",2,49,0.003026746556303663,0.08164941306277906,0.15932287234035492,8,12,7.49718855429214E-4,9606,Homo sapiens,"ACTB","","R-HSA-9657603;R-HSA-5672980;R-HSA-5672978;R-HSA-9657606;R-HSA-5672972;R-HSA-9657608;R-HSA-5672973;R-HSA-9657599"
R-HSA-9656223,"Signaling by RAF1 mutants",2,49,0.003026746556303663,0.08164941306277906,0.15932287234035492,4,7,4.3733599900037484E-4,9606,Homo sapiens,"ACTB","","R-HSA-9656211;R-HSA-9656209;R-HSA-9656215;R-HSA-9656214"
R-HSA-5655302,"Signaling by FGFR1 in disease",2,49,0.003026746556303663,0.08164941306277906,0.15932287234035492,1,35,0.0021866799950018743,9606,Homo sapiens,"STAT1;STAT3","","R-HSA-1888198"
R-HSA-9755511,"KEAP1-NFE2L2 pathway",4,169,0.01043918710235345,0.08177307663031586,0.15932287234035492,59,117,0.007309758840434837,9606,Homo sapiens,"CREBBP;VCP;BTRC;RELA","","R-HSA-9761812;R-HSA-9761815;R-HSA-9759364;R-HSA-9760128;R-HSA-9758088;R-HSA-9758090;R-HSA-9761846;R-HSA-9762096;R-HSA-9761841;R-HSA-9761849;R-HSA-9761828;R-HSA-9759141;R-HSA-9761836;R-HSA-9762093;R-HSA-9762091;R-HSA-9796055;R-HSA-9796054;R-HSA-9796049;R-HSA-9796048;R-HSA-9760081;R-HSA-9796051;R-HSA-9759186;R-HSA-9760082;R-HSA-9796050;R-HSA-9796061;R-HSA-9796060;R-HSA-9796057;R-HSA-9796056;R-HSA-9796059;R-HSA-9796058;R-HSA-9796039;R-HSA-9796045;R-HSA-9796044;R-HSA-9796046;R-HSA-9796040;R-HSA-9796043;R-HSA-9796042;R-HSA-9796084;R-HSA-9796080;R-HSA-9796082;R-HSA-9755507;R-HSA-9760125;R-HSA-9760122;R-HSA-9796069;R-HSA-9759332;R-HSA-9796068;R-HSA-9796071;R-HSA-9760103;R-HSA-9796070;R-HSA-9796065;R-HSA-9796064;R-HSA-9760097;R-HSA-9760099;R-HSA-9796066;R-HSA-9796077;R-HSA-9796076;R-HSA-9796079;R-HSA-9796075;R-HSA-9796074"
R-HSA-2161517,"Abacavir transmembrane transport",1,9,5.55933040953734E-4,0.08309340398226717,0.15932287234035492,1,3,1.874297138573035E-4,9606,Homo sapiens,"ABCB1","","R-HSA-2161538"
R-HSA-190828,"Gap junction trafficking",2,52,0.003212057569954908,0.09028767094269352,0.15932287234035492,4,20,0.0012495314257153568,9606,Homo sapiens,"ACTB","","R-HSA-196017;R-HSA-190519;R-HSA-196026;R-HSA-190829"
R-HSA-3214847,"HATs acetylate histones",3,110,0.006794737167212304,0.09103244735927052,0.15932287234035492,3,15,9.371485692865175E-4,9606,Homo sapiens,"CREBBP;SGF29;ACTB","","R-HSA-3321975;R-HSA-3301237;R-HSA-3697008"
R-HSA-190371,"FGFR3b ligand binding and activation",1,10,6.177033788374823E-4,0.09189157874648324,0.15932287234035492,2,2,1.2495314257153568E-4,9606,Homo sapiens,"FGFR3","","R-HSA-190385;R-HSA-190263"
R-HSA-382556,"ABC-family protein mediated transport",3,111,0.006856507505096053,0.09291138525121001,0.15932287234035492,5,27,0.0016868674247157316,9606,Homo sapiens,"VCP;ABCB1","","R-HSA-8866551;R-HSA-5678706;R-HSA-8866546;R-HSA-1467457;R-HSA-8866542"
R-HSA-5654741,"Signaling by FGFR3",2,53,0.003273827907838656,0.09322481857415321,0.15932287234035492,29,43,0.002686492565288017,9606,Homo sapiens,"FGFR3","","R-HSA-5654679;R-HSA-5654416;R-HSA-5654224;R-HSA-5654623;R-HSA-5654148;R-HSA-5654222;R-HSA-5654413;R-HSA-5654730;R-HSA-5654408;R-HSA-5654409;R-HSA-5654646;R-HSA-5654647;R-HSA-5654709;R-HSA-5654643;R-HSA-5654640;R-HSA-5654641;R-HSA-5654705;R-HSA-5654631;R-HSA-5654628;R-HSA-190385;R-HSA-5654565;R-HSA-8941628;R-HSA-190263;R-HSA-190388;R-HSA-190261;R-HSA-5654625;R-HSA-5654637;R-HSA-5654634;R-HSA-5654633"
R-HSA-5607761,"Dectin-1 mediated noncanonical NF-kB signaling",2,53,0.003273827907838656,0.09322481857415321,0.15932287234035492,3,9,5.622891415719105E-4,9606,Homo sapiens,"BTRC;RELA","","R-HSA-5660965;R-HSA-5607725;R-HSA-5607723"
R-HSA-9660821,"ADORA2B mediated anti-inflammatory cytokines production",2,53,0.003273827907838656,0.09322481857415321,0.15932287234035492,2,12,7.49718855429214E-4,9606,Homo sapiens,"IL6","","R-HSA-9662710;R-HSA-9662708"
R-HSA-6802946,"Signaling by moderate kinase activity BRAF mutants",2,54,0.003335598245722404,0.09618948287964613,0.15932287234035492,4,7,4.3733599900037484E-4,9606,Homo sapiens,"ACTB","","R-HSA-6802919;R-HSA-6802914;R-HSA-6803230;R-HSA-6802921"
R-HSA-6802955,"Paradoxical activation of RAF signaling by kinase inactive BRAF",2,54,0.003335598245722404,0.09618948287964613,0.15932287234035492,4,7,4.3733599900037484E-4,9606,Homo sapiens,"ACTB","","R-HSA-6802918;R-HSA-6803234;R-HSA-6802943;R-HSA-6802942"
R-HSA-9649948,"Signaling downstream of RAS mutants",2,54,0.003335598245722404,0.09618948287964613,0.15932287234035492,4,7,4.3733599900037484E-4,9606,Homo sapiens,"ACTB","","R-HSA-6803233;R-HSA-6802926;R-HSA-6802925;R-HSA-6802922"
R-HSA-6802949,"Signaling by RAS mutants",2,54,0.003335598245722404,0.09618948287964613,0.15932287234035492,4,9,5.622891415719105E-4,9606,Homo sapiens,"ACTB","","R-HSA-6803233;R-HSA-6802926;R-HSA-6802925;R-HSA-6802922"
R-HSA-75153,"Apoptotic execution phase",2,54,0.003335598245722404,0.09618948287964613,0.15932287234035492,4,57,0.0035611645632887667,9606,Homo sapiens,"GSN;VIM","","R-HSA-201622;R-HSA-350319;R-HSA-350318;R-HSA-201628"
R-HSA-109581,"Apoptosis",4,180,0.01111866081907468,0.09732985886832202,0.15932287234035492,7,142,0.008871673122579032,9606,Homo sapiens,"GSN;CARD8;STAT3;VIM","","R-HSA-114256;R-HSA-6805426;R-HSA-201622;R-HSA-350319;R-HSA-350318;R-HSA-6790025;R-HSA-201628"
R-HSA-437239,"Recycling pathway of L1",2,55,0.003397368583606152,0.0991808743640431,0.15932287234035492,3,14,8.746719980007497E-4,9606,Homo sapiens,"ACTB","","R-HSA-443779;R-HSA-445089;R-HSA-373736"
R-HSA-3928665,"EPH-ephrin mediated repulsion of cells",2,55,0.003397368583606152,0.0991808743640431,0.15932287234035492,1,9,5.622891415719105E-4,9606,Homo sapiens,"ACTB","","R-HSA-3928654"
R-HSA-9860931,"Response of endothelial cells to shear stress",3,115,0.007103588856631046,0.10058584451213981,0.15932287234035492,5,51,0.0031863051355741595,9606,Homo sapiens,"STAT1;NLRP3;RELA","","R-HSA-9865511;R-HSA-9865524;R-HSA-8985983;R-HSA-9861486;R-HSA-8985943"
R-HSA-9828211,"Regulation of TBK1, IKKε-mediated activation of IRF3, IRF7 upon TLR3 ligation",1,11,6.794737167212304E-4,0.10060586665671978,0.15932287234035492,1,3,1.874297138573035E-4,9606,Homo sapiens,"OPTN","","R-HSA-9828209"
R-HSA-111453,"BH3-only proteins associate with and inactivate anti-apoptotic BCL-2 members",1,11,6.794737167212304E-4,0.10060586665671978,0.15932287234035492,1,5,3.123828564288392E-4,9606,Homo sapiens,"STAT3","","R-HSA-6790025"
R-HSA-157858,"Gap junction trafficking and regulation",2,57,0.003520909259373649,0.10524074290329499,0.15932287234035492,4,24,0.001499437710858428,9606,Homo sapiens,"ACTB","","R-HSA-196017;R-HSA-190519;R-HSA-196026;R-HSA-190829"
R-HSA-109704,"PI3K Cascade",2,58,0.003582679597257397,0.10830770249412991,0.15932287234035492,1,6,3.74859427714607E-4,9606,Homo sapiens,"FGFR3","","R-HSA-109699"
R-HSA-9818032,"NFE2L2 regulating MDR associated enzymes",1,12,7.412440546049787E-4,0.10923706242719255,0.15932287234035492,8,8,4.998125702861427E-4,9606,Homo sapiens,"CREBBP","","R-HSA-9796039;R-HSA-9796065;R-HSA-9796048;R-HSA-9796077;R-HSA-9796076;R-HSA-9796079;R-HSA-9796042;R-HSA-9796074"
R-HSA-8866907,"Activation of the TFAP2 (AP-2) family of transcription factors",1,12,7.412440546049787E-4,0.10923706242719255,0.15932287234035492,1,4,2.4990628514307136E-4,9606,Homo sapiens,"CREBBP","","R-HSA-8864307"
R-HSA-193692,"Regulated proteolysis of p75NTR",1,12,7.412440546049787E-4,0.10923706242719255,0.15932287234035492,1,5,3.123828564288392E-4,9606,Homo sapiens,"RELA","","R-HSA-193700"
R-HSA-4755510,"SUMOylation of immune response proteins",1,12,7.412440546049787E-4,0.10923706242719255,0.15932287234035492,1,6,3.74859427714607E-4,9606,Homo sapiens,"RELA","","R-HSA-4755536"
R-HSA-1169091,"Activation of NF-kappaB in B cells",2,59,0.003644449935141145,0.11139835401496889,0.15932287234035492,5,10,6.247657128576784E-4,9606,Homo sapiens,"BTRC;RELA","","R-HSA-1168640;R-HSA-1168643;R-HSA-1168642;R-HSA-1168633;R-HSA-1168638"
R-HSA-199991,"Membrane Trafficking",10,669,0.04132435604422756,0.11353037530518617,0.15932287234035492,26,219,0.013682369111583156,9606,Homo sapiens,"CYTH3;CYTH2;RALGAPB;UBQLN1;OPTN;CYTH1;ACTB;RAB33A;RAB33B","","R-HSA-8868230;R-HSA-8847887;R-HSA-1458463;R-HSA-8868236;R-HSA-8847883;R-HSA-8847880;R-HSA-8854612;R-HSA-8871194;R-HSA-2316349;R-HSA-8871193;R-HSA-8854182;R-HSA-2316352;R-HSA-1458485;R-HSA-8866275;R-HSA-8868651;R-HSA-190829;R-HSA-8868648;R-HSA-8868661;R-HSA-196017;R-HSA-8868660;R-HSA-8868659;R-HSA-190519;R-HSA-8868658;R-HSA-196026;R-HSA-8869438;R-HSA-8847544"
R-HSA-9692916,"SARS-CoV-1 activates/modulates innate immune responses",2,60,0.0037062202730248936,0.11451196853438039,0.15932287234035492,3,30,0.001874297138573035,9606,Homo sapiens,"NLRP3;RELA","","R-HSA-9685281;R-HSA-9711058;R-HSA-9685268"
R-HSA-202403,"TCR signaling",3,122,0.007535981221817283,0.11460028908423758,0.15932287234035492,5,52,0.0032487817068599274,9606,Homo sapiens,"RIPK2;BTRC;RELA","","R-HSA-5607728;R-HSA-2730894;R-HSA-202459;R-HSA-5607724;R-HSA-202541"
R-HSA-9662851,"Anti-inflammatory response favouring Leishmania parasite infection",4,192,0.011859904873679659,0.11575515077097576,0.15932287234035492,5,40,0.0024990628514307135,9606,Homo sapiens,"IL10;IL6","","R-HSA-9662710;R-HSA-9662708;R-HSA-9664346;R-HSA-9662781;R-HSA-9664332"
R-HSA-9664433,"Leishmania parasite growth and survival",4,192,0.011859904873679659,0.11575515077097576,0.15932287234035492,5,40,0.0024990628514307135,9606,Homo sapiens,"IL10;IL6","","R-HSA-9662710;R-HSA-9662708;R-HSA-9664346;R-HSA-9662781;R-HSA-9664332"
R-HSA-9639288,"Amino acids regulate mTORC1",2,61,0.0037679906109086415,0.11764782875907809,0.15932287234035492,11,12,7.49718855429214E-4,9606,Homo sapiens,"CEP192;ATP6V0C","","R-HSA-9640195;R-HSA-9657619;R-HSA-9640167;R-HSA-9639287;R-HSA-9639286;R-HSA-9646468;R-HSA-9640168;R-HSA-9645608;R-HSA-9640175;R-HSA-9645598;R-HSA-9640237"
R-HSA-390450,"Folding of actin by CCT/TriC",1,13,8.03014392488727E-4,0.11778595329175157,0.15932287234035492,2,2,1.2495314257153568E-4,9606,Homo sapiens,"ACTB","","R-HSA-390453;R-HSA-390459"
R-HSA-428359,"Insulin-like Growth Factor-2 mRNA Binding Proteins (IGF2BPs/IMPs/VICKZs) bind RNA",1,13,8.03014392488727E-4,0.11778595329175157,0.15932287234035492,1,3,1.874297138573035E-4,9606,Homo sapiens,"ACTB","","R-HSA-428296"
R-HSA-2586552,"Signaling by Leptin",1,13,8.03014392488727E-4,0.11778595329175157,0.15932287234035492,5,19,0.0011870548544295888,9606,Homo sapiens,"STAT3","","R-HSA-2671850;R-HSA-2671868;R-HSA-2671839;R-HSA-2730595;R-HSA-2730599"
R-HSA-111458,"Formation of apoptosome",1,13,8.03014392488727E-4,0.11778595329175157,0.15932287234035492,2,10,6.247657128576784E-4,9606,Homo sapiens,"CARD8","","R-HSA-114256;R-HSA-6805426"
R-HSA-5689877,"Josephin domain DUBs",1,13,8.03014392488727E-4,0.11778595329175157,0.15932287234035492,1,6,3.74859427714607E-4,9606,Homo sapiens,"VCP","","R-HSA-5688834"
R-HSA-9627069,"Regulation of the apoptosome activity",1,13,8.03014392488727E-4,0.11778595329175157,0.15932287234035492,1,6,3.74859427714607E-4,9606,Homo sapiens,"CARD8","","R-HSA-6805426"
R-HSA-9855142,"Cellular responses to mechanical stimuli",3,126,0.0077830625733522766,0.12292277864224921,0.15932287234035492,5,61,0.003811070848431838,9606,Homo sapiens,"STAT1;NLRP3;RELA","","R-HSA-9865511;R-HSA-9865524;R-HSA-8985983;R-HSA-9861486;R-HSA-8985943"
R-HSA-9012852,"Signaling by NOTCH3",2,63,0.0038915312866761383,0.12398347442128343,0.15932287234035492,7,37,0.00231163313757341,9606,Homo sapiens,"CREBBP;STAT1","","R-HSA-9021451;R-HSA-9021450;R-HSA-9021325;R-HSA-9016751;R-HSA-9013567;R-HSA-9014129;R-HSA-9021334"
R-HSA-9635465,"Suppression of apoptosis",1,14,8.647847303724751E-4,0.12625331907372817,0.15932287234035492,1,7,4.3733599900037484E-4,9606,Homo sapiens,"TRIM27","","R-HSA-9636297"
R-HSA-109606,"Intrinsic Pathway for Apoptosis",2,64,0.003953301624559887,0.1271818820882965,0.15932287234035492,3,63,0.003936023991003373,9606,Homo sapiens,"CARD8;STAT3","","R-HSA-114256;R-HSA-6805426;R-HSA-6790025"
R-HSA-5688426,"Deubiquitination",5,275,0.01698684291803076,0.12804654901671875,0.15932287234035492,5,77,0.004810695989004124,9606,Homo sapiens,"VCP;RIPK2;NLRP3;NOD2;ACTB","","R-HSA-688136;R-HSA-5688834;R-HSA-6781953;R-HSA-5691439;R-HSA-5689544"
R-HSA-112399,"IRS-mediated signalling",2,65,0.004015071962443635,0.13039977962124616,0.15932287234035492,1,9,5.622891415719105E-4,9606,Homo sapiens,"FGFR3","","R-HSA-109699"
R-HSA-9007101,"Rab regulation of trafficking",3,131,0.008091914262771017,0.13362558228878807,0.15932287234035492,2,35,0.0021866799950018743,9606,Homo sapiens,"OPTN;RAB33A;RAB33B","","R-HSA-8854182;R-HSA-8854612"
R-HSA-9931512,"Phosphorylation of CLOCK, acetylation of BMAL1 (ARNTL) at target gene promoters",1,15,9.265550682562234E-4,0.13463993225536286,0.15932287234035492,2,2,1.2495314257153568E-4,9606,Homo sapiens,"CREBBP","","R-HSA-9920724;R-HSA-9920716"
R-HSA-1234158,"Regulation of gene expression by Hypoxia-inducible Factor",1,15,9.265550682562234E-4,0.13463993225536286,0.15932287234035492,4,7,4.3733599900037484E-4,9606,Homo sapiens,"CREBBP","","R-HSA-1234167;R-HSA-1235035;R-HSA-1235070;R-HSA-1235037"
R-HSA-9818028,"NFE2L2 regulates pentose phosphate pathway genes",1,15,9.265550682562234E-4,0.13463993225536286,0.15932287234035492,4,8,4.998125702861427E-4,9606,Homo sapiens,"CREBBP","","R-HSA-9761812;R-HSA-9761828;R-HSA-9761846;R-HSA-9761849"
R-HSA-209560,"NF-kB is activated and signals survival",1,15,9.265550682562234E-4,0.13463993225536286,0.15932287234035492,2,4,2.4990628514307136E-4,9606,Homo sapiens,"RELA","","R-HSA-193691;R-HSA-193705"
R-HSA-9824878,"Regulation of TBK1, IKKε (IKBKE)-mediated activation of IRF3, IRF7 ",1,15,9.265550682562234E-4,0.13463993225536286,0.15932287234035492,1,3,1.874297138573035E-4,9606,Homo sapiens,"OPTN","","R-HSA-9823934"
R-HSA-111461,"Cytochrome c-mediated apoptotic response",1,15,9.265550682562234E-4,0.13463993225536286,0.15932287234035492,2,12,7.49718855429214E-4,9606,Homo sapiens,"CARD8","","R-HSA-114256;R-HSA-6805426"
R-HSA-9013973,"TICAM1-dependent activation of IRF3/IRF7",1,15,9.265550682562234E-4,0.13463993225536286,0.15932287234035492,2,15,9.371485692865175E-4,9606,Homo sapiens,"OPTN","","R-HSA-9828209;R-HSA-9828205"
R-HSA-69275,"G2/M Transition",4,205,0.012662919266168386,0.13729837397911182,0.15932287234035492,17,88,0.00549793827314757,9606,Homo sapiens,"CEP152;CEP192;BTRC;OPTN","","R-HSA-3000335;R-HSA-380455;R-HSA-380294;R-HSA-2562594;R-HSA-380303;R-HSA-8853419;R-HSA-3000319;R-HSA-380311;R-HSA-380272;R-HSA-3002811;R-HSA-2562526;R-HSA-2574845;R-HSA-8853405;R-HSA-3000310;R-HSA-3000339;R-HSA-380283;R-HSA-2574840"
R-HSA-8878166,"Transcriptional regulation by RUNX2",3,133,0.008215454938538513,0.13799526141201235,0.15932287234035492,4,81,0.0050606022741471945,9606,Homo sapiens,"LGALS3;STAT1","","R-HSA-8938382;R-HSA-9008015;R-HSA-9007999;R-HSA-8938371"
R-HSA-8873719,"RAB geranylgeranylation",2,68,0.004200382976094879,0.140163851262461,0.15932287234035492,2,5,3.123828564288392E-4,9606,Homo sapiens,"RAB33A;RAB33B","","R-HSA-8870469;R-HSA-8870466"
R-HSA-453274,"Mitotic G2-G2/M phases",4,207,0.012786459941935882,0.140748885341069,0.15932287234035492,17,90,0.0056228914157191055,9606,Homo sapiens,"CEP152;CEP192;BTRC;OPTN","","R-HSA-3000335;R-HSA-380455;R-HSA-380294;R-HSA-2562594;R-HSA-380303;R-HSA-8853419;R-HSA-3000319;R-HSA-380311;R-HSA-380272;R-HSA-3002811;R-HSA-2562526;R-HSA-2574845;R-HSA-8853405;R-HSA-3000310;R-HSA-3000339;R-HSA-380283;R-HSA-2574840"
R-HSA-9759194,"Nuclear events mediated by NFE2L2",3,135,0.00833899561430601,0.1424133501363869,0.15932287234035492,56,85,0.005310508559290266,9606,Homo sapiens,"CREBBP;BTRC;RELA","","R-HSA-9761812;R-HSA-9761815;R-HSA-9759364;R-HSA-9760128;R-HSA-9761846;R-HSA-9762096;R-HSA-9761841;R-HSA-9761849;R-HSA-9761828;R-HSA-9759141;R-HSA-9761836;R-HSA-9762093;R-HSA-9762091;R-HSA-9796055;R-HSA-9796054;R-HSA-9796049;R-HSA-9796048;R-HSA-9760081;R-HSA-9796051;R-HSA-9759186;R-HSA-9760082;R-HSA-9796050;R-HSA-9796061;R-HSA-9796060;R-HSA-9796057;R-HSA-9796056;R-HSA-9796059;R-HSA-9796058;R-HSA-9796039;R-HSA-9796045;R-HSA-9796044;R-HSA-9796046;R-HSA-9796040;R-HSA-9796043;R-HSA-9796042;R-HSA-9796084;R-HSA-9796080;R-HSA-9796082;R-HSA-9760125;R-HSA-9760122;R-HSA-9796069;R-HSA-9759332;R-HSA-9796068;R-HSA-9796071;R-HSA-9760103;R-HSA-9796070;R-HSA-9796065;R-HSA-9796064;R-HSA-9760097;R-HSA-9760099;R-HSA-9796066;R-HSA-9796077;R-HSA-9796076;R-HSA-9796079;R-HSA-9796075;R-HSA-9796074"
R-HSA-8941856,"RUNX3 regulates NOTCH signaling",1,16,9.883254061399717E-4,0.1429465580463597,0.15932287234035492,5,7,4.3733599900037484E-4,9606,Homo sapiens,"CREBBP","","R-HSA-1980047;R-HSA-8878243;R-HSA-4396347;R-HSA-8878237;R-HSA-8878220"
R-HSA-9634285,"Constitutive Signaling by Overexpressed ERBB2",1,16,9.883254061399717E-4,0.1429465580463597,0.15932287234035492,4,8,4.998125702861427E-4,9606,Homo sapiens,"ERBIN","","R-HSA-1248694;R-HSA-9652277;R-HSA-9652264;R-HSA-1227964"
R-HSA-9617629,"Regulation of FOXO transcriptional activity by acetylation",1,16,9.883254061399717E-4,0.1429465580463597,0.15932287234035492,4,9,5.622891415719105E-4,9606,Homo sapiens,"CREBBP","","R-HSA-9617683;R-HSA-9626928;R-HSA-9626945;R-HSA-9617758"
R-HSA-4655427,"SUMOylation of DNA methylation proteins",1,16,9.883254061399717E-4,0.1429465580463597,0.15932287234035492,1,3,1.874297138573035E-4,9606,Homo sapiens,"RNF2","","R-HSA-4655440"
R-HSA-879415,"Advanced glycosylation endproduct receptor signaling",1,16,9.883254061399717E-4,0.1429465580463597,0.15932287234035492,1,4,2.4990628514307136E-4,9606,Homo sapiens,"LGALS3","","R-HSA-879358"
R-HSA-209543,"p75NTR recruits signalling complexes",1,16,9.883254061399717E-4,0.1429465580463597,0.15932287234035492,1,9,5.622891415719105E-4,9606,Homo sapiens,"RIPK2","","R-HSA-193656"
R-HSA-2428928,"IRS-related events triggered by IGF1R",2,69,0.004262153313978627,0.14345320124976313,0.15932287234035492,1,12,7.49718855429214E-4,9606,Homo sapiens,"FGFR3","","R-HSA-109699"
R-HSA-186797,"Signaling by PDGF",2,70,0.004323923651862376,0.1467588402477089,0.15932287234035492,1,31,0.001936773709858803,9606,Homo sapiens,"STAT1;STAT3","","R-HSA-380782"
R-HSA-380284,"Loss of proteins required for interphase microtubule organization from the centrosome",2,71,0.004385693989746124,0.15008015918517403,0.15932287234035492,3,3,1.874297138573035E-4,9606,Homo sapiens,"CEP152;CEP192","","R-HSA-380294;R-HSA-380272;R-HSA-380303"
R-HSA-380259,"Loss of Nlp from mitotic centrosomes",2,71,0.004385693989746124,0.15008015918517403,0.15932287234035492,2,2,1.2495314257153568E-4,9606,Homo sapiens,"CEP152;CEP192","","R-HSA-380272;R-HSA-380303"
R-HSA-9818030,"NFE2L2 regulating tumorigenic genes",1,17,0.0010500957440237198,0.15117395445195547,0.15932287234035492,11,12,7.49718855429214E-4,9606,Homo sapiens,"CREBBP","","R-HSA-9796069;R-HSA-9796084;R-HSA-9796071;R-HSA-9796055;R-HSA-9796064;R-HSA-9796051;R-HSA-9796082;R-HSA-9796044;R-HSA-9796057;R-HSA-9796043;R-HSA-9796059"
R-HSA-9933947,"Formation of the non-canonical BAF (ncBAF) complex",1,17,0.0010500957440237198,0.15117395445195547,0.15932287234035492,1,2,1.2495314257153568E-4,9606,Homo sapiens,"ACTB","","R-HSA-9933236"
R-HSA-2428924,"IGF1R signaling cascade",2,72,0.004447464327629872,0.15341655903597307,0.15932287234035492,1,17,0.0010621017118580532,9606,Homo sapiens,"FGFR3","","R-HSA-109699"
R-HSA-74751,"Insulin receptor signalling cascade",2,72,0.004447464327629872,0.15341655903597307,0.15932287234035492,1,25,0.001561914282144196,9606,Homo sapiens,"FGFR3","","R-HSA-109699"
R-HSA-6802952,"Signaling by BRAF and RAF1 fusions",2,73,0.004509234665513621,0.15676745068426023,0.15932287234035492,4,5,3.123828564288392E-4,9606,Homo sapiens,"ACTB","","R-HSA-6802935;R-HSA-6802934;R-HSA-6802933;R-HSA-6802932"
R-HSA-2404192,"Signaling by Type 1 Insulin-like Growth Factor 1 Receptor (IGF1R)",2,73,0.004509234665513621,0.15676745068426023,0.15932287234035492,1,19,0.0011870548544295888,9606,Homo sapiens,"FGFR3","","R-HSA-109699"
R-HSA-190372,"FGFR3c ligand binding and activation",1,18,0.001111866081907468,0.15932287234035492,0.15932287234035492,2,4,2.4990628514307136E-4,9606,Homo sapiens,"FGFR3","","R-HSA-190388;R-HSA-190261"
R-HSA-5684264,"MAP3K8 (TPL2)-dependent MAPK1/3 activation",1,18,0.001111866081907468,0.15932287234035492,0.15932287234035492,2,8,4.998125702861427E-4,9606,Homo sapiens,"BTRC","","R-HSA-5684250;R-HSA-5684248"
R-HSA-9933937,"Formation of the canonical BAF (cBAF) complex",1,18,0.001111866081907468,0.15932287234035492,0.15932287234035492,1,5,3.123828564288392E-4,9606,Homo sapiens,"ACTB","","R-HSA-9933238"
R-HSA-9933939,"Formation of the polybromo-BAF (pBAF) complex",1,18,0.001111866081907468,0.15932287234035492,0.15932287234035492,1,6,3.74859427714607E-4,9606,Homo sapiens,"ACTB","","R-HSA-9933237"
R-HSA-9686114,"Non-canonical inflammasome activation",1,18,0.001111866081907468,0.15932287234035492,0.15932287234035492,2,17,0.0010621017118580532,9606,Homo sapiens,"IL18","","R-HSA-9947987;R-HSA-9947978"
R-HSA-8854518,"AURKA Activation by TPX2",2,74,0.004571005003397369,0.16013225479162063,0.16013225479162063,2,2,1.2495314257153568E-4,9606,Homo sapiens,"CEP152;CEP192","","R-HSA-8853405;R-HSA-8853419"
R-HSA-9006934,"Signaling by Receptor Tyrosine Kinases",9,634,0.03916239421829638,0.16017688488288861,0.16017688488288861,64,759,0.04741971760589779,9606,Homo sapiens,"STAT1;STAT3;ERBIN;FGFR3;ATP6V0C;ACTB","","R-HSA-9701524;R-HSA-9701525;R-HSA-109699;R-HSA-5654224;R-HSA-5654623;R-HSA-9701534;R-HSA-9701529;R-HSA-9701531;R-HSA-1918092;R-HSA-1918095;R-HSA-5654222;R-HSA-5654730;R-HSA-5654646;R-HSA-9701556;R-HSA-5654647;R-HSA-9701557;R-HSA-1963582;R-HSA-9851058;R-HSA-5654643;R-HSA-9652277;R-HSA-5654640;R-HSA-5654641;R-HSA-9701565;R-HSA-1470012;R-HSA-5218916;R-HSA-1470010;R-HSA-9665726;R-HSA-8875817;R-HSA-9701562;R-HSA-1470009;R-HSA-8875816;R-HSA-5654631;R-HSA-5654628;R-HSA-190385;R-HSA-8941628;R-HSA-190263;R-HSA-9701537;R-HSA-190388;R-HSA-190261;R-HSA-5654625;R-HSA-9701548;R-HSA-9701549;R-HSA-9652264;R-HSA-5654637;R-HSA-5654634;R-HSA-5654633;R-HSA-5654679;R-HSA-5654416;R-HSA-2730595;R-HSA-2730599;R-HSA-198732;R-HSA-5654148;R-HSA-9701569;R-HSA-1963589;R-HSA-5654413;R-HSA-5654408;R-HSA-5654409;R-HSA-74723;R-HSA-5654709;R-HSA-1433456;R-HSA-5654705;R-HSA-380782;R-HSA-5654565;R-HSA-5252133"
R-HSA-6811442,"Intra-Golgi and retrograde Golgi-to-ER traffic",4,219,0.01352770399654086,0.162155013956094,0.162155013956094,4,48,0.002998875421716856,9606,Homo sapiens,"CYTH3;CYTH2;CYTH1;RAB33B","","R-HSA-8847887;R-HSA-8847883;R-HSA-8847880;R-HSA-8847544"
R-HSA-9013026,"RHOB GTPase cycle",2,75,0.004632775341281117,0.16351040166577302,0.16351040166577302,1,6,3.74859427714607E-4,9606,Homo sapiens,"ACTC1;ERBIN","","R-HSA-9013024"
R-HSA-9662360,"Sensory processing of sound by inner hair cells of the cochlea",2,76,0.0046945456791648655,0.16690133113080596,0.16690133113080596,1,7,4.3733599900037484E-4,9606,Homo sapiens,"ACTB","","R-HSA-9659380"
R-HSA-9701898,"STAT3 nuclear events downstream of ALK signaling",1,19,0.0011736364197912164,0.16739405550939213,0.16739405550939213,11,11,6.872422841434462E-4,9606,Homo sapiens,"STAT3","","R-HSA-9701556;R-HSA-9701557;R-HSA-9851058;R-HSA-9701537;R-HSA-9701569;R-HSA-9701548;R-HSA-9701549;R-HSA-9701565;R-HSA-9701534;R-HSA-9701562;R-HSA-9701531"
R-HSA-1810476,"RIP-mediated NFkB activation via ZBP1",1,19,0.0011736364197912164,0.16739405550939213,0.16739405550939213,2,4,2.4990628514307136E-4,9606,Homo sapiens,"RELA","","R-HSA-9604480;R-HSA-168140"
R-HSA-9933946,"Formation of the embryonic stem cell BAF (esBAF) complex",1,19,0.0011736364197912164,0.16739405550939213,0.16739405550939213,1,5,3.123828564288392E-4,9606,Homo sapiens,"ACTB","","R-HSA-9934024"
R-HSA-399954,"Sema3A PAK dependent Axon repulsion",1,19,0.0011736364197912164,0.16739405550939213,0.16739405550939213,1,6,3.74859427714607E-4,9606,Homo sapiens,"CFL1","","R-HSA-399950"
R-HSA-8876725,"Protein methylation",1,19,0.0011736364197912164,0.16739405550939213,0.16739405550939213,1,9,5.622891415719105E-4,9606,Homo sapiens,"VCP","","R-HSA-8932276"
R-HSA-1168372,"Downstream signaling events of B Cell Receptor (BCR)",2,78,0.004818086354932361,0.17371934394459287,0.17371934394459287,5,15,9.371485692865175E-4,9606,Homo sapiens,"BTRC;RELA","","R-HSA-1168640;R-HSA-1168643;R-HSA-1168642;R-HSA-1168633;R-HSA-1168638"
R-HSA-1834949,"Cytosolic sensors of pathogen-associated DNA ",2,78,0.004818086354932361,0.17371934394459287,0.17371934394459287,3,50,0.003123828564288392,9606,Homo sapiens,"CREBBP;RELA","","R-HSA-9604480;R-HSA-3134883;R-HSA-168140"
R-HSA-210744,"Regulation of gene expression in late stage (branching morphogenesis) pancreatic bud precursor cells",1,20,0.0012354067576749645,0.1753882407527917,0.1753882407527917,1,4,2.4990628514307136E-4,9606,Homo sapiens,"CREBBP","","R-HSA-1980047"
R-HSA-9678110,"Attachment and Entry",1,20,0.0012354067576749645,0.1753882407527917,0.1753882407527917,1,10,6.247657128576784E-4,9606,Homo sapiens,"VCP","","R-HSA-9686699"
R-HSA-9754706,"Atorvastatin ADME",1,20,0.0012354067576749645,0.1753882407527917,0.1753882407527917,1,12,7.49718855429214E-4,9606,Homo sapiens,"ABCB1","","R-HSA-9757139"
R-HSA-9924644,"Developmental Lineages of the Mammary Gland",2,80,0.004941627030699858,0.18058199732286506,0.18058199732286506,2,8,4.998125702861427E-4,9606,Homo sapiens,"VIM","","R-HSA-9925879;R-HSA-9925892"
R-HSA-212436,"Generic Transcription Pathway",19,1574,0.0972265118290197,0.18175883744124033,0.18175883744124033,71,879,0.05491690616018993,9606,Homo sapiens,"LGALS3;CREBBP;IL6;CSF2;TRIM28;IFNG;STAT1;IL2RA;CTLA4;E2F6;RELA;RNF2","","R-HSA-9007625;R-HSA-9617683;R-HSA-9007496;R-HSA-8938251;R-HSA-9730967;R-HSA-8853890;R-HSA-9007631;R-HSA-8938382;R-HSA-9008015;R-HSA-212356;R-HSA-8878220;R-HSA-3790130;R-HSA-8938371;R-HSA-8954117;R-HSA-8937989;R-HSA-1980047;R-HSA-9007640;R-HSA-8953115;R-HSA-9007647;R-HSA-9007646;R-HSA-8878237;R-HSA-8938389;R-HSA-8953111;R-HSA-9622579;R-HSA-9626928;R-HSA-3857305;R-HSA-8878243;R-HSA-9007522;R-HSA-9007546;R-HSA-8864307;R-HSA-8961982;R-HSA-8877360;R-HSA-9007539;R-HSA-9007283;R-HSA-9622572;R-HSA-8877369;R-HSA-8954056;R-HSA-8953418;R-HSA-8877391;R-HSA-9617758;R-HSA-6797993;R-HSA-975040;R-HSA-8877385;R-HSA-9626945;R-HSA-6798004;R-HSA-8877396;R-HSA-9007582;R-HSA-8877404;R-HSA-8953556;R-HSA-9622604;R-HSA-9007447;R-HSA-9006422;R-HSA-9007465;R-HSA-9007464;R-HSA-8877414;R-HSA-9007467;R-HSA-8953452;R-HSA-8877421;R-HSA-8954082;R-HSA-9007591;R-HSA-9007462;R-HSA-8954110;R-HSA-9007615;R-HSA-9007999;R-HSA-9644900;R-HSA-4396347;R-HSA-8938228;R-HSA-9007605;R-HSA-9007220;R-HSA-8938231;R-HSA-9007606"
R-HSA-9931521,"The CRY:PER:kinase complex represses transactivation by the BMAL:CLOCK (ARNTL:CLOCK) complex",1,21,0.0012971770955587127,0.1833061579255969,0.1833061579255969,3,4,2.4990628514307136E-4,9606,Homo sapiens,"CREBBP","","R-HSA-9922273;R-HSA-9923005;R-HSA-9922269"
R-HSA-936964,"Activation of IRF3, IRF7 mediated by TBK1, IKKε (IKBKE)",1,21,0.0012971770955587127,0.1833061579255969,0.1833061579255969,2,15,9.371485692865175E-4,9606,Homo sapiens,"OPTN","","R-HSA-9823906;R-HSA-9823934"
R-HSA-380270,"Recruitment of mitotic centrosome proteins and complexes",2,81,0.005003397368583606,0.18402876129406365,0.18402876129406365,3,3,1.874297138573035E-4,9606,Homo sapiens,"CEP152;CEP192","","R-HSA-380311;R-HSA-380455;R-HSA-380283"
R-HSA-9730414,"MITF-M-regulated melanocyte development",4,233,0.014392488726913337,0.188511806341779,0.188511806341779,10,150,0.009371485692865176,9606,Homo sapiens,"CREBBP;ATP6V0C;ACTB","","R-HSA-9824981;R-HSA-9825847;R-HSA-9825751;R-HSA-9824593;R-HSA-9926482;R-HSA-9858883;R-HSA-9824579;R-HSA-9825747;R-HSA-9858913;R-HSA-9926478"
R-HSA-380287,"Centrosome maturation",2,83,0.005126938044351103,0.19095063510786336,0.19095063510786336,6,6,3.74859427714607E-4,9606,Homo sapiens,"CEP152;CEP192","","R-HSA-380311;R-HSA-380455;R-HSA-380294;R-HSA-380272;R-HSA-380303;R-HSA-380283"
R-HSA-1169408,"ISG15 antiviral mechanism",2,83,0.005126938044351103,0.19095063510786336,0.19095063510786336,2,16,9.996251405722854E-4,9606,Homo sapiens,"STAT1;JAK1","","R-HSA-1678841;R-HSA-1169406"
R-HSA-2029482,"Regulation of actin dynamics for phagocytic cup formation",3,158,0.009759713385632219,0.19622971140942158,0.19622971140942158,7,24,0.001499437710858428,9606,Homo sapiens,"CFL1;ACTB","","R-HSA-2029466;R-HSA-442592;R-HSA-1861595;R-HSA-399950;R-HSA-2029476;R-HSA-2197690;R-HSA-2029473"
R-HSA-9613829,"Chaperone Mediated Autophagy",1,23,0.0014207177713262092,0.19891607317537063,0.19891607317537063,9,19,0.0011870548544295888,9606,Homo sapiens,"VIM","","R-HSA-9625188;R-HSA-9620197;R-HSA-9622840;R-HSA-9615721;R-HSA-9624158;R-HSA-9622831;R-HSA-9625196;R-HSA-9626060;R-HSA-9625197"
R-HSA-8849932,"Synaptic adhesion-like molecules",1,23,0.0014207177713262092,0.19891607317537063,0.19891607317537063,3,8,4.998125702861427E-4,9606,Homo sapiens,"GRIN2C","","R-HSA-8849878;R-HSA-8849906;R-HSA-8849881"
R-HSA-9665348,"Signaling by ERBB2 ECD mutants",1,23,0.0014207177713262092,0.19891607317537063,0.19891607317537063,4,15,9.371485692865175E-4,9606,Homo sapiens,"ERBIN","","R-HSA-9665412;R-HSA-9665389;R-HSA-9665405;R-HSA-9665388"
R-HSA-9614657,"FOXO-mediated transcription of cell death genes",1,23,0.0014207177713262092,0.19891607317537063,0.19891607317537063,3,15,9.371485692865175E-4,9606,Homo sapiens,"CREBBP","","R-HSA-9622579;R-HSA-9622604;R-HSA-9622572"
R-HSA-1606322,"ZBP1(DAI) mediated induction of type I IFNs",1,23,0.0014207177713262092,0.19891607317537063,0.19891607317537063,2,11,6.872422841434462E-4,9606,Homo sapiens,"RELA","","R-HSA-9604480;R-HSA-168140"
R-HSA-111471,"Apoptotic factor-mediated response",1,23,0.0014207177713262092,0.19891607317537063,0.19891607317537063,2,28,0.0017493439960014994,9606,Homo sapiens,"CARD8","","R-HSA-114256;R-HSA-6805426"
R-HSA-5619084,"ABC transporter disorders",2,86,0.0053122490580023475,0.20139698186978328,0.20139698186978328,4,23,0.0014369611395726603,9606,Homo sapiens,"VCP;ABCB1","","R-HSA-8866854;R-HSA-5678749;R-HSA-8866857;R-HSA-8866856"
R-HSA-8856828,"Clathrin-mediated endocytosis",3,161,0.009945024399283464,0.20359196743828678,0.20359196743828678,12,35,0.0021866799950018743,9606,Homo sapiens,"UBQLN1;ACTB","","R-HSA-8868230;R-HSA-8868661;R-HSA-8868660;R-HSA-8866275;R-HSA-8868659;R-HSA-8868658;R-HSA-8869438;R-HSA-8868236;R-HSA-8868651;R-HSA-8871194;R-HSA-8871193;R-HSA-8868648"
R-HSA-9013418,"RHOBTB2 GTPase cycle",1,24,0.0014824881092099574,0.2066094968505373,0.2066094968505373,1,2,1.2495314257153568E-4,9606,Homo sapiens,"ACTB","","R-HSA-9018787"
R-HSA-9013422,"RHOBTB1 GTPase cycle",1,24,0.0014824881092099574,0.2066094968505373,0.2066094968505373,1,2,1.2495314257153568E-4,9606,Homo sapiens,"VIM","","R-HSA-9018778"
R-HSA-110320,"Translesion Synthesis by POLH",1,24,0.0014824881092099574,0.2066094968505373,0.2066094968505373,2,8,4.998125702861427E-4,9606,Homo sapiens,"VCP","","R-HSA-5654989;R-HSA-5654985"
R-HSA-5627117,"RHO GTPases Activate ROCKs",1,24,0.0014824881092099574,0.2066094968505373,0.2066094968505373,1,7,4.3733599900037484E-4,9606,Homo sapiens,"CFL1","","R-HSA-3928608"
R-HSA-9833482,"PKR-mediated signaling",2,88,0.005435789733769843,0.20839806517486947,0.20839806517486947,2,40,0.0024990628514307135,9606,Homo sapiens,"STAT1;STAT3","","R-HSA-9835443;R-HSA-9833723"
R-HSA-9934037,"Formation of neuronal progenitor and neuronal BAF (npBAF and nBAF)",1,25,0.0015442584470937055,0.21422950377836503,0.21422950377836503,2,2,1.2495314257153568E-4,9606,Homo sapiens,"ACTB","","R-HSA-9934023;R-HSA-9934021"
R-HSA-389513,"Co-inhibition by CTLA4",1,25,0.0015442584470937055,0.21422950377836503,0.21422950377836503,4,5,3.123828564288392E-4,9606,Homo sapiens,"CTLA4","","R-HSA-388833;R-HSA-388829;R-HSA-389532;R-HSA-388809"
R-HSA-9609523,"Insertion of tail-anchored proteins into the endoplasmic reticulum membrane",1,25,0.0015442584470937055,0.21422950377836503,0.21422950377836503,5,7,4.3733599900037484E-4,9606,Homo sapiens,"SGTA","","R-HSA-9609921;R-HSA-9609860;R-HSA-9610442;R-HSA-9617595;R-HSA-9617596"
R-HSA-9856651,"MITF-M-dependent gene expression",3,168,0.010377416764469702,0.22101083134255772,0.22101083134255772,6,113,0.007059852555291766,9606,Homo sapiens,"ATP6V0C;ACTB","","R-HSA-9824981;R-HSA-9825847;R-HSA-9824593;R-HSA-9858883;R-HSA-9824579;R-HSA-9858913"
R-HSA-5357786,"TNFR1-induced proapoptotic signaling",1,26,0.001606028784977454,0.22177679008252837,0.22177679008252837,1,3,1.874297138573035E-4,9606,Homo sapiens,"OPTN","","R-HSA-75240"
R-HSA-264642,"Acetylcholine Neurotransmitter Release Cycle",1,26,0.001606028784977454,0.22177679008252837,0.22177679008252837,1,6,3.74859427714607E-4,9606,Homo sapiens,"CHAT","","R-HSA-264622"
R-HSA-9931295,"PD-L1(CD274) glycosylation and translocation to plasma membrane",1,26,0.001606028784977454,0.22177679008252837,0.22177679008252837,1,7,4.3733599900037484E-4,9606,Homo sapiens,"JAK1","","R-HSA-9931290"
R-HSA-9819196,"Zygotic genome activation (ZGA)",1,26,0.001606028784977454,0.22177679008252837,0.22177679008252837,2,17,0.0010621017118580532,9606,Homo sapiens,"CREBBP","","R-HSA-9816396;R-HSA-9818523"
R-HSA-9013695,"NOTCH4 Intracellular Domain Regulates Transcription",1,26,0.001606028784977454,0.22177679008252837,0.22177679008252837,1,9,5.622891415719105E-4,9606,Homo sapiens,"CREBBP","","R-HSA-9604664"
R-HSA-6802957,"Oncogenic MAPK signaling",2,93,0.005744641423188585,0.22600363973693838,0.22600363973693838,24,46,0.0028739222791453207,9606,Homo sapiens,"ACTB","","R-HSA-9656211;R-HSA-6802919;R-HSA-6802918;R-HSA-9656209;R-HSA-9656215;R-HSA-9656214;R-HSA-6802914;R-HSA-6803234;R-HSA-6803233;R-HSA-6802912;R-HSA-6802926;R-HSA-6802925;R-HSA-6802922;R-HSA-6802921;R-HSA-6802935;R-HSA-6802934;R-HSA-6802933;R-HSA-6802932;R-HSA-6802943;R-HSA-6802911;R-HSA-6802942;R-HSA-6802910;R-HSA-6803230;R-HSA-6803227"
R-HSA-438066,"Unblocking of NMDA receptors, glutamate binding and activation",1,27,0.001667799122861202,0.22925204532864596,0.22925204532864596,4,5,3.123828564288392E-4,9606,Homo sapiens,"GRIN2C","","R-HSA-432164;R-HSA-432162;R-HSA-432172;R-HSA-9614185"
R-HSA-9617324,"Negative regulation of NMDA receptor-mediated neuronal transmission",1,27,0.001667799122861202,0.22925204532864596,0.22925204532864596,1,4,2.4990628514307136E-4,9606,Homo sapiens,"GRIN2C","","R-HSA-9617326"
R-HSA-9694614,"Attachment and Entry",1,27,0.001667799122861202,0.22925204532864596,0.22925204532864596,1,11,6.872422841434462E-4,9606,Homo sapiens,"VCP","","R-HSA-9694689"
R-HSA-3247509,"Chromatin modifying enzymes",4,254,0.015689665822472047,0.23034884367028174,0.23034884367028174,4,85,0.005310508559290266,9606,Homo sapiens,"CREBBP;SGF29;ACTB;RELA","","R-HSA-8865237;R-HSA-3321975;R-HSA-3301237;R-HSA-3697008"
R-HSA-73887,"Death Receptor Signaling",3,172,0.010624498116004695,0.23109822289247106,0.23109822289247106,9,119,0.007434711983006373,9606,Homo sapiens,"RIPK2;OPTN;RELA","","R-HSA-5357776;R-HSA-9793680;R-HSA-193700;R-HSA-75240;R-HSA-193691;R-HSA-193656;R-HSA-193705;R-HSA-9823816;R-HSA-9824874"
R-HSA-8953897,"Cellular responses to stimuli",14,1166,0.07202421397245043,0.23449485311153373,0.23449485311153373,95,613,0.03829813819817569,9606,Homo sapiens,"CREBBP;IL6;VCP;STAT1;IFNB1;STAT3;NLRP3;CEP192;BTRC;ATP6V0C;RELA;RNF2","","R-HSA-9657619;R-HSA-9761812;R-HSA-3790137;R-HSA-9761815;R-HSA-400143;R-HSA-5324632;R-HSA-3790130;R-HSA-9645598;R-HSA-9640195;R-HSA-9759364;R-HSA-3229089;R-HSA-3371554;R-HSA-3223200;R-HSA-9760128;R-HSA-1368065;R-HSA-9646468;R-HSA-9758088;R-HSA-9758090;R-HSA-3229102;R-HSA-9761846;R-HSA-9865524;R-HSA-3857305;R-HSA-9762096;R-HSA-9761841;R-HSA-3857308;R-HSA-9761849;R-HSA-9761828;R-HSA-9759141;R-HSA-9865511;R-HSA-9761836;R-HSA-9762093;R-HSA-9645608;R-HSA-9640237;R-HSA-9762091;R-HSA-9796055;R-HSA-9796054;R-HSA-9796049;R-HSA-9796048;R-HSA-9760081;R-HSA-9796051;R-HSA-9759186;R-HSA-9760082;R-HSA-9796050;R-HSA-9796061;R-HSA-9796060;R-HSA-1235035;R-HSA-9709918;R-HSA-9796057;R-HSA-9796056;R-HSA-9796059;R-HSA-9796058;R-HSA-1235037;R-HSA-9796039;R-HSA-9796045;R-HSA-9796044;R-HSA-9796046;R-HSA-9796040;R-HSA-9796043;R-HSA-8985943;R-HSA-9796042;R-HSA-9796084;R-HSA-9639287;R-HSA-9639286;R-HSA-9796080;R-HSA-1234167;R-HSA-9796082;R-HSA-9755507;R-HSA-9760125;R-HSA-3858387;R-HSA-1235070;R-HSA-9760122;R-HSA-9796069;R-HSA-9759332;R-HSA-9796068;R-HSA-9796071;R-HSA-9760103;R-HSA-9796070;R-HSA-1250272;R-HSA-9640167;R-HSA-9796065;R-HSA-9796064;R-HSA-9760097;R-HSA-3223236;R-HSA-3788748;R-HSA-8985983;R-HSA-9760099;R-HSA-9796066;R-HSA-9796077;R-HSA-9861486;R-HSA-9796076;R-HSA-9796079;R-HSA-9640168;R-HSA-9640175;R-HSA-9796075;R-HSA-9796074"
R-HSA-390466,"Chaperonin-mediated protein folding",2,96,0.0059299524368398296,0.23662061812947788,0.23662061812947788,5,19,0.0011870548544295888,9606,Homo sapiens,"STAT3;ACTB","","R-HSA-390453;R-HSA-390470;R-HSA-389970;R-HSA-389980;R-HSA-390459"
R-HSA-350054,"Notch-HLH transcription pathway",1,28,0.0017295694607449503,0.23665595258570227,0.23665595258570227,1,2,1.2495314257153568E-4,9606,Homo sapiens,"CREBBP","","R-HSA-212356"
R-HSA-380320,"Recruitment of NuMA to mitotic centrosomes",2,97,0.0059917227747235775,0.24016613707593804,0.24016613707593804,2,2,1.2495314257153568E-4,9606,Homo sapiens,"CEP152;CEP192","","R-HSA-380316;R-HSA-380508"
R-HSA-389957,"Prefoldin mediated transfer of substrate  to CCT/TriC",1,29,0.0017913397986286984,0.24398918848676565,0.24398918848676565,2,2,1.2495314257153568E-4,9606,Homo sapiens,"ACTB","","R-HSA-389970;R-HSA-389980"
R-HSA-194315,"Signaling by Rho GTPases",9,708,0.043733399221693746,0.24467112811333847,0.24467112811333847,26,203,0.01268274397101087,9606,Homo sapiens,"VCP;ACTC1;GFOD1;CFL1;ERBIN;VIM;ACTB","","R-HSA-5665751;R-HSA-2029466;R-HSA-5665809;R-HSA-5666001;R-HSA-9018758;R-HSA-9013145;R-HSA-9018778;R-HSA-9693125;R-HSA-9013009;R-HSA-2197690;R-HSA-3928608;R-HSA-5665802;R-HSA-5626507;R-HSA-9014294;R-HSA-442592;R-HSA-5665982;R-HSA-9013024;R-HSA-9018787;R-HSA-5665659;R-HSA-5665767;R-HSA-9018808;R-HSA-9018746;R-HSA-9014449;R-HSA-203070;R-HSA-2029473;R-HSA-9013110"
R-HSA-5620912,"Anchoring of the basal body to the plasma membrane",2,99,0.006115263450491074,0.24726466972057926,0.24726466972057926,8,9,5.622891415719105E-4,9606,Homo sapiens,"CEP152;CEP192","","R-HSA-5626228;R-HSA-5626227;R-HSA-5626220;R-HSA-5626223;R-HSA-5626681;R-HSA-5617816;R-HSA-5626699;R-HSA-5638009"
R-HSA-933542,"TRAF6 mediated NF-kB activation",1,30,0.0018531101365124468,0.2512524232893404,0.2512524232893404,2,4,2.4990628514307136E-4,9606,Homo sapiens,"RELA","","R-HSA-168166;R-HSA-168140"
R-HSA-9665686,"Signaling by ERBB2 TMD/JMD mutants",1,30,0.0018531101365124468,0.2512524232893404,0.2512524232893404,4,13,8.121954267149819E-4,9606,Homo sapiens,"ERBIN","","R-HSA-9665697;R-HSA-9665696;R-HSA-9665703;R-HSA-9665702"
R-HSA-391251,"Protein folding",2,102,0.006300574464142319,0.25792570209754406,0.25792570209754406,5,28,0.0017493439960014994,9606,Homo sapiens,"STAT3;ACTB","","R-HSA-390453;R-HSA-390470;R-HSA-389970;R-HSA-389980;R-HSA-390459"
R-HSA-9932451,"SWI/SNF chromatin remodelers",1,31,0.001914880474396195,0.2584463209349471,0.2584463209349471,6,20,0.0012495314257153568,9606,Homo sapiens,"ACTB","","R-HSA-9934023;R-HSA-9933238;R-HSA-9934021;R-HSA-9933237;R-HSA-9933236;R-HSA-9934024"
R-HSA-9620244,"Long-term potentiation",1,31,0.001914880474396195,0.2584463209349471,0.2584463209349471,1,7,4.3733599900037484E-4,9606,Homo sapiens,"GRIN2C","","R-HSA-9612085"
R-HSA-73857,"RNA Polymerase II Transcription",19,1677,0.10358885663104578,0.26224927097627204,0.26224927097627204,71,939,0.058665500437335996,9606,Homo sapiens,"LGALS3;CREBBP;IL6;CSF2;TRIM28;IFNG;STAT1;IL2RA;CTLA4;E2F6;RELA;RNF2","","R-HSA-9007625;R-HSA-9617683;R-HSA-9007496;R-HSA-8938251;R-HSA-9730967;R-HSA-8853890;R-HSA-9007631;R-HSA-8938382;R-HSA-9008015;R-HSA-212356;R-HSA-8878220;R-HSA-3790130;R-HSA-8938371;R-HSA-8954117;R-HSA-8937989;R-HSA-1980047;R-HSA-9007640;R-HSA-8953115;R-HSA-9007647;R-HSA-9007646;R-HSA-8878237;R-HSA-8938389;R-HSA-8953111;R-HSA-9622579;R-HSA-9626928;R-HSA-3857305;R-HSA-8878243;R-HSA-9007522;R-HSA-9007546;R-HSA-8864307;R-HSA-8961982;R-HSA-8877360;R-HSA-9007539;R-HSA-9007283;R-HSA-9622572;R-HSA-8877369;R-HSA-8954056;R-HSA-8953418;R-HSA-8877391;R-HSA-9617758;R-HSA-6797993;R-HSA-975040;R-HSA-8877385;R-HSA-9626945;R-HSA-6798004;R-HSA-8877396;R-HSA-9007582;R-HSA-8877404;R-HSA-8953556;R-HSA-9622604;R-HSA-9007447;R-HSA-9006422;R-HSA-9007465;R-HSA-9007464;R-HSA-8877414;R-HSA-9007467;R-HSA-8953452;R-HSA-8877421;R-HSA-8954082;R-HSA-9007591;R-HSA-9007462;R-HSA-8954110;R-HSA-9007615;R-HSA-9007999;R-HSA-9644900;R-HSA-4396347;R-HSA-8938228;R-HSA-9007605;R-HSA-9007220;R-HSA-8938231;R-HSA-9007606"
R-HSA-9716542,"Signaling by Rho GTPases, Miro GTPases and RHOBTB3",9,724,0.04472172462783371,0.26476211882687783,0.26476211882687783,26,212,0.013245033112582781,9606,Homo sapiens,"VCP;ACTC1;GFOD1;CFL1;ERBIN;VIM;ACTB","","R-HSA-5665751;R-HSA-2029466;R-HSA-5665809;R-HSA-5666001;R-HSA-9018758;R-HSA-9013145;R-HSA-9018778;R-HSA-9693125;R-HSA-9013009;R-HSA-2197690;R-HSA-3928608;R-HSA-5665802;R-HSA-5626507;R-HSA-9014294;R-HSA-442592;R-HSA-5665982;R-HSA-9013024;R-HSA-9018787;R-HSA-5665659;R-HSA-5665767;R-HSA-9018808;R-HSA-9018746;R-HSA-9014449;R-HSA-203070;R-HSA-2029473;R-HSA-9013110"
R-HSA-2219530,"Constitutive Signaling by Aberrant PI3K in Cancer",2,104,0.006424115139909816,0.26503775480547676,0.26503775480547676,1,2,1.2495314257153568E-4,9606,Homo sapiens,"FGFR3","","R-HSA-2400009"
R-HSA-9931510,"Phosphorylated BMAL1:CLOCK (ARNTL:CLOCK) activates expression of core clock genes",1,32,0.0019766508122799433,0.26557153910835773,0.26557153910835773,14,18,0.001124578283143821,9606,Homo sapiens,"CREBBP","","R-HSA-9922998;R-HSA-9925650;R-HSA-9909374;R-HSA-9909561;R-HSA-9909400;R-HSA-9929319;R-HSA-9925862;R-HSA-9922982;R-HSA-9925861;R-HSA-9923010;R-HSA-9925647;R-HSA-9922990;R-HSA-9923018;R-HSA-9929321"
R-HSA-5689901,"Metalloprotease DUBs",1,32,0.0019766508122799433,0.26557153910835773,0.26557153910835773,1,6,3.74859427714607E-4,9606,Homo sapiens,"NLRP3","","R-HSA-5691439"
R-HSA-2161522,"Abacavir ADME",1,32,0.0019766508122799433,0.26557153910835773,0.26557153910835773,1,10,6.247657128576784E-4,9606,Homo sapiens,"ABCB1","","R-HSA-2161538"
R-HSA-109582,"Hemostasis",10,821,0.050713447402557295,0.26888593681563333,0.26888593681563333,5,366,0.022866425090591027,9606,Homo sapiens,"IFNA13;IFNA1;IFNB1;IFNA2;CFL1;ACTB","","R-HSA-482775;R-HSA-994169;R-HSA-994038;R-HSA-994020;R-HSA-994034"
R-HSA-5357956,"TNFR1-induced NF-kappa-B signaling pathway",1,33,0.0020384211501636913,0.2726287292960855,0.2726287292960855,1,5,3.123828564288392E-4,9606,Homo sapiens,"OPTN","","R-HSA-5357776"
R-HSA-6803204,"TP53 Regulates Transcription of Genes Involved in Cytochrome C Release",1,33,0.0020384211501636913,0.2726287292960855,0.2726287292960855,2,25,0.001561914282144196,9606,Homo sapiens,"CREBBP","","R-HSA-6798004;R-HSA-6797993"
R-HSA-381340,"Transcriptional regulation of white adipocyte differentiation",2,107,0.00660942615356106,0.2757061340948148,0.2757061340948148,11,19,0.0011870548544295888,9606,Homo sapiens,"CREBBP;RELA","","R-HSA-1183058;R-HSA-560472;R-HSA-560473;R-HSA-560491;R-HSA-560493;R-HSA-560510;R-HSA-381283;R-HSA-381309;R-HSA-1183003;R-HSA-560498;R-HSA-560517"
R-HSA-5607764,"CLEC7A (Dectin-1) signaling",2,107,0.00660942615356106,0.2757061340948148,0.2757061340948148,8,45,0.0028114457078595527,9606,Homo sapiens,"BTRC;RELA","","R-HSA-5660965;R-HSA-5607728;R-HSA-2730894;R-HSA-5607725;R-HSA-5660622;R-HSA-5607724;R-HSA-5607723;R-HSA-202541"
R-HSA-5621481,"C-type lectin receptors (CLRs)",3,190,0.011736364197912163,0.27738716101093797,0.27738716101093797,12,68,0.004248406847432213,9606,Homo sapiens,"CREBBP;BTRC;RELA","","R-HSA-5660660;R-HSA-5660980;R-HSA-5660965;R-HSA-5607728;R-HSA-2730894;R-HSA-5607725;R-HSA-5660622;R-HSA-5607724;R-HSA-5660666;R-HSA-5624473;R-HSA-202541;R-HSA-5607723"
R-HSA-77387,"Insulin receptor recycling",1,34,0.0021001914880474397,0.2796185368444595,0.2796185368444595,2,6,3.74859427714607E-4,9606,Homo sapiens,"ATP6V0C","","R-HSA-74723;R-HSA-5252133"
R-HSA-9757110,"Prednisone ADME",1,34,0.0021001914880474397,0.2796185368444595,0.2796185368444595,3,14,8.746719980007497E-4,9606,Homo sapiens,"ABCB1","","R-HSA-9759461;R-HSA-9659680;R-HSA-9759454"
R-HSA-5620971,"Pyroptosis",1,34,0.0021001914880474397,0.2796185368444595,0.2796185368444595,1,24,0.001499437710858428,9606,Homo sapiens,"IL18","","R-HSA-449058"
R-HSA-9764265,"Regulation of CDH1 Expression and Function",3,192,0.011859904873679659,0.282596314414015,0.282596314414015,3,92,0.005747844558290641,9606,Homo sapiens,"ACTC1;ACTB","","R-HSA-9934294;R-HSA-9934486;R-HSA-9934410"
R-HSA-9764274,"Regulation of Expression and Function of Type I Classical Cadherins",3,192,0.011859904873679659,0.282596314414015,0.282596314414015,3,92,0.005747844558290641,9606,Homo sapiens,"ACTC1;ACTB","","R-HSA-9934294;R-HSA-9934486;R-HSA-9934410"
R-HSA-190236,"Signaling by FGFR",2,109,0.006732966829328556,0.2828148344139363,0.2828148344139363,29,142,0.008871673122579032,9606,Homo sapiens,"FGFR3","","R-HSA-5654679;R-HSA-5654416;R-HSA-5654224;R-HSA-5654623;R-HSA-5654148;R-HSA-5654222;R-HSA-5654413;R-HSA-5654730;R-HSA-5654408;R-HSA-5654409;R-HSA-5654646;R-HSA-5654647;R-HSA-5654709;R-HSA-5654643;R-HSA-5654640;R-HSA-5654641;R-HSA-5654705;R-HSA-5654631;R-HSA-5654628;R-HSA-190385;R-HSA-5654565;R-HSA-8941628;R-HSA-190263;R-HSA-190388;R-HSA-190261;R-HSA-5654625;R-HSA-5654637;R-HSA-5654634;R-HSA-5654633"
R-HSA-5653656,"Vesicle-mediated transport",10,833,0.05145469145716227,0.28345165448188747,0.28345165448188747,26,254,0.015869049106585032,9606,Homo sapiens,"CYTH3;CYTH2;RALGAPB;UBQLN1;OPTN;CYTH1;ACTB;RAB33A;RAB33B","","R-HSA-8868230;R-HSA-8847887;R-HSA-1458463;R-HSA-8868236;R-HSA-8847883;R-HSA-8847880;R-HSA-8854612;R-HSA-8871194;R-HSA-2316349;R-HSA-8871193;R-HSA-8854182;R-HSA-2316352;R-HSA-1458485;R-HSA-8866275;R-HSA-8868651;R-HSA-190829;R-HSA-8868648;R-HSA-8868661;R-HSA-196017;R-HSA-8868660;R-HSA-8868659;R-HSA-190519;R-HSA-8868658;R-HSA-196026;R-HSA-8869438;R-HSA-8847544"
R-HSA-9678108,"SARS-CoV-1 Infection",3,193,0.011921675211563407,0.28520429514907497,0.28520429514907497,4,159,0.009933774834437087,9606,Homo sapiens,"VCP;NLRP3;RELA","","R-HSA-9685281;R-HSA-9711058;R-HSA-9685268;R-HSA-9686699"
R-HSA-193704,"p75 NTR receptor-mediated signalling",2,110,0.006794737167212304,0.28636719026821944,0.28636719026821944,4,50,0.003123828564288392,9606,Homo sapiens,"RIPK2;RELA","","R-HSA-193700;R-HSA-193691;R-HSA-193656;R-HSA-193705"
R-HSA-9615710,"Late endosomal microautophagy",1,35,0.002161961825931188,0.2865416010171581,0.2865416010171581,3,3,1.874297138573035E-4,9606,Homo sapiens,"VIM","","R-HSA-9631065;R-HSA-9615721;R-HSA-9631068"
R-HSA-9664565,"Signaling by ERBB2 KD Mutants",1,35,0.002161961825931188,0.2865416010171581,0.2865416010171581,4,17,0.0010621017118580532,9606,Homo sapiens,"ERBIN","","R-HSA-9665121;R-HSA-9649393;R-HSA-9664567;R-HSA-9664588"
R-HSA-2029480,"Fcgamma receptor (FCGR) dependent phagocytosis",3,195,0.012045215887330903,0.29042636198155114,0.29042636198155114,7,42,0.002624015994002249,9606,Homo sapiens,"CFL1;ACTB","","R-HSA-2029466;R-HSA-442592;R-HSA-1861595;R-HSA-399950;R-HSA-2029476;R-HSA-2197690;R-HSA-2029473"
R-HSA-1227990,"Signaling by ERBB2 in Cancer",1,36,0.002223732163814936,0.293398555052082,0.293398555052082,25,62,0.003873547419717606,9606,Homo sapiens,"ERBIN","","R-HSA-9665232;R-HSA-9665304;R-HSA-9665311;R-HSA-9665280;R-HSA-9665286;R-HSA-9665284;R-HSA-9665412;R-HSA-9664588;R-HSA-9649393;R-HSA-9664567;R-HSA-1248694;R-HSA-9652277;R-HSA-9665278;R-HSA-9665405;R-HSA-1227964;R-HSA-9665315;R-HSA-9665697;R-HSA-9665121;R-HSA-9665696;R-HSA-9665703;R-HSA-9665702;R-HSA-9652264;R-HSA-9665389;R-HSA-9665388;R-HSA-9665708"
R-HSA-8863795,"Downregulation of ERBB2 signaling",1,36,0.002223732163814936,0.293398555052082,0.293398555052082,2,14,8.746719980007497E-4,9606,Homo sapiens,"ERBIN","","R-HSA-1918092;R-HSA-1918095"
R-HSA-9933387,"RORA,B,C and NR1D1 (REV-ERBA) regulate gene expression",1,36,0.002223732163814936,0.293398555052082,0.293398555052082,1,9,5.622891415719105E-4,9606,Homo sapiens,"CREBBP","","R-HSA-1801587"
R-HSA-9842860,"Regulation of endogenous retroelements",2,113,0.006980048180863549,0.2970127253344854,0.2970127253344854,8,17,0.0010621017118580532,9606,Homo sapiens,"TRIM28;ACTB","","R-HSA-9842839;R-HSA-9842868;R-HSA-9842850;R-HSA-9842833;R-HSA-9845308;R-HSA-9842876;R-HSA-9843978;R-HSA-9727450"
R-HSA-2559580,"Oxidative Stress Induced Senescence",2,113,0.006980048180863549,0.2970127253344854,0.2970127253344854,4,40,0.0024990628514307135,9606,Homo sapiens,"IFNB1;RNF2","","R-HSA-3229089;R-HSA-3223200;R-HSA-3223236;R-HSA-3229102"
R-HSA-389958,"Cooperation of Prefoldin and TriC/CCT  in actin and tubulin folding",1,37,0.0022855025016986844,0.30019002621788515,0.30019002621788515,4,6,3.74859427714607E-4,9606,Homo sapiens,"ACTB","","R-HSA-390453;R-HSA-389970;R-HSA-389980;R-HSA-390459"
R-HSA-2262752,"Cellular responses to stress",12,1039,0.0641793810612144,0.3007519221662953,0.3007519221662953,90,521,0.03255029363988504,9606,Homo sapiens,"CREBBP;IL6;VCP;IFNB1;STAT3;NLRP3;CEP192;BTRC;ATP6V0C;RELA;RNF2","","R-HSA-9657619;R-HSA-9761812;R-HSA-3790137;R-HSA-9761815;R-HSA-400143;R-HSA-5324632;R-HSA-3790130;R-HSA-9645598;R-HSA-9640195;R-HSA-9759364;R-HSA-3229089;R-HSA-3371554;R-HSA-3223200;R-HSA-9760128;R-HSA-1368065;R-HSA-9646468;R-HSA-9758088;R-HSA-9758090;R-HSA-3229102;R-HSA-9761846;R-HSA-3857305;R-HSA-9762096;R-HSA-9761841;R-HSA-3857308;R-HSA-9761849;R-HSA-9761828;R-HSA-9759141;R-HSA-9761836;R-HSA-9762093;R-HSA-9645608;R-HSA-9640237;R-HSA-9762091;R-HSA-9796055;R-HSA-9796054;R-HSA-9796049;R-HSA-9796048;R-HSA-9760081;R-HSA-9796051;R-HSA-9759186;R-HSA-9760082;R-HSA-9796050;R-HSA-9796061;R-HSA-9796060;R-HSA-1235035;R-HSA-9709918;R-HSA-9796057;R-HSA-9796056;R-HSA-9796059;R-HSA-9796058;R-HSA-1235037;R-HSA-9796039;R-HSA-9796045;R-HSA-9796044;R-HSA-9796046;R-HSA-9796040;R-HSA-9796043;R-HSA-9796042;R-HSA-9796084;R-HSA-9639287;R-HSA-9639286;R-HSA-9796080;R-HSA-1234167;R-HSA-9796082;R-HSA-9755507;R-HSA-9760125;R-HSA-3858387;R-HSA-1235070;R-HSA-9760122;R-HSA-9796069;R-HSA-9759332;R-HSA-9796068;R-HSA-9796071;R-HSA-9760103;R-HSA-9796070;R-HSA-1250272;R-HSA-9640167;R-HSA-9796065;R-HSA-9796064;R-HSA-9760097;R-HSA-3223236;R-HSA-3788748;R-HSA-9760099;R-HSA-9796066;R-HSA-9796077;R-HSA-9796076;R-HSA-9796079;R-HSA-9640168;R-HSA-9640175;R-HSA-9796075;R-HSA-9796074"
R-HSA-74160,"Gene expression (Transcription)",21,1920,0.1185990487367966,0.3020567933535624,0.3020567933535624,110,1138,0.0710983381232038,9606,Homo sapiens,"CREBBP;CSF2;STAT1;SGF29;ACTB;RELA;RNF2;LGALS3;IL6;TRIM28;IFNG;IL2RA;CTLA4;E2F6","","R-HSA-9859223;R-HSA-9007496;R-HSA-9842839;R-HSA-9730967;R-HSA-9851539;R-HSA-8853890;R-HSA-8938382;R-HSA-9008015;R-HSA-9842833;R-HSA-8878220;R-HSA-3790130;R-HSA-8938371;R-HSA-9859206;R-HSA-9851534;R-HSA-8878237;R-HSA-9851530;R-HSA-8938389;R-HSA-9842868;R-HSA-9854130;R-HSA-8878243;R-HSA-9843120;R-HSA-9854128;R-HSA-9843121;R-HSA-9854142;R-HSA-9859007;R-HSA-9843900;R-HSA-9842876;R-HSA-9854141;R-HSA-9859005;R-HSA-9007522;R-HSA-9007546;R-HSA-9842850;R-HSA-8961982;R-HSA-9843119;R-HSA-9843116;R-HSA-9007539;R-HSA-9007283;R-HSA-8954056;R-HSA-9856211;R-HSA-9859291;R-HSA-9727450;R-HSA-9007582;R-HSA-8953556;R-HSA-9859273;R-HSA-9677051;R-HSA-9677050;R-HSA-8954082;R-HSA-9007591;R-HSA-9856486;R-HSA-8954110;R-HSA-9007615;R-HSA-4396347;R-HSA-8938228;R-HSA-9007605;R-HSA-8938231;R-HSA-9007606;R-HSA-9007625;R-HSA-9617683;R-HSA-8938251;R-HSA-9007631;R-HSA-212356;R-HSA-8954117;R-HSA-8937989;R-HSA-9859334;R-HSA-1980047;R-HSA-9007640;R-HSA-8953115;R-HSA-9007647;R-HSA-9007646;R-HSA-9859084;R-HSA-9859082;R-HSA-9843978;R-HSA-8953111;R-HSA-9622579;R-HSA-9626928;R-HSA-3857305;R-HSA-9859121;R-HSA-9845308;R-HSA-8864307;R-HSA-8877360;R-HSA-9859119;R-HSA-9622572;R-HSA-8877369;R-HSA-8953418;R-HSA-8877391;R-HSA-9617758;R-HSA-6797993;R-HSA-975040;R-HSA-8877385;R-HSA-5250947;R-HSA-9626945;R-HSA-6798004;R-HSA-8877396;R-HSA-8877404;R-HSA-9622604;R-HSA-9007447;R-HSA-9006422;R-HSA-9007465;R-HSA-9007464;R-HSA-8877414;R-HSA-9859188;R-HSA-9007467;R-HSA-8953452;R-HSA-9859196;R-HSA-8877421;R-HSA-9007462;R-HSA-9007999;R-HSA-9644900;R-HSA-9859182;R-HSA-9007220"
R-HSA-9013407,"RHOH GTPase cycle",1,38,0.0023472728395824327,0.30691663586979334,0.30691663586979334,1,3,1.874297138573035E-4,9606,Homo sapiens,"VCP","","R-HSA-9018758"
R-HSA-2173795,"Downregulation of SMAD2/3:SMAD4 transcriptional activity",1,38,0.0023472728395824327,0.30691663586979334,0.30691663586979334,1,27,0.0016868674247157316,9606,Homo sapiens,"STAT1","","R-HSA-9730967"
R-HSA-9918487,"Dengue Virus Genome Translation and Replication",2,116,0.007165359194514794,0.3076350086137418,0.3076350086137418,2,64,0.003998500562289142,9606,Homo sapiens,"VCP;VIM","","R-HSA-9920087;R-HSA-9923067"
R-HSA-8939243,"RUNX1 interacts with co-factors whose precise effect on RUNX1 targets is not known",1,39,0.0024090431774661807,0.31357899950502854,0.31357899950502854,1,5,3.123828564288392E-4,9606,Homo sapiens,"RNF2","","R-HSA-8937989"
R-HSA-9692914,"SARS-CoV-1-host interactions",2,118,0.00728889987028229,0.31469999872659216,0.31469999872659216,3,48,0.002998875421716856,9606,Homo sapiens,"NLRP3;RELA","","R-HSA-9685281;R-HSA-9711058;R-HSA-9685268"
R-HSA-180534,"Vpu mediated degradation of CD4",1,40,0.002470813515349929,0.32017772681771417,0.32017772681771417,4,5,3.123828564288392E-4,9606,Homo sapiens,"BTRC","","R-HSA-180599;R-HSA-180597;R-HSA-180591;R-HSA-180573"
R-HSA-9818027,"NFE2L2 regulating anti-oxidant/detoxification enzymes",1,40,0.002470813515349929,0.32017772681771417,0.32017772681771417,16,28,0.0017493439960014994,9606,Homo sapiens,"CREBBP","","R-HSA-9761815;R-HSA-9796049;R-HSA-9761841;R-HSA-9759186;R-HSA-9760125;R-HSA-9760122;R-HSA-9796058;R-HSA-9759364;R-HSA-9759332;R-HSA-9759141;R-HSA-9760103;R-HSA-9760128;R-HSA-9760097;R-HSA-9760099;R-HSA-9796045;R-HSA-9796075"
R-HSA-390471,"Association of TriC/CCT with target proteins during biosynthesis",1,40,0.002470813515349929,0.32017772681771417,0.32017772681771417,1,2,1.2495314257153568E-4,9606,Homo sapiens,"STAT3","","R-HSA-390470"
R-HSA-5696394,"DNA Damage Recognition in GG-NER",1,40,0.002470813515349929,0.32017772681771417,0.32017772681771417,1,5,3.123828564288392E-4,9606,Homo sapiens,"ACTB","","R-HSA-5691006"
R-HSA-9734779,"Developmental Cell Lineages of the Integumentary System",2,120,0.007412440546049787,0.3217493576420899,0.3217493576420899,2,12,7.49718855429214E-4,9606,Homo sapiens,"VIM","","R-HSA-9925879;R-HSA-9925892"
R-HSA-1368108,"BMAL1:CLOCK,NPAS2 activates circadian expression",1,41,0.002532583853233677,0.32671342175315143,0.32671342175315143,1,18,0.001124578283143821,9606,Homo sapiens,"CREBBP","","R-HSA-879724"
R-HSA-9768919,"NPAS4 regulates expression of target genes",1,41,0.002532583853233677,0.32671342175315143,0.32671342175315143,1,35,0.0021866799950018743,9606,Homo sapiens,"CREBBP","","R-HSA-9644900"
R-HSA-162582,"Signal Transduction",32,3056,0.18877015257273458,0.33102106820131283,0.33102106820131283,159,2588,0.16168936648756715,9606,Homo sapiens,"VCP;CSF2;IL5RA;ACTB;RNF2;RELA;CFL1;TRIM27;BTRC;IL6R;JAK1;CREBBP;IL11RA;RIPK2;STAT1;STAT3;ERBIN;TYK2;IL6;ACTC1;GFOD1;IL2RA;IL2RB;VIM;IL6ST;ATP6V0C;FGFR3;OPTN","","R-HSA-9701524;R-HSA-9701525;R-HSA-9730967;R-HSA-9021325;R-HSA-9793680;R-HSA-3322427;R-HSA-5654623;R-HSA-9701534;R-HSA-9701529;R-HSA-9701531;R-HSA-9018758;R-HSA-4396371;R-HSA-9013145;R-HSA-9018778;R-HSA-4396379;R-HSA-3928608;R-HSA-4396382;R-HSA-9021334;R-HSA-5654646;R-HSA-109857;R-HSA-9701556;R-HSA-5654647;R-HSA-9701557;R-HSA-1963582;R-HSA-109858;R-HSA-9851058;R-HSA-5654643;R-HSA-9016751;R-HSA-5654640;R-HSA-5654641;R-HSA-9701565;R-HSA-9018787;R-HSA-1470012;R-HSA-5218916;R-HSA-1470010;R-HSA-5665659;R-HSA-9665726;R-HSA-9701562;R-HSA-1470009;R-HSA-9018808;R-HSA-5654631;R-HSA-5654628;R-HSA-190263;R-HSA-9701537;R-HSA-190261;R-HSA-5654625;R-HSA-9014449;R-HSA-9701548;R-HSA-9701549;R-HSA-5654637;R-HSA-5654634;R-HSA-203070;R-HSA-5654633;R-HSA-8943817;R-HSA-5672980;R-HSA-1912415;R-HSA-5672978;R-HSA-5665809;R-HSA-2130279;R-HSA-2130282;R-HSA-2730595;R-HSA-5362459;R-HSA-2130286;R-HSA-2730599;R-HSA-198732;R-HSA-8848087;R-HSA-5672965;R-HSA-1912393;R-HSA-9701569;R-HSA-9693125;R-HSA-1912394;R-HSA-1963589;R-HSA-5362441;R-HSA-5672972;R-HSA-1912391;R-HSA-5672973;R-HSA-5665802;R-HSA-8944104;R-HSA-9017835;R-HSA-1433456;R-HSA-380782;R-HSA-9657599;R-HSA-9038052;R-HSA-5654565;R-HSA-5252133;R-HSA-4396347;R-HSA-193656;R-HSA-8848124;R-HSA-1912416;R-HSA-5665751;R-HSA-5357776;R-HSA-9021451;R-HSA-109699;R-HSA-9021450;R-HSA-2029466;R-HSA-5654224;R-HSA-5666001;R-HSA-9657603;R-HSA-1980047;R-HSA-1918092;R-HSA-8848150;R-HSA-1918095;R-HSA-9657606;R-HSA-9013009;R-HSA-4395227;R-HSA-5654222;R-HSA-193691;R-HSA-9657608;R-HSA-2197690;R-HSA-5654730;R-HSA-9014294;R-HSA-5610742;R-HSA-9652277;R-HSA-193700;R-HSA-9013024;R-HSA-9604664;R-HSA-193705;R-HSA-5610745;R-HSA-8875817;R-HSA-5610746;R-HSA-8875816;R-HSA-1980078;R-HSA-5665767;R-HSA-2316434;R-HSA-8850997;R-HSA-190385;R-HSA-8941628;R-HSA-8848178;R-HSA-190388;R-HSA-9013567;R-HSA-9652264;R-HSA-1980067;R-HSA-5362412;R-HSA-2029473;R-HSA-1980065;R-HSA-5654679;R-HSA-2671850;R-HSA-8851011;R-HSA-5654416;R-HSA-5654148;R-HSA-2671868;R-HSA-5654413;R-HSA-9823816;R-HSA-5626507;R-HSA-5654408;R-HSA-5654409;R-HSA-74723;R-HSA-5654709;R-HSA-3361751;R-HSA-442592;R-HSA-5654705;R-HSA-5665982;R-HSA-75240;R-HSA-9018746;R-HSA-2671839;R-HSA-9014129;R-HSA-3364042;R-HSA-9013110;R-HSA-9824874"
R-HSA-174113,"SCF-beta-TrCP mediated degradation of Emi1",1,42,0.0025943541911174254,0.3331866825617681,0.3331866825617681,3,3,1.874297138573035E-4,9606,Homo sapiens,"BTRC","","R-HSA-174209;R-HSA-174203;R-HSA-174159"
R-HSA-917977,"Transferrin endocytosis and recycling",1,42,0.0025943541911174254,0.3331866825617681,0.3331866825617681,2,11,6.872422841434462E-4,9606,Homo sapiens,"ATP6V0C","","R-HSA-5252133;R-HSA-917841"
R-HSA-9772755,"Formation of WDR5-containing histone-modifying complexes",1,42,0.0025943541911174254,0.3331866825617681,0.3331866825617681,2,30,0.001874297138573035,9606,Homo sapiens,"SGF29","","R-HSA-9677051;R-HSA-9677050"
R-HSA-3232142,"SUMOylation of ubiquitinylation proteins",1,43,0.0026561245290011738,0.3395981018523889,0.3395981018523889,1,3,1.874297138573035E-4,9606,Homo sapiens,"TRIM27","","R-HSA-3000434"
R-HSA-3371511,"HSF1 activation",1,43,0.0026561245290011738,0.3395981018523889,0.3395981018523889,1,7,4.3733599900037484E-4,9606,Homo sapiens,"VCP","","R-HSA-5324632"
R-HSA-69205,"G1/S-Specific Transcription",1,43,0.0026561245290011738,0.3395981018523889,0.3395981018523889,1,28,0.0017493439960014994,9606,Homo sapiens,"E2F6","","R-HSA-8961982"
R-HSA-9759476,"Regulation of Homotypic Cell-Cell Adhesion",3,215,0.013280622645005869,0.342869600421404,0.342869600421404,3,125,0.007809571410720979,9606,Homo sapiens,"ACTC1;ACTB","","R-HSA-9934294;R-HSA-9934486;R-HSA-9934410"
R-HSA-9762114,"GSK3B and BTRC:CUL1-mediated-degradation of NFE2L2",1,44,0.0027178948668849217,0.34594826664512746,0.34594826664512746,3,4,2.4990628514307136E-4,9606,Homo sapiens,"BTRC","","R-HSA-9762096;R-HSA-9762093;R-HSA-9762091"
R-HSA-373760,"L1CAM interactions",2,130,0.00803014392488727,0.35669551418508894,0.35669551418508894,5,54,0.0033737348494314633,9606,Homo sapiens,"ACTB","","R-HSA-443779;R-HSA-445089;R-HSA-392751;R-HSA-373736;R-HSA-373739"
R-HSA-4420097,"VEGFA-VEGFR2 Pathway",2,130,0.00803014392488727,0.35669551418508894,0.35669551418508894,1,79,0.0049356491315756595,9606,Homo sapiens,"ACTB","","R-HSA-5218916"
R-HSA-9929356,"GSK3B-mediated proteasomal degradation of PD-L1(CD274)",1,46,0.0028414355426524185,0.35846715318764233,0.35846715318764233,4,7,4.3733599900037484E-4,9606,Homo sapiens,"BTRC","","R-HSA-9929350;R-HSA-9929357;R-HSA-9929353;R-HSA-9929352"
R-HSA-201556,"Signaling by ALK",1,46,0.0028414355426524185,0.35846715318764233,0.35846715318764233,14,42,0.002624015994002249,9606,Homo sapiens,"STAT3","","R-HSA-9701556;R-HSA-9701524;R-HSA-9701557;R-HSA-9701525;R-HSA-9851058;R-HSA-9701565;R-HSA-9701534;R-HSA-9701529;R-HSA-9701562;R-HSA-9701531;R-HSA-9701537;R-HSA-9701569;R-HSA-9701548;R-HSA-9701549"
R-HSA-3769402,"Deactivation of the beta-catenin transactivating complex",1,46,0.0028414355426524185,0.35846715318764233,0.35846715318764233,2,14,8.746719980007497E-4,9606,Homo sapiens,"BTRC","","R-HSA-3361751;R-HSA-3364042"
R-HSA-9931509,"Expression of BMAL (ARNTL), CLOCK, and NPAS2",1,46,0.0028414355426524185,0.35846715318764233,0.35846715318764233,1,10,6.247657128576784E-4,9606,Homo sapiens,"CREBBP","","R-HSA-1368065"
R-HSA-1257604,"PIP3 activates AKT signaling",4,315,0.01945765643338069,0.3607685409694522,0.3607685409694522,5,88,0.00549793827314757,9606,Homo sapiens,"TRIM27;FGFR3;RNF2","","R-HSA-8944104;R-HSA-2316434;R-HSA-8943817;R-HSA-8850997;R-HSA-8851011"
R-HSA-2219528,"PI3K/AKT Signaling in Cancer",2,132,0.008153684600654765,0.3636124517711635,0.3636124517711635,1,21,0.0013120079970011245,9606,Homo sapiens,"FGFR3","","R-HSA-2400009"
R-HSA-3371568,"Attenuation phase",1,47,0.0029032058805361664,0.36463702150295485,0.36463702150295485,1,5,3.123828564288392E-4,9606,Homo sapiens,"CREBBP","","R-HSA-3371554"
R-HSA-5602358,"Diseases associated with the TLR signaling cascade",1,47,0.0029032058805361664,0.36463702150295485,0.36463702150295485,2,14,8.746719980007497E-4,9606,Homo sapiens,"RELA","","R-HSA-5228811;R-HSA-9630921"
R-HSA-5362768,"Hh mutants are degraded by ERAD",1,48,0.0029649762184199148,0.37074792855377825,0.37074792855377825,3,6,3.74859427714607E-4,9606,Homo sapiens,"VCP","","R-HSA-5483238;R-HSA-5387386;R-HSA-5387389"
R-HSA-5676590,"NIK-->noncanonical NF-kB signaling",1,48,0.0029649762184199148,0.37074792855377825,0.37074792855377825,2,9,5.622891415719105E-4,9606,Homo sapiens,"BTRC","","R-HSA-5607725;R-HSA-5607723"
R-HSA-110313,"Translesion synthesis by Y family DNA polymerases bypasses lesions on DNA template",1,48,0.0029649762184199148,0.37074792855377825,0.37074792855377825,2,28,0.0017493439960014994,9606,Homo sapiens,"VCP","","R-HSA-5654989;R-HSA-5654985"
R-HSA-3214841,"PKMTs methylate histone lysines",1,48,0.0029649762184199148,0.37074792855377825,0.37074792855377825,1,22,0.0013744845682868924,9606,Homo sapiens,"RELA","","R-HSA-8865237"
R-HSA-3371556,"Cellular response to heat stress",2,135,0.00833899561430601,0.37393524615500395,0.37393524615500395,2,29,0.0018118205672872673,9606,Homo sapiens,"CREBBP;VCP","","R-HSA-3371554;R-HSA-5324632"
R-HSA-9609736,"Assembly and cell surface presentation of NMDA receptors",1,49,0.003026746556303663,0.37680043419244946,0.37680043419244946,7,23,0.0014369611395726603,9606,Homo sapiens,"GRIN2C","","R-HSA-9611030;R-HSA-9609738;R-HSA-9609739;R-HSA-9611368;R-HSA-9610750;R-HSA-9610879;R-HSA-9610653"
R-HSA-9932298,"Degradation of CRY and PER proteins",1,49,0.003026746556303663,0.37680043419244946,0.37680043419244946,2,9,5.622891415719105E-4,9606,Homo sapiens,"BTRC","","R-HSA-9932510;R-HSA-9932506"
R-HSA-5610785,"GLI3 is processed to GLI3R by the proteasome",1,49,0.003026746556303663,0.37680043419244946,0.37680043419244946,1,5,3.123828564288392E-4,9606,Homo sapiens,"BTRC","","R-HSA-5610746"
R-HSA-5610783,"Degradation of GLI2 by the proteasome",1,49,0.003026746556303663,0.37680043419244946,0.37680043419244946,1,5,3.123828564288392E-4,9606,Homo sapiens,"BTRC","","R-HSA-5610745"
R-HSA-5610780,"Degradation of GLI1 by the proteasome",1,49,0.003026746556303663,0.37680043419244946,0.37680043419244946,1,6,3.74859427714607E-4,9606,Homo sapiens,"BTRC","","R-HSA-5610742"
R-HSA-6811558,"PI5P, PP2A and IER3 Regulate PI3K/AKT Signaling",2,137,0.008462536290073507,0.3807799346160432,0.3807799346160432,1,7,4.3733599900037484E-4,9606,Homo sapiens,"FGFR3","","R-HSA-2316434"
R-HSA-5387390,"Hh mutants abrogate ligand secretion",1,51,0.0031502872320711595,0.3887324542835334,0.3887324542835334,3,7,4.3733599900037484E-4,9606,Homo sapiens,"VCP","","R-HSA-5483238;R-HSA-5387386;R-HSA-5387389"
R-HSA-4570464,"SUMOylation of RNA binding proteins",1,51,0.0031502872320711595,0.3887324542835334,0.3887324542835334,1,4,2.4990628514307136E-4,9606,Homo sapiens,"RNF2","","R-HSA-4570499"
R-HSA-9664323,"FCGR3A-mediated IL10 synthesis",2,141,0.0087096176416085,0.39437400948098644,0.39437400948098644,2,20,0.0012495314257153568,9606,Homo sapiens,"IL10","","R-HSA-9664346;R-HSA-9664332"
R-HSA-194138,"Signaling by VEGF",2,141,0.0087096176416085,0.39437400948098644,0.39437400948098644,1,86,0.005372985130576034,9606,Homo sapiens,"ACTB","","R-HSA-5218916"
R-HSA-9637690,"Response of Mtb to phagocytosis",1,52,0.003212057569954908,0.3946130622294628,0.3946130622294628,1,30,0.001874297138573035,9606,Homo sapiens,"TRIM27","","R-HSA-9636297"
R-HSA-8864260,"Transcriptional regulation by the AP-2 (TFAP2) family of transcription factors",1,52,0.003212057569954908,0.3946130622294628,0.3946130622294628,1,44,0.002748969136573785,9606,Homo sapiens,"CREBBP","","R-HSA-8864307"
R-HSA-5678895,"Defective CFTR causes cystic fibrosis",1,53,0.003273827907838656,0.40043745584791846,0.40043745584791846,3,8,4.998125702861427E-4,9606,Homo sapiens,"VCP","","R-HSA-8866854;R-HSA-8866857;R-HSA-8866856"
R-HSA-9824585,"Regulation of MITF-M-dependent genes involved in pigmentation",1,53,0.003273827907838656,0.40043745584791846,0.40043745584791846,4,23,0.0014369611395726603,9606,Homo sapiens,"ACTB","","R-HSA-9824981;R-HSA-9825847;R-HSA-9824593;R-HSA-9824579"
R-HSA-5260271,"Diseases of Immune System",1,53,0.003273827907838656,0.40043745584791846,0.40043745584791846,2,21,0.0013120079970011245,9606,Homo sapiens,"RELA","","R-HSA-5228811;R-HSA-9630921"
R-HSA-69613,"p53-Independent G1/S DNA Damage Checkpoint",1,53,0.003273827907838656,0.40043745584791846,0.40043745584791846,1,11,6.872422841434462E-4,9606,Homo sapiens,"BTRC","","R-HSA-69598"
R-HSA-69601,"Ubiquitin-Mediated Degradation of Phosphorylated Cdc25A",1,53,0.003273827907838656,0.40043745584791846,0.40043745584791846,1,11,6.872422841434462E-4,9606,Homo sapiens,"BTRC","","R-HSA-69598"
R-HSA-5357905,"Regulation of TNFR1 signaling",1,54,0.003335598245722404,0.40620616907296947,0.40620616907296947,3,41,0.0025615394227164814,9606,Homo sapiens,"OPTN","","R-HSA-9793680;R-HSA-9823816;R-HSA-9824874"
R-HSA-199418,"Negative regulation of the PI3K/AKT network",2,145,0.008956698993143492,0.4078326653805504,0.4078326653805504,1,10,6.247657128576784E-4,9606,Homo sapiens,"FGFR3","","R-HSA-2316434"
R-HSA-1483191,"Synthesis of PC",1,55,0.003397368583606152,0.4119197307999314,0.4119197307999314,1,17,0.0010621017118580532,9606,Homo sapiens,"CHAT","","R-HSA-264622"
R-HSA-9843745,"Adipogenesis",2,147,0.00908023966891099,0.4145082993695084,0.4145082993695084,11,33,0.002061726852430339,9606,Homo sapiens,"CREBBP;RELA","","R-HSA-1183058;R-HSA-560472;R-HSA-560473;R-HSA-560491;R-HSA-560493;R-HSA-560510;R-HSA-381283;R-HSA-381309;R-HSA-1183003;R-HSA-560498;R-HSA-560517"
R-HSA-389356,"Co-stimulation by CD28",1,56,0.0034591389214899005,0.4175786649325378,0.4175786649325378,2,19,0.0011870548544295888,9606,Homo sapiens,"CTLA4","","R-HSA-388808;R-HSA-388811"
R-HSA-9909396,"Circadian clock",2,148,0.009142010006794737,0.417832217099146,0.417832217099146,24,78,0.004873172560289891,9606,Homo sapiens,"CREBBP;BTRC","","R-HSA-879724;R-HSA-9922998;R-HSA-9920724;R-HSA-9925650;R-HSA-1801587;R-HSA-9932510;R-HSA-9909374;R-HSA-9922269;R-HSA-9923005;R-HSA-9932506;R-HSA-9909561;R-HSA-9909400;R-HSA-9929319;R-HSA-9925862;R-HSA-9922982;R-HSA-9925861;R-HSA-9923010;R-HSA-1368065;R-HSA-9922273;R-HSA-9925647;R-HSA-9922990;R-HSA-9920716;R-HSA-9923018;R-HSA-9929321"
R-HSA-5663220,"RHO GTPases Activate Formins",2,149,0.009203780344678485,0.42114669642907865,0.42114669642907865,8,27,0.0016868674247157316,9606,Homo sapiens,"ACTB","","R-HSA-5665751;R-HSA-5665767;R-HSA-5665809;R-HSA-5666001;R-HSA-5665982;R-HSA-5665802;R-HSA-5665659;R-HSA-203070"
R-HSA-2122947,"NOTCH1 Intracellular Domain Regulates Transcription",1,57,0.003520909259373649,0.4231834904298256,0.4231834904298256,11,18,0.001124578283143821,9606,Homo sapiens,"CREBBP","","R-HSA-4396371;R-HSA-1980078;R-HSA-1980047;R-HSA-1912393;R-HSA-1912394;R-HSA-4396347;R-HSA-4396379;R-HSA-1912391;R-HSA-1980067;R-HSA-4396382;R-HSA-1980065"
R-HSA-73893,"DNA Damage Bypass",1,57,0.003520909259373649,0.4231834904298256,0.4231834904298256,2,34,0.0021242034237161063,9606,Homo sapiens,"VCP","","R-HSA-5654989;R-HSA-5654985"
R-HSA-532668,"N-glycan trimming in the ER and Calnexin/Calreticulin cycle",1,57,0.003520909259373649,0.4231834904298256,0.4231834904298256,1,18,0.001124578283143821,9606,Homo sapiens,"VCP","","R-HSA-8850594"
R-HSA-212165,"Epigenetic regulation of gene expression",4,345,0.021310766569893138,0.42582994998934076,0.42582994998934076,39,118,0.007372235411720605,9606,Homo sapiens,"CREBBP;TRIM28;SGF29;ACTB","","R-HSA-9859223;R-HSA-9842839;R-HSA-9856211;R-HSA-9851539;R-HSA-9842833;R-HSA-9859291;R-HSA-9727450;R-HSA-9859334;R-HSA-9859206;R-HSA-5250947;R-HSA-9851534;R-HSA-9859084;R-HSA-9851530;R-HSA-9859082;R-HSA-9843978;R-HSA-9859273;R-HSA-9859188;R-HSA-9842868;R-HSA-9854130;R-HSA-9843120;R-HSA-9854128;R-HSA-9843121;R-HSA-9859121;R-HSA-9854142;R-HSA-9677051;R-HSA-9859007;R-HSA-9677050;R-HSA-9845308;R-HSA-9843900;R-HSA-9859196;R-HSA-9842876;R-HSA-9854141;R-HSA-9859005;R-HSA-9856486;R-HSA-9842850;R-HSA-9859182;R-HSA-9843119;R-HSA-9859119;R-HSA-9843116"
R-HSA-5358346,"Hedgehog ligand biogenesis",1,59,0.003644449935141145,0.43423286690855845,0.43423286690855845,3,15,9.371485692865175E-4,9606,Homo sapiens,"VCP","","R-HSA-5362441;R-HSA-5362459;R-HSA-5362412"
R-HSA-3371571,"HSF1-dependent transactivation",1,59,0.003644449935141145,0.43423286690855845,0.43423286690855845,1,8,4.998125702861427E-4,9606,Homo sapiens,"CREBBP","","R-HSA-3371554"
R-HSA-8980692,"RHOA GTPase cycle",2,154,0.009512632034097227,0.43757325224567634,0.43757325224567634,1,6,3.74859427714607E-4,9606,Homo sapiens,"ACTC1;ERBIN","","R-HSA-9013009"
R-HSA-9931269,"AMPK-induced ERAD and lysosome mediated degradation of PD-L1(CD274)",1,60,0.0037062202730248936,0.4396784314995118,0.4396784314995118,3,5,3.123828564288392E-4,9606,Homo sapiens,"VCP","","R-HSA-9931298;R-HSA-9931313;R-HSA-9931264"
R-HSA-6794361,"Neurexins and neuroligins",1,60,0.0037062202730248936,0.4396784314995118,0.4396784314995118,4,19,0.0011870548544295888,9606,Homo sapiens,"GRIN2C","","R-HSA-6794356;R-HSA-6794354;R-HSA-6794336;R-HSA-6794349"
R-HSA-8866654,"E3 ubiquitin ligases ubiquitinate target proteins",1,60,0.0037062202730248936,0.4396784314995118,0.4396784314995118,2,16,9.996251405722854E-4,9606,Homo sapiens,"VCP","","R-HSA-8943080;R-HSA-8943083"
R-HSA-9634815,"Transcriptional Regulation by NPAS4",1,60,0.0037062202730248936,0.4396784314995118,0.4396784314995118,1,46,0.0028739222791453207,9606,Homo sapiens,"CREBBP","","R-HSA-9644900"
R-HSA-5358351,"Signaling by Hedgehog",2,155,0.009574402371980975,0.4408285863996628,0.4408285863996628,6,82,0.005123078845432963,9606,Homo sapiens,"VCP;BTRC","","R-HSA-5610742;R-HSA-5362441;R-HSA-5362459;R-HSA-5610745;R-HSA-5362412;R-HSA-5610746"
R-HSA-6807070,"PTEN Regulation",2,156,0.009636172709864723,0.44407367290412436,0.44407367290412436,4,56,0.0034986879920029987,9606,Homo sapiens,"TRIM27;RNF2","","R-HSA-8944104;R-HSA-8943817;R-HSA-8850997;R-HSA-8851011"
R-HSA-5250924,"B-WICH complex positively regulates rRNA expression",1,61,0.0037679906109086415,0.4450719147647151,0.4450719147647151,1,3,1.874297138573035E-4,9606,Homo sapiens,"ACTB","","R-HSA-5250947"
R-HSA-8948751,"Regulation of PTEN stability and activity",1,61,0.0037679906109086415,0.4450719147647151,0.4450719147647151,2,13,8.121954267149819E-4,9606,Homo sapiens,"TRIM27","","R-HSA-8850997;R-HSA-8851011"
R-HSA-9664407,"Parasite infection",2,157,0.00969794304774847,0.44730840829752927,0.44730840829752927,6,27,0.0016868674247157316,9606,Homo sapiens,"ACTB","","R-HSA-2029466;R-HSA-442592;R-HSA-1861595;R-HSA-9666458;R-HSA-2197690;R-HSA-2029473"
R-HSA-9664417,"Leishmania phagocytosis",2,157,0.00969794304774847,0.44730840829752927,0.44730840829752927,6,27,0.0016868674247157316,9606,Homo sapiens,"ACTB","","R-HSA-2029466;R-HSA-442592;R-HSA-1861595;R-HSA-9666458;R-HSA-2197690;R-HSA-2029473"
R-HSA-9664422,"FCGR3A-mediated phagocytosis",2,157,0.00969794304774847,0.44730840829752927,0.44730840829752927,6,27,0.0016868674247157316,9606,Homo sapiens,"ACTB","","R-HSA-2029466;R-HSA-442592;R-HSA-1861595;R-HSA-9666458;R-HSA-2197690;R-HSA-2029473"
R-HSA-4551638,"SUMOylation of chromatin organization proteins",1,62,0.00382976094879239,0.4504138116264508,0.4504138116264508,2,15,9.371485692865175E-4,9606,Homo sapiens,"RNF2","","R-HSA-4551655;R-HSA-4551727"
R-HSA-9013406,"RHOQ GTPase cycle",1,63,0.0038915312866761383,0.45570461233404036,0.45570461233404036,1,5,3.123828564288392E-4,9606,Homo sapiens,"GFOD1","","R-HSA-9018746"
R-HSA-75893,"TNF signaling",1,64,0.003953301624559887,0.4609448025077083,0.4609448025077083,5,58,0.0036236411345745346,9606,Homo sapiens,"OPTN","","R-HSA-5357776;R-HSA-9793680;R-HSA-75240;R-HSA-9823816;R-HSA-9824874"
R-HSA-2173793,"Transcriptional activity of SMAD2/SMAD3:SMAD4 heterotrimer",1,64,0.003953301624559887,0.4609448025077083,0.4609448025077083,1,51,0.0031863051355741595,9606,Homo sapiens,"STAT1","","R-HSA-9730967"
R-HSA-2871837,"FCERI mediated NF-kB activation",2,162,0.010006794737167212,0.46332339761905816,0.46332339761905816,4,19,0.0011870548544295888,9606,Homo sapiens,"BTRC;RELA","","R-HSA-5607728;R-HSA-2730894;R-HSA-5607724;R-HSA-202541"
R-HSA-9006925,"Intracellular signaling by second messengers",4,363,0.022422632651800604,0.46413761313282786,0.46413761313282786,5,116,0.007247282269149069,9606,Homo sapiens,"TRIM27;FGFR3;RNF2","","R-HSA-8944104;R-HSA-2316434;R-HSA-8943817;R-HSA-8850997;R-HSA-8851011"
R-HSA-9772572,"Early SARS-CoV-2 Infection Events",1,65,0.004015071962443635,0.4661348631820367,0.4661348631820367,1,74,0.00462326627514682,9606,Homo sapiens,"VCP","","R-HSA-9694689"
R-HSA-186712,"Regulation of beta-cell development",1,67,0.004138612638211131,0.47636649750026494,0.47636649750026494,1,26,0.0016243908534299637,9606,Homo sapiens,"CREBBP","","R-HSA-1980047"
R-HSA-9845323,"Regulation of endogenous retroelements by Piwi-interacting RNAs (piRNAs)",1,68,0.004200382976094879,0.4814090106701411,0.4814090106701411,2,2,1.2495314257153568E-4,9606,Homo sapiens,"ACTB","","R-HSA-9845308;R-HSA-9727450"
R-HSA-2644602,"Signaling by NOTCH1 PEST Domain Mutants in Cancer",1,68,0.004200382976094879,0.4814090106701411,0.4814090106701411,11,21,0.0013120079970011245,9606,Homo sapiens,"CREBBP","","R-HSA-4396402;R-HSA-4396401;R-HSA-2220979;R-HSA-2220981;R-HSA-2220964;R-HSA-2220966;R-HSA-2220985;R-HSA-2220971;R-HSA-4396393;R-HSA-4396392;R-HSA-2220957"
R-HSA-2644606,"Constitutive Signaling by NOTCH1 PEST Domain Mutants",1,68,0.004200382976094879,0.4814090106701411,0.4814090106701411,11,21,0.0013120079970011245,9606,Homo sapiens,"CREBBP","","R-HSA-4396402;R-HSA-4396401;R-HSA-2220979;R-HSA-2220981;R-HSA-2220964;R-HSA-2220966;R-HSA-2220985;R-HSA-2220971;R-HSA-4396393;R-HSA-4396392;R-HSA-2220957"
R-HSA-2894862,"Constitutive Signaling by NOTCH1 HD+PEST Domain Mutants",1,68,0.004200382976094879,0.4814090106701411,0.4814090106701411,11,21,0.0013120079970011245,9606,Homo sapiens,"CREBBP","","R-HSA-4396402;R-HSA-4396401;R-HSA-2220979;R-HSA-2220981;R-HSA-2220964;R-HSA-2220966;R-HSA-2220985;R-HSA-2220971;R-HSA-4396393;R-HSA-4396392;R-HSA-2220957"
R-HSA-2894858,"Signaling by NOTCH1 HD+PEST Domain Mutants in Cancer",1,68,0.004200382976094879,0.4814090106701411,0.4814090106701411,11,21,0.0013120079970011245,9606,Homo sapiens,"CREBBP","","R-HSA-4396402;R-HSA-4396401;R-HSA-2220979;R-HSA-2220981;R-HSA-2220964;R-HSA-2220966;R-HSA-2220985;R-HSA-2220971;R-HSA-4396393;R-HSA-4396392;R-HSA-2220957"
R-HSA-2644603,"Signaling by NOTCH1 in Cancer",1,68,0.004200382976094879,0.4814090106701411,0.4814090106701411,11,39,0.0024365862801449456,9606,Homo sapiens,"CREBBP","","R-HSA-4396402;R-HSA-4396401;R-HSA-2220979;R-HSA-2220981;R-HSA-2220964;R-HSA-2220966;R-HSA-2220985;R-HSA-2220971;R-HSA-4396393;R-HSA-4396392;R-HSA-2220957"
R-HSA-1227986,"Signaling by ERBB2",1,68,0.004200382976094879,0.4814090106701411,0.4814090106701411,7,46,0.0028739222791453207,9606,Homo sapiens,"ERBIN","","R-HSA-1918092;R-HSA-1918095;R-HSA-1963582;R-HSA-9652277;R-HSA-1963589;R-HSA-9652264;R-HSA-9665726"
R-HSA-8943724,"Regulation of PTEN gene transcription",1,68,0.004200382976094879,0.4814090106701411,0.4814090106701411,2,15,9.371485692865175E-4,9606,Homo sapiens,"RNF2","","R-HSA-8944104;R-HSA-8943817"
R-HSA-201722,"Formation of the beta-catenin:TCF transactivating complex",1,68,0.004200382976094879,0.4814090106701411,0.4814090106701411,1,13,8.121954267149819E-4,9606,Homo sapiens,"CREBBP","","R-HSA-3322427"
R-HSA-8939902,"Regulation of RUNX2 expression and activity",1,69,0.004262153313978627,0.48640327347664636,0.48640327347664636,2,29,0.0018118205672872673,9606,Homo sapiens,"STAT1","","R-HSA-9008015;R-HSA-9007999"
R-HSA-9793380,"Formation of paraxial mesoderm",1,69,0.004262153313978627,0.48640327347664636,0.48640327347664636,2,29,0.0018118205672872673,9606,Homo sapiens,"CREBBP","","R-HSA-9793383;R-HSA-9793400"
R-HSA-176408,"Regulation of APC/C activators between G1/S and early anaphase",1,70,0.004323923651862376,0.4913497446633698,0.4913497446633698,3,14,8.746719980007497E-4,9606,Homo sapiens,"BTRC","","R-HSA-174209;R-HSA-174203;R-HSA-174159"
R-HSA-9707616,"Heme signaling",1,70,0.004323923651862376,0.4913497446633698,0.4913497446633698,1,25,0.001561914282144196,9606,Homo sapiens,"CREBBP","","R-HSA-1368065"
R-HSA-9917777,"Epigenetic regulation by WDR5-containing histone modifying complexes",2,171,0.010562727778120947,0.4914565168642968,0.4914565168642968,30,67,0.004185930276146445,9606,Homo sapiens,"CREBBP;SGF29","","R-HSA-9859223;R-HSA-9856211;R-HSA-9851539;R-HSA-9859291;R-HSA-9859334;R-HSA-9859206;R-HSA-9851534;R-HSA-9859084;R-HSA-9851530;R-HSA-9859082;R-HSA-9859273;R-HSA-9859188;R-HSA-9854130;R-HSA-9843120;R-HSA-9854128;R-HSA-9843121;R-HSA-9859121;R-HSA-9854142;R-HSA-9677051;R-HSA-9859007;R-HSA-9677050;R-HSA-9843900;R-HSA-9859196;R-HSA-9854141;R-HSA-9859005;R-HSA-9856486;R-HSA-9859182;R-HSA-9843119;R-HSA-9859119;R-HSA-9843116"
R-HSA-8848021,"Signaling by PTK6",1,71,0.004385693989746124,0.4962488786403835,0.4962488786403835,6,53,0.0033112582781456954,9606,Homo sapiens,"STAT3","","R-HSA-8848087;R-HSA-8848150;R-HSA-8848178;R-HSA-2730595;R-HSA-8848124;R-HSA-2730599"
R-HSA-9006927,"Signaling by Non-Receptor Tyrosine Kinases",1,71,0.004385693989746124,0.4962488786403835,0.4962488786403835,6,53,0.0033112582781456954,9606,Homo sapiens,"STAT3","","R-HSA-8848087;R-HSA-8848150;R-HSA-8848178;R-HSA-2730595;R-HSA-8848124;R-HSA-2730599"
R-HSA-2426168,"Activation of gene expression by SREBF (SREBP)",1,71,0.004385693989746124,0.4962488786403835,0.4962488786403835,3,42,0.002624015994002249,9606,Homo sapiens,"CREBBP","","R-HSA-1655848;R-HSA-1655850;R-HSA-1655826"
R-HSA-69615,"G1/S DNA Damage Checkpoints",1,71,0.004385693989746124,0.4962488786403835,0.4962488786403835,1,33,0.002061726852430339,9606,Homo sapiens,"BTRC","","R-HSA-69598"
R-HSA-373755,"Semaphorin interactions",1,71,0.004385693989746124,0.4962488786403835,0.4962488786403835,1,41,0.0025615394227164814,9606,Homo sapiens,"CFL1","","R-HSA-399950"
R-HSA-1989781,"PPARA activates gene expression",2,173,0.010686268453888443,0.49758271072001403,0.49758271072001403,41,41,0.0025615394227164814,9606,Homo sapiens,"CREBBP;ABCB1","","R-HSA-1655826;R-HSA-1989778;R-HSA-1989779;R-HSA-560517;R-HSA-1989776;R-HSA-1989777;R-HSA-1989774;R-HSA-560473;R-HSA-1989775;R-HSA-1989772;R-HSA-1989773;R-HSA-1989770;R-HSA-1368065;R-HSA-1989771;R-HSA-1989768;R-HSA-1989767;R-HSA-1989764;R-HSA-1989765;R-HSA-1989762;R-HSA-1989760;R-HSA-1989761;R-HSA-1989758;R-HSA-1989759;R-HSA-879724;R-HSA-1989756;R-HSA-1989757;R-HSA-1989754;R-HSA-1989755;R-HSA-1989752;R-HSA-1989753;R-HSA-1801587;R-HSA-1989750;R-HSA-1989751;R-HSA-1989748;R-HSA-1989749;R-HSA-1989746;R-HSA-1989747;R-HSA-1989745;R-HSA-1655848;R-HSA-1655850;R-HSA-1592238"
R-HSA-400206,"Regulation of lipid metabolism by PPARalpha",2,175,0.010809809129655939,0.50366209804208,0.50366209804208,42,46,0.0028739222791453207,9606,Homo sapiens,"CREBBP;ABCB1","","R-HSA-400143;R-HSA-1655826;R-HSA-1989778;R-HSA-1989779;R-HSA-560517;R-HSA-1989776;R-HSA-1989777;R-HSA-1989774;R-HSA-560473;R-HSA-1989775;R-HSA-1989772;R-HSA-1989773;R-HSA-1989770;R-HSA-1368065;R-HSA-1989771;R-HSA-1989768;R-HSA-1989767;R-HSA-1989764;R-HSA-1989765;R-HSA-1989762;R-HSA-1989760;R-HSA-1989761;R-HSA-1989758;R-HSA-1989759;R-HSA-879724;R-HSA-1989756;R-HSA-1989757;R-HSA-1989754;R-HSA-1989755;R-HSA-1989752;R-HSA-1989753;R-HSA-1801587;R-HSA-1989750;R-HSA-1989751;R-HSA-1989748;R-HSA-1989749;R-HSA-1989746;R-HSA-1989747;R-HSA-1989745;R-HSA-1655848;R-HSA-1655850;R-HSA-1592238"
R-HSA-1234174,"Cellular response to hypoxia",1,73,0.004509234665513621,0.5059069311819229,0.5059069311819229,4,20,0.0012495314257153568,9606,Homo sapiens,"CREBBP","","R-HSA-1234167;R-HSA-1235035;R-HSA-1235070;R-HSA-1235037"
R-HSA-9711097,"Cellular response to starvation",2,176,0.010871579467539687,0.5066840960481916,0.5066840960481916,11,28,0.0017493439960014994,9606,Homo sapiens,"CEP192;ATP6V0C","","R-HSA-9640195;R-HSA-9657619;R-HSA-9640167;R-HSA-9639287;R-HSA-9639286;R-HSA-9646468;R-HSA-9640168;R-HSA-9645608;R-HSA-9640175;R-HSA-9645598;R-HSA-9640237"
R-HSA-983705,"Signaling by the B Cell Receptor (BCR)",2,176,0.010871579467539687,0.5066840960481916,0.5066840960481916,5,45,0.0028114457078595527,9606,Homo sapiens,"BTRC;RELA","","R-HSA-1168640;R-HSA-1168643;R-HSA-1168642;R-HSA-1168633;R-HSA-1168638"
R-HSA-9943962,"CHD6, CHD7, CHD8, CHD9 subfamily",1,75,0.004632775341281117,0.5153809812483751,0.5153809812483751,2,14,8.746719980007497E-4,9606,Homo sapiens,"CREBBP","","R-HSA-9759141;R-HSA-9759186"
R-HSA-4839726,"Chromatin organization",4,389,0.024028661436778058,0.5177994058562885,0.5177994058562885,12,149,0.009309009121579408,9606,Homo sapiens,"CREBBP;SGF29;ACTB;RELA","","R-HSA-9934023;R-HSA-9933238;R-HSA-9759141;R-HSA-9933237;R-HSA-9934021;R-HSA-8865237;R-HSA-9933236;R-HSA-3321975;R-HSA-9759186;R-HSA-3301237;R-HSA-3697008;R-HSA-9934024"
R-HSA-5218859,"Regulated Necrosis",1,76,0.0046945456791648655,0.5200500964821994,0.5200500964821994,1,53,0.0033112582781456954,9606,Homo sapiens,"IL18","","R-HSA-449058"
R-HSA-9843940,"Regulation of endogenous retroelements by KRAB-ZFP proteins",1,78,0.004818086354932361,0.5292546536402065,0.5292546536402065,6,7,4.3733599900037484E-4,9606,Homo sapiens,"TRIM28","","R-HSA-9842839;R-HSA-9842868;R-HSA-9842850;R-HSA-9842833;R-HSA-9842876;R-HSA-9843978"
R-HSA-9013408,"RHOG GTPase cycle",1,78,0.004818086354932361,0.5292546536402065,0.5292546536402065,1,6,3.74859427714607E-4,9606,Homo sapiens,"ERBIN","","R-HSA-9014449"
R-HSA-195253,"Degradation of beta-catenin by the destruction complex",1,78,0.004818086354932361,0.5292546536402065,0.5292546536402065,3,23,0.0014369611395726603,9606,Homo sapiens,"BTRC","","R-HSA-2130279;R-HSA-2130282;R-HSA-2130286"
R-HSA-9013106,"RHOC GTPase cycle",1,79,0.004879856692816109,0.5337909419328555,0.5337909419328555,1,6,3.74859427714607E-4,9606,Homo sapiens,"ERBIN","","R-HSA-9013110"
R-HSA-5250913,"Positive epigenetic regulation of rRNA expression",1,79,0.004879856692816109,0.5337909419328555,0.5337909419328555,1,7,4.3733599900037484E-4,9606,Homo sapiens,"ACTB","","R-HSA-5250947"
R-HSA-9856649,"Transcriptional and post-translational regulation of MITF-M expression and activity",1,79,0.004879856692816109,0.5337909419328555,0.5337909419328555,4,37,0.00231163313757341,9606,Homo sapiens,"CREBBP","","R-HSA-9825751;R-HSA-9926482;R-HSA-9825747;R-HSA-9926478"
R-HSA-453276,"Regulation of mitotic cell cycle",1,79,0.004879856692816109,0.5337909419328555,0.5337909419328555,3,40,0.0024990628514307135,9606,Homo sapiens,"BTRC","","R-HSA-174209;R-HSA-174203;R-HSA-174159"
R-HSA-174143,"APC/C-mediated degradation of cell cycle proteins",1,79,0.004879856692816109,0.5337909419328555,0.5337909419328555,3,40,0.0024990628514307135,9606,Homo sapiens,"BTRC","","R-HSA-174209;R-HSA-174203;R-HSA-174159"
R-HSA-3108214,"SUMOylation of DNA damage response and repair proteins",1,81,0.005003397368583606,0.5427336239536855,0.5427336239536855,1,24,0.001499437710858428,9606,Homo sapiens,"RNF2","","R-HSA-4570463"
R-HSA-9013694,"Signaling by NOTCH4",1,82,0.005065167706467354,0.5471408402769637,0.5471408402769637,1,20,0.0012495314257153568,9606,Homo sapiens,"CREBBP","","R-HSA-9604664"
R-HSA-1222556,"ROS and RNS production in phagocytes",1,82,0.005065167706467354,0.5471408402769637,0.5471408402769637,1,45,0.0028114457078595527,9606,Homo sapiens,"ATP6V0C","","R-HSA-1222516"
R-HSA-8852135,"Protein ubiquitination",1,83,0.005126938044351103,0.5515058487315752,0.5515058487315752,2,32,0.001999250281144571,9606,Homo sapiens,"VCP","","R-HSA-8943080;R-HSA-8943083"
R-HSA-917937,"Iron uptake and transport",1,83,0.005126938044351103,0.5515058487315752,0.5515058487315752,2,33,0.002061726852430339,9606,Homo sapiens,"ATP6V0C","","R-HSA-5252133;R-HSA-917841"
R-HSA-5633008,"TP53 Regulates Transcription of Cell Death Genes",1,83,0.005126938044351103,0.5515058487315752,0.5515058487315752,2,68,0.004248406847432213,9606,Homo sapiens,"CREBBP","","R-HSA-6798004;R-HSA-6797993"
R-HSA-1980143,"Signaling by NOTCH1",1,84,0.005188708382234851,0.555829050958828,0.555829050958828,11,39,0.0024365862801449456,9606,Homo sapiens,"CREBBP","","R-HSA-4396371;R-HSA-1980078;R-HSA-1980047;R-HSA-1912393;R-HSA-1912394;R-HSA-4396347;R-HSA-4396379;R-HSA-1912391;R-HSA-1980067;R-HSA-4396382;R-HSA-1980065"
R-HSA-5689603,"UCH proteinases",1,84,0.005188708382234851,0.555829050958828,0.555829050958828,1,11,6.872422841434462E-4,9606,Homo sapiens,"ACTB","","R-HSA-5689544"
R-HSA-9932444,"ATP-dependent chromatin remodelers",2,196,0.012106986225214653,0.5645747729393484,0.5645747729393484,8,64,0.003998500562289142,9606,Homo sapiens,"CREBBP;ACTB","","R-HSA-9934023;R-HSA-9933238;R-HSA-9759141;R-HSA-9934021;R-HSA-9933237;R-HSA-9933236;R-HSA-9759186;R-HSA-9934024"
R-HSA-1655829,"Regulation of cholesterol biosynthesis by SREBP (SREBF)",1,87,0.0053740193958860955,0.5685517799427107,0.5685517799427107,3,52,0.0032487817068599274,9606,Homo sapiens,"CREBBP","","R-HSA-1655848;R-HSA-1655850;R-HSA-1655826"
R-HSA-6806834,"Signaling by MET",1,88,0.005435789733769843,0.5727116982594294,0.5727116982594294,4,51,0.0031863051355741595,9606,Homo sapiens,"STAT3","","R-HSA-2730595;R-HSA-8875817;R-HSA-2730599;R-HSA-8875816"
R-HSA-977225,"Amyloid fiber formation",1,89,0.005497560071653592,0.5768317623033954,0.5768317623033954,2,33,0.002061726852430339,9606,Homo sapiens,"GSN","","R-HSA-976734;R-HSA-977136"
R-HSA-2151201,"Transcriptional activation of mitochondrial biogenesis",1,89,0.005497560071653592,0.5768317623033954,0.5768317623033954,1,32,0.001999250281144571,9606,Homo sapiens,"CREBBP","","R-HSA-1592238"
R-HSA-1280218,"Adaptive Immune System",10,1067,0.06590895052195936,0.5821212564358658,0.5821212564358658,33,325,0.020304885667874546,9606,Homo sapiens,"CREBBP;VCP;STAT1;RIPK2;STAT3;CTLA4;BTRC;RELA;JAK1","","R-HSA-9909652;R-HSA-388809;R-HSA-388808;R-HSA-9931290;R-HSA-388811;R-HSA-9909657;R-HSA-9929350;R-HSA-1168640;R-HSA-1168643;R-HSA-1168642;R-HSA-9931264;R-HSA-388829;R-HSA-202459;R-HSA-389532;R-HSA-9929357;R-HSA-9929353;R-HSA-9929352;R-HSA-9909623;R-HSA-9909622;R-HSA-983147;R-HSA-388833;R-HSA-5607728;R-HSA-9931313;R-HSA-2730894;R-HSA-1168633;R-HSA-983140;R-HSA-202541;R-HSA-1168638;R-HSA-9931298;R-HSA-5607724;R-HSA-983157;R-HSA-983156;R-HSA-9909609"
R-HSA-5668541,"TNFR2 non-canonical NF-kB pathway",1,91,0.005621100747421088,0.5849538415272477,0.5849538415272477,2,44,0.002748969136573785,9606,Homo sapiens,"BTRC","","R-HSA-5607725;R-HSA-5607723"
R-HSA-201681,"TCF dependent signaling in response to WNT",2,204,0.012601148928284638,0.5863382585820079,0.5863382585820079,3,71,0.004435836561289516,9606,Homo sapiens,"CREBBP;BTRC","","R-HSA-3361751;R-HSA-3364042;R-HSA-3322427"
R-HSA-9013404,"RAC2 GTPase cycle",1,92,0.005682871085304837,0.5889566047473032,0.5889566047473032,1,10,6.247657128576784E-4,9606,Homo sapiens,"ERBIN","","R-HSA-9014294"
R-HSA-5696399,"Global Genome Nucleotide Excision Repair (GG-NER)",1,92,0.005682871085304837,0.5889566047473032,0.5889566047473032,1,20,0.0012495314257153568,9606,Homo sapiens,"ACTB","","R-HSA-5691006"
R-HSA-6794362,"Protein-protein interactions at synapses",1,93,0.005744641423188585,0.5929210098420372,0.5929210098420372,7,33,0.002061726852430339,9606,Homo sapiens,"GRIN2C","","R-HSA-8849878;R-HSA-6794356;R-HSA-8849906;R-HSA-6794354;R-HSA-6794336;R-HSA-6794349;R-HSA-8849881"
R-HSA-9975921,"Assembly of the 9+0 primary cilium",2,209,0.01291000061770338,0.59953018093629,0.59953018093629,8,50,0.003123828564288392,9606,Homo sapiens,"CEP152;CEP192","","R-HSA-5626228;R-HSA-5626227;R-HSA-5626220;R-HSA-5626223;R-HSA-5626681;R-HSA-5617816;R-HSA-5626699;R-HSA-5638009"
R-HSA-5617833,"Cilium Assembly",2,209,0.01291000061770338,0.59953018093629,0.59953018093629,8,50,0.003123828564288392,9606,Homo sapiens,"CEP152;CEP192","","R-HSA-5626228;R-HSA-5626227;R-HSA-5626220;R-HSA-5626223;R-HSA-5626681;R-HSA-5617816;R-HSA-5626699;R-HSA-5638009"
R-HSA-438064,"Post NMDA receptor activation events",1,96,0.0059299524368398296,0.60458771146666,0.60458771146666,1,39,0.0024365862801449456,9606,Homo sapiens,"GRIN2C","","R-HSA-9612085"
R-HSA-68877,"Mitotic Prometaphase",2,212,0.013095311631354623,0.6072935681407317,0.6072935681407317,2,25,0.001561914282144196,9606,Homo sapiens,"CEP152;CEP192","","R-HSA-380316;R-HSA-380508"
R-HSA-195258,"RHO GTPase Effectors",3,325,0.020075359812218172,0.6081291624408574,0.6081291624408574,14,113,0.007059852555291766,9606,Homo sapiens,"CFL1;ACTB","","R-HSA-5665751;R-HSA-2029466;R-HSA-442592;R-HSA-5665809;R-HSA-5666001;R-HSA-5665982;R-HSA-5665659;R-HSA-5665767;R-HSA-2197690;R-HSA-3928608;R-HSA-5665802;R-HSA-203070;R-HSA-5626507;R-HSA-2029473"
R-HSA-112310,"Neurotransmitter release cycle",1,99,0.006115263450491074,0.6159221328028197,0.6159221328028197,1,37,0.00231163313757341,9606,Homo sapiens,"CHAT","","R-HSA-264622"
R-HSA-9013423,"RAC3 GTPase cycle",1,100,0.006177033788374822,0.6196280663230656,0.6196280663230656,1,6,3.74859427714607E-4,9606,Homo sapiens,"ERBIN","","R-HSA-9018808"
R-HSA-1912408,"Pre-NOTCH Transcription and Translation",1,100,0.006177033788374822,0.6196280663230656,0.6196280663230656,4,37,0.00231163313757341,9606,Homo sapiens,"CREBBP","","R-HSA-1912415;R-HSA-9017835;R-HSA-4395227;R-HSA-1912416"
R-HSA-2454202,"Fc epsilon receptor (FCERI) signaling",2,222,0.013713015010192106,0.6323506895073991,0.6323506895073991,4,65,0.004060977133574909,9606,Homo sapiens,"BTRC;RELA","","R-HSA-5607728;R-HSA-2730894;R-HSA-5607724;R-HSA-202541"
R-HSA-1852241,"Organelle biogenesis and maintenance",3,340,0.021001914880474395,0.6385378280354304,0.6385378280354304,9,86,0.005372985130576034,9606,Homo sapiens,"CREBBP;CEP152;CEP192","","R-HSA-5626228;R-HSA-5626227;R-HSA-1592238;R-HSA-5626220;R-HSA-5626223;R-HSA-5626681;R-HSA-5617816;R-HSA-5626699;R-HSA-5638009"
R-HSA-9954709,"Ribosome Quality Control (RQC) complex extracts and degrades nascent peptide",1,106,0.006547655815677312,0.6411292475522532,0.6411292475522532,4,13,8.121954267149819E-4,9606,Homo sapiens,"VCP","","R-HSA-9949632;R-HSA-9948415;R-HSA-9949676;R-HSA-9948427"
R-HSA-8878159,"Transcriptional regulation by RUNX3",1,108,0.006671196491444808,0.6480244438134218,0.6480244438134218,5,47,0.002936398850431088,9606,Homo sapiens,"CREBBP","","R-HSA-1980047;R-HSA-8878243;R-HSA-4396347;R-HSA-8878237;R-HSA-8878220"
R-HSA-170834,"Signaling by TGF-beta Receptor Complex",1,108,0.006671196491444808,0.6480244438134218,0.6480244438134218,1,100,0.006247657128576784,9606,Homo sapiens,"STAT1","","R-HSA-9730967"
R-HSA-8957275,"Post-translational protein phosphorylation",1,109,0.006732966829328556,0.6514225165450398,0.6514225165450398,1,1,6.247657128576784E-5,9606,Homo sapiens,"IL6","","R-HSA-8952289"
R-HSA-9614085,"FOXO-mediated transcription",1,110,0.006794737167212304,0.6547879915858703,0.6547879915858703,7,85,0.005310508559290266,9606,Homo sapiens,"CREBBP","","R-HSA-9617683;R-HSA-9622579;R-HSA-9626928;R-HSA-9626945;R-HSA-9617758;R-HSA-9622604;R-HSA-9622572"
R-HSA-397014,"Muscle contraction",2,232,0.014330718389029587,0.6561528983175735,0.6561528983175735,4,53,0.0033112582781456954,9606,Homo sapiens,"ACTC1;VIM","","R-HSA-390597;R-HSA-390598;R-HSA-390593;R-HSA-390595"
R-HSA-5610787,"Hedgehog 'off' state",1,111,0.006856507505096053,0.6581211796471197,0.6581211796471197,3,32,0.001999250281144571,9606,Homo sapiens,"BTRC","","R-HSA-5610742;R-HSA-5610745;R-HSA-5610746"
R-HSA-1474244,"Extracellular matrix organization",3,351,0.021681388597195626,0.6597766076642575,0.6597766076642575,2,330,0.020617268524303387,9606,Homo sapiens,"ACTC1;ACTB","","R-HSA-9913335;R-HSA-9914537"
R-HSA-442755,"Activation of NMDA receptors and postsynaptic events",1,113,0.006980048180863549,0.6646919229906584,0.6646919229906584,13,71,0.004435836561289516,9606,Homo sapiens,"GRIN2C","","R-HSA-432164;R-HSA-432162;R-HSA-9611030;R-HSA-9612085;R-HSA-432172;R-HSA-9610750;R-HSA-9610879;R-HSA-9610653;R-HSA-9609738;R-HSA-9609739;R-HSA-9611368;R-HSA-9614185;R-HSA-9617326"
R-HSA-69278,"Cell Cycle, Mitotic",5,587,0.036259188337760206,0.6708975145077992,0.6708975145077992,23,367,0.022928901661876794,9606,Homo sapiens,"CEP152;CEP192;BTRC;E2F6;OPTN","","R-HSA-3000335;R-HSA-380455;R-HSA-174209;R-HSA-380294;R-HSA-2562594;R-HSA-380303;R-HSA-8853419;R-HSA-174159;R-HSA-3000319;R-HSA-380311;R-HSA-380272;R-HSA-8961982;R-HSA-3002811;R-HSA-174203;R-HSA-380316;R-HSA-380508;R-HSA-2562526;R-HSA-2574845;R-HSA-8853405;R-HSA-3000310;R-HSA-3000339;R-HSA-380283;R-HSA-2574840"
R-HSA-8856825,"Cargo recognition for clathrin-mediated endocytosis",1,115,0.007103588856631046,0.671137173910806,0.671137173910806,1,15,9.371485692865175E-4,9606,Homo sapiens,"UBQLN1","","R-HSA-8866275"
R-HSA-5619507,"Activation of HOX genes during differentiation",1,116,0.007165359194514794,0.674313485716546,0.674313485716546,2,43,0.002686492565288017,9606,Homo sapiens,"CREBBP","","R-HSA-5617874;R-HSA-5617896"
R-HSA-5617472,"Activation of anterior HOX genes in hindbrain development during early embryogenesis",1,116,0.007165359194514794,0.674313485716546,0.674313485716546,2,43,0.002686492565288017,9606,Homo sapiens,"CREBBP","","R-HSA-5617874;R-HSA-5617896"
R-HSA-8951664,"Neddylation",2,241,0.014886651429983322,0.6765163033939876,0.6765163033939876,9,44,0.002748969136573785,9606,Homo sapiens,"VCP;BTRC","","R-HSA-8956040;R-HSA-8956200;R-HSA-8955289;R-HSA-8955241;R-HSA-8952618;R-HSA-8952620;R-HSA-9755507;R-HSA-9758088;R-HSA-9758090"
R-HSA-5696398,"Nucleotide Excision Repair",1,117,0.0072271295323985425,0.6774593139763565,0.6774593139763565,1,37,0.00231163313757341,9606,Homo sapiens,"ACTB","","R-HSA-5691006"
R-HSA-6798695,"Neutrophil degranulation",4,478,0.029526221508431653,0.6792037401636768,0.6792037401636768,7,10,6.247657128576784E-4,9606,Homo sapiens,"LGALS3;VCP;GSN;ATP6V0C","","R-HSA-6798743;R-HSA-6798739;R-HSA-6800434;R-HSA-6798751;R-HSA-6798748;R-HSA-6798747;R-HSA-6800426"
R-HSA-1912422,"Pre-NOTCH Expression and Processing",1,125,0.007721292235468528,0.7015628428151783,0.7015628428151783,4,47,0.002936398850431088,9606,Homo sapiens,"CREBBP","","R-HSA-1912415;R-HSA-9017835;R-HSA-4395227;R-HSA-1912416"
R-HSA-381426,"Regulation of Insulin-like Growth Factor (IGF) transport and uptake by Insulin-like Growth Factor Binding Proteins (IGFBPs)",1,127,0.007844832911236024,0.7073036094484935,0.7073036094484935,1,14,8.746719980007497E-4,9606,Homo sapiens,"IL6","","R-HSA-8952289"
R-HSA-157118,"Signaling by NOTCH",2,260,0.01606028784977454,0.7162997687629046,0.7162997687629046,23,165,0.010308634262151693,9606,Homo sapiens,"CREBBP;STAT1","","R-HSA-9021451;R-HSA-1912415;R-HSA-9017835;R-HSA-9021450;R-HSA-9021325;R-HSA-9016751;R-HSA-9604664;R-HSA-4396371;R-HSA-1980078;R-HSA-1980047;R-HSA-1912393;R-HSA-9013567;R-HSA-1912394;R-HSA-4395227;R-HSA-4396347;R-HSA-4396379;R-HSA-9014129;R-HSA-1912391;R-HSA-1912416;R-HSA-1980067;R-HSA-4396382;R-HSA-1980065;R-HSA-9021334"
R-HSA-1592230,"Mitochondrial biogenesis",1,131,0.008091914262771017,0.7184580201841688,0.7184580201841688,1,36,0.002249156566287642,9606,Homo sapiens,"CREBBP","","R-HSA-1592238"
R-HSA-5619115,"Disorders of transmembrane transporters",2,267,0.016492680214960777,0.7298942430493256,0.7298942430493256,4,87,0.005435461701861802,9606,Homo sapiens,"VCP;ABCB1","","R-HSA-8866854;R-HSA-5678749;R-HSA-8866857;R-HSA-8866856"
R-HSA-9635486,"Infection with Mycobacterium tuberculosis",1,136,0.008400765952189759,0.7318088206181598,0.7318088206181598,1,73,0.004560789703861052,9606,Homo sapiens,"TRIM27","","R-HSA-9636297"
R-HSA-9816359,"Maternal to zygotic transition (MZT)",1,137,0.008462536290073507,0.7344025093644919,0.7344025093644919,2,46,0.0028739222791453207,9606,Homo sapiens,"CREBBP","","R-HSA-9816396;R-HSA-9818523"
R-HSA-162909,"Host Interactions of HIV factors",1,138,0.008524306627957254,0.7369712736787422,0.7369712736787422,4,54,0.0033737348494314633,9606,Homo sapiens,"BTRC","","R-HSA-180599;R-HSA-180597;R-HSA-180591;R-HSA-180573"
R-HSA-9841922,"MLL4 and MLL3 complexes regulate expression of PPARG target genes in adipogenesis and hepatic steatosis",1,139,0.008586076965841002,0.7395153515454105,0.7395153515454105,28,37,0.00231163313757341,9606,Homo sapiens,"CREBBP","","R-HSA-9859223;R-HSA-9856211;R-HSA-9851539;R-HSA-9859291;R-HSA-9859334;R-HSA-9859206;R-HSA-9851534;R-HSA-9859084;R-HSA-9851530;R-HSA-9859082;R-HSA-9859273;R-HSA-9859188;R-HSA-9854130;R-HSA-9843120;R-HSA-9854128;R-HSA-9843121;R-HSA-9859121;R-HSA-9854142;R-HSA-9859007;R-HSA-9843900;R-HSA-9859196;R-HSA-9854141;R-HSA-9859005;R-HSA-9856486;R-HSA-9859182;R-HSA-9843119;R-HSA-9859119;R-HSA-9843116"
R-HSA-9851695,"Epigenetic regulation of adipogenesis genes by MLL3 and MLL4 complexes",1,139,0.008586076965841002,0.7395153515454105,0.7395153515454105,28,37,0.00231163313757341,9606,Homo sapiens,"CREBBP","","R-HSA-9859223;R-HSA-9856211;R-HSA-9851539;R-HSA-9859291;R-HSA-9859334;R-HSA-9859206;R-HSA-9851534;R-HSA-9859084;R-HSA-9851530;R-HSA-9859082;R-HSA-9859273;R-HSA-9859188;R-HSA-9854130;R-HSA-9843120;R-HSA-9854128;R-HSA-9843121;R-HSA-9859121;R-HSA-9854142;R-HSA-9859007;R-HSA-9843900;R-HSA-9859196;R-HSA-9854141;R-HSA-9859005;R-HSA-9856486;R-HSA-9859182;R-HSA-9843119;R-HSA-9859119;R-HSA-9843116"
R-HSA-9818564,"Epigenetic regulation of gene expression by MLL3 and MLL4 complexes",1,139,0.008586076965841002,0.7395153515454105,0.7395153515454105,28,40,0.0024990628514307135,9606,Homo sapiens,"CREBBP","","R-HSA-9859223;R-HSA-9856211;R-HSA-9851539;R-HSA-9859291;R-HSA-9859334;R-HSA-9859206;R-HSA-9851534;R-HSA-9859084;R-HSA-9851530;R-HSA-9859082;R-HSA-9859273;R-HSA-9859188;R-HSA-9854130;R-HSA-9843120;R-HSA-9854128;R-HSA-9843121;R-HSA-9859121;R-HSA-9854142;R-HSA-9859007;R-HSA-9843900;R-HSA-9859196;R-HSA-9854141;R-HSA-9859005;R-HSA-9856486;R-HSA-9859182;R-HSA-9843119;R-HSA-9859119;R-HSA-9843116"
R-HSA-69206,"G1/S Transition",1,140,0.008647847303724752,0.7420349786912606,0.7420349786912606,1,61,0.003811070848431838,9606,Homo sapiens,"E2F6","","R-HSA-8961982"
R-HSA-114608,"Platelet degranulation ",1,142,0.008771387979492248,0.7470018125665103,0.7470018125665103,1,11,6.872422841434462E-4,9606,Homo sapiens,"CFL1","","R-HSA-482775"
R-HSA-187037,"Signaling by NTRK1 (TRKA)",1,143,0.008833158317375996,0.7494494796513814,0.7494494796513814,1,102,0.006372610271148319,9606,Homo sapiens,"STAT3","","R-HSA-198732"
R-HSA-597592,"Post-translational protein modification",14,1679,0.10371239730681327,0.7535566099446113,0.7535566099446113,33,606,0.03786080219917531,9606,Homo sapiens,"CREBBP;VCP;RIPK2;NOD2;ACTB;RAB33A;RELA;RNF2;RAB33B;IL6;TRIM28;NLRP3;TRIM27;BTRC","","R-HSA-8956040;R-HSA-688136;R-HSA-8870469;R-HSA-3108203;R-HSA-8870466;R-HSA-4570499;R-HSA-8955289;R-HSA-5688834;R-HSA-4655440;R-HSA-4755536;R-HSA-4570463;R-HSA-9758088;R-HSA-5689544;R-HSA-3108209;R-HSA-9758090;R-HSA-3000434;R-HSA-8956200;R-HSA-8943080;R-HSA-8955241;R-HSA-8952618;R-HSA-4551655;R-HSA-8943083;R-HSA-8952620;R-HSA-8850594;R-HSA-6781953;R-HSA-9755507;R-HSA-8952289;R-HSA-4551727;R-HSA-3927824;R-HSA-3927959;R-HSA-5691439;R-HSA-8932276;R-HSA-3782535"
R-HSA-9734767,"Developmental Cell Lineages",2,283,0.017481005621100748,0.7589151334408228,0.7589151334408228,2,22,0.0013744845682868924,9606,Homo sapiens,"VIM","","R-HSA-9925879;R-HSA-9925892"
R-HSA-76005,"Response to elevated platelet cytosolic Ca2+",1,149,0.009203780344678485,0.7636491449628967,0.7636491449628967,1,14,8.746719980007497E-4,9606,Homo sapiens,"CFL1","","R-HSA-482775"
R-HSA-9018519,"Estrogen-dependent gene expression",1,153,0.009450861696213479,0.7726683918778056,0.7726683918778056,1,66,0.004123453704860678,9606,Homo sapiens,"CREBBP","","R-HSA-9038052"
R-HSA-9948299,"Ribosome-associated quality control",1,155,0.009574402371980975,0.7770489270983281,0.7770489270983281,4,20,0.0012495314257153568,9606,Homo sapiens,"VCP","","R-HSA-9949632;R-HSA-9948415;R-HSA-9949676;R-HSA-9948427"
R-HSA-453279,"Mitotic G1 phase and G1/S transition",1,164,0.010130335412934708,0.7957460990673764,0.7957460990673764,1,101,0.0063101336998625515,9606,Homo sapiens,"E2F6","","R-HSA-8961982"
R-HSA-9937848,"CHD chromatin remodelers",1,165,0.010192105750818458,0.7977248823698961,0.7977248823698961,2,44,0.002748969136573785,9606,Homo sapiens,"CREBBP","","R-HSA-9759141;R-HSA-9759186"
R-HSA-166520,"Signaling by NTRKs",1,166,0.010253876088702206,0.7996846171976333,0.7996846171976333,1,164,0.010246157690865926,9606,Homo sapiens,"STAT3","","R-HSA-198732"
R-HSA-9758941,"Gastrulation",1,167,0.010315646426585954,0.8016254857463146,0.8016254857463146,2,104,0.006497563413719855,9606,Homo sapiens,"CREBBP","","R-HSA-9793383;R-HSA-9793400"
R-HSA-9609507,"Protein localization",1,171,0.010562727778120947,0.8092038808060221,0.8092038808060221,5,53,0.0033112582781456954,9606,Homo sapiens,"SGTA","","R-HSA-9609921;R-HSA-9609860;R-HSA-9610442;R-HSA-9617595;R-HSA-9617596"
R-HSA-195721,"Signaling by WNT",2,320,0.019766508122799432,0.815917921742226,0.815917921742226,6,157,0.00980882169186555,9606,Homo sapiens,"CREBBP;BTRC","","R-HSA-3361751;R-HSA-2130279;R-HSA-3364042;R-HSA-3322427;R-HSA-2130282;R-HSA-2130286"
R-HSA-9006936,"Signaling by TGFB family members",1,178,0.010995120143307184,0.8217802724191914,0.8217802724191914,1,148,0.00924653255029364,9606,Homo sapiens,"STAT1","","R-HSA-9730967"
R-HSA-1640170,"Cell Cycle",5,729,0.045030576317252456,0.8355036709751239,0.8355036709751239,24,474,0.029613894789453955,9606,Homo sapiens,"CEP152;CEP192;BTRC;E2F6;OPTN","","R-HSA-3000335;R-HSA-380455;R-HSA-174209;R-HSA-380294;R-HSA-2562594;R-HSA-380303;R-HSA-8853419;R-HSA-174159;R-HSA-3000319;R-HSA-380311;R-HSA-380272;R-HSA-3002811;R-HSA-8961982;R-HSA-380316;R-HSA-380508;R-HSA-174203;R-HSA-2562526;R-HSA-2574845;R-HSA-8853405;R-HSA-3000310;R-HSA-3000339;R-HSA-380283;R-HSA-69598;R-HSA-2574840"
R-HSA-9013149,"RAC1 GTPase cycle",1,191,0.011798134535795911,0.8429910445075169,0.8429910445075169,1,6,3.74859427714607E-4,9606,Homo sapiens,"ERBIN","","R-HSA-9013145"
R-HSA-112315,"Transmission across Chemical Synapses",2,343,0.021187225894125642,0.8450134851396367,0.8450134851396367,14,167,0.010433587404723228,9606,Homo sapiens,"CHAT;GRIN2C","","R-HSA-432164;R-HSA-432162;R-HSA-9611030;R-HSA-9612085;R-HSA-264622;R-HSA-432172;R-HSA-9610750;R-HSA-9610879;R-HSA-9610653;R-HSA-9609738;R-HSA-9609739;R-HSA-9611368;R-HSA-9614185;R-HSA-9617326"
R-HSA-983712,"Ion channel transport",1,207,0.012786459941935882,0.8656826516782156,0.8656826516782156,1,51,0.0031863051355741595,9606,Homo sapiens,"ATP6V0C","","R-HSA-5252133"
R-HSA-9609690,"HCMV Early Events",1,215,0.013280622645005869,0.8757745733754629,0.8757745733754629,1,12,7.49718855429214E-4,9606,Homo sapiens,"TRIM28","","R-HSA-9614816"
R-HSA-73894,"DNA Repair",2,380,0.023472728395824326,0.8832022065092854,0.8832022065092854,3,345,0.021554417093589903,9606,Homo sapiens,"VCP;ACTB","","R-HSA-5691006;R-HSA-5654989;R-HSA-5654985"
R-HSA-1483206,"Glycerophospholipid biosynthesis",1,222,0.013713015010192106,0.8839847320967723,0.8839847320967723,1,133,0.008309383981007123,9606,Homo sapiens,"CHAT","","R-HSA-264622"
R-HSA-112314,"Neurotransmitter receptors and postsynaptic signal transmission",1,232,0.014330718389029587,0.8947867034545902,0.8947867034545902,13,110,0.0068724228414344625,9606,Homo sapiens,"GRIN2C","","R-HSA-432164;R-HSA-432162;R-HSA-9611030;R-HSA-9612085;R-HSA-432172;R-HSA-9610750;R-HSA-9610879;R-HSA-9610653;R-HSA-9609738;R-HSA-9609739;R-HSA-9611368;R-HSA-9614185;R-HSA-9617326"
R-HSA-9748784,"Drug ADME",1,238,0.014701340416332077,0.9007818449453853,0.9007818449453853,5,121,0.0075596651255779084,9606,Homo sapiens,"ABCB1","","R-HSA-9759461;R-HSA-2161538;R-HSA-9659680;R-HSA-9757139;R-HSA-9759454"
R-HSA-68886,"M Phase",2,403,0.024893446167150533,0.9023724302646109,0.9023724302646109,2,96,0.005997750843433712,9606,Homo sapiens,"CEP152;CEP192","","R-HSA-380316;R-HSA-380508"
R-HSA-9839923,"Dengue Virus Infection",2,411,0.02538760887022052,0.9083266537152128,0.9083266537152128,4,142,0.008871673122579032,9606,Homo sapiens,"VCP;VIM","","R-HSA-9948087;R-HSA-9920087;R-HSA-9948108;R-HSA-9923067"
R-HSA-162906,"HIV Infection",1,248,0.01531904379516956,0.9100286908615607,0.9100286908615607,4,160,0.009996251405722854,9606,Homo sapiens,"BTRC","","R-HSA-180599;R-HSA-180597;R-HSA-180591;R-HSA-180573"
R-HSA-422475,"Axon guidance",3,566,0.034962011242201496,0.912603186793219,0.912603186793219,9,295,0.018430588529301514,9606,Homo sapiens,"CFL1;ACTB","","R-HSA-3928654;R-HSA-443779;R-HSA-445089;R-HSA-3928595;R-HSA-399950;R-HSA-392751;R-HSA-3928608;R-HSA-373736;R-HSA-373739"
R-HSA-8939211,"ESR-mediated signaling",1,257,0.015874976836123295,0.917616004857123,0.917616004857123,1,114,0.007122329126577533,9606,Homo sapiens,"CREBBP","","R-HSA-9038052"
R-HSA-9609646,"HCMV Infection",1,270,0.01667799122861202,0.9274665208458873,0.9274665208458873,1,31,0.001936773709858803,9606,Homo sapiens,"TRIM28","","R-HSA-9614816"
R-HSA-9918481,"Dengue Virus-Host Interactions",1,273,0.016863302242263265,0.9295680754138279,0.9295680754138279,2,59,0.0036861177058603025,9606,Homo sapiens,"VIM","","R-HSA-9948087;R-HSA-9948108"
R-HSA-9675108,"Nervous system development",3,603,0.03724751374390018,0.932623466833816,0.932623466833816,9,322,0.020117455954017243,9606,Homo sapiens,"CFL1;ACTB","","R-HSA-3928654;R-HSA-443779;R-HSA-445089;R-HSA-3928595;R-HSA-399950;R-HSA-392751;R-HSA-3928608;R-HSA-373736;R-HSA-373739"
R-HSA-69620,"Cell Cycle Checkpoints",1,278,0.017172153931682005,0.93293705560606,0.93293705560606,1,63,0.003936023991003373,9606,Homo sapiens,"BTRC","","R-HSA-69598"
R-HSA-76002,"Platelet activation, signaling and aggregation",1,294,0.01816047933782198,0.9426782510167567,0.9426782510167567,1,119,0.007434711983006373,9606,Homo sapiens,"CFL1","","R-HSA-482775"
R-HSA-983168,"Antigen processing: Ubiquitination & Proteasome degradation",1,302,0.018654642040891962,0.9470077808846163,0.9470077808846163,4,9,5.622891415719105E-4,9606,Homo sapiens,"BTRC","","R-HSA-983147;R-HSA-983157;R-HSA-983156;R-HSA-983140"
R-HSA-112316,"Neuronal System",2,489,0.03020569522515288,0.9510407432018655,0.9510407432018655,21,221,0.013807322254154692,9606,Homo sapiens,"CHAT;GRIN2C","","R-HSA-432164;R-HSA-432162;R-HSA-9611030;R-HSA-9612085;R-HSA-6794336;R-HSA-264622;R-HSA-432172;R-HSA-6794349;R-HSA-9610750;R-HSA-9610879;R-HSA-9610653;R-HSA-8849878;R-HSA-6794356;R-HSA-8849906;R-HSA-6794354;R-HSA-9609738;R-HSA-9609739;R-HSA-9611368;R-HSA-9614185;R-HSA-9617326;R-HSA-8849881"
R-HSA-1483257,"Phospholipid metabolism",1,315,0.01945765643338069,0.9533608042162389,0.9533608042162389,1,218,0.013619892540297388,9606,Homo sapiens,"CHAT","","R-HSA-264622"
R-HSA-8957322,"Metabolism of steroids",1,344,0.02124899623200939,0.9649356016112978,0.9649356016112978,3,257,0.016056478820442335,9606,Homo sapiens,"CREBBP","","R-HSA-1655848;R-HSA-1655850;R-HSA-1655826"
R-HSA-392499,"Metabolism of proteins",16,2429,0.15004015071962443,0.9672112963329177,0.9672112963329177,44,929,0.05804073472447832,9606,Homo sapiens,"CREBBP;VCP;GSN;RIPK2;STAT3;NOD2;ACTB;RAB33A;RELA;RNF2;RAB33B;IL6;TRIM28;NLRP3;TRIM27;BTRC","","R-HSA-8956040;R-HSA-688136;R-HSA-8870469;R-HSA-390470;R-HSA-3108203;R-HSA-8870466;R-HSA-4570499;R-HSA-976734;R-HSA-8955289;R-HSA-5688834;R-HSA-389970;R-HSA-4655440;R-HSA-9949632;R-HSA-4755536;R-HSA-389980;R-HSA-4570463;R-HSA-9948427;R-HSA-9758088;R-HSA-5689544;R-HSA-3108209;R-HSA-9758090;R-HSA-3000434;R-HSA-8956200;R-HSA-8943080;R-HSA-8955241;R-HSA-8952618;R-HSA-4551655;R-HSA-8943083;R-HSA-8952620;R-HSA-8850594;R-HSA-6781953;R-HSA-9755507;R-HSA-9948415;R-HSA-8952289;R-HSA-4551727;R-HSA-3927824;R-HSA-3927959;R-HSA-390453;R-HSA-5691439;R-HSA-9949676;R-HSA-8932276;R-HSA-390459;R-HSA-977136;R-HSA-3782535"
R-HSA-9006931,"Signaling by Nuclear Receptors",1,383,0.02365803940947557,0.9761271148906742,0.9761271148906742,1,195,0.012182931400724729,9606,Homo sapiens,"CREBBP","","R-HSA-9038052"
R-HSA-983169,"Class I MHC mediated antigen processing & presentation",1,404,0.024955216505034284,0.9805986543304479,0.9805986543304479,4,52,0.0032487817068599274,9606,Homo sapiens,"BTRC","","R-HSA-983147;R-HSA-983157;R-HSA-983156;R-HSA-983140"
R-HSA-9824439,"Bacterial Infection Pathways",1,414,0.025572919883871763,0.9824249003234727,0.9824249003234727,1,234,0.014619517680869673,9606,Homo sapiens,"TRIM27","","R-HSA-9636297"
R-HSA-446203,"Asparagine N-linked glycosylation",1,441,0.02724071900673297,0.9865463614283818,0.9865463614283818,1,147,0.009184055979007871,9606,Homo sapiens,"VCP","","R-HSA-8850594"
R-HSA-72766,"Translation",1,450,0.0277966520476867,0.9876942094089443,0.9876942094089443,4,126,0.007872047982006747,9606,Homo sapiens,"VCP","","R-HSA-9949632;R-HSA-9948415;R-HSA-9949676;R-HSA-9948427"
R-HSA-382551,"Transport of small molecules",4,1000,0.06177033788374822,0.9884693262217829,0.9884693262217829,7,463,0.02892665250531051,9606,Homo sapiens,"VCP;ABCB1;ATP6V0C","","R-HSA-8866551;R-HSA-5678706;R-HSA-5252133;R-HSA-8866546;R-HSA-1467457;R-HSA-8866542;R-HSA-917841"
R-HSA-3700989,"Transcriptional Regulation by TP53",1,487,0.030082154549385384,0.9914758282111119,0.9914758282111119,2,258,0.016118955391728102,9606,Homo sapiens,"CREBBP","","R-HSA-6798004;R-HSA-6797993"
R-HSA-9709957,"Sensory Perception",3,1252,0.07733646303045277,0.9996512899249458,0.9996512899249458,2,138,0.008621766837435962,9606,Homo sapiens,"GSN;ACTB","","R-HSA-9663363;R-HSA-9659380"
R-HSA-8953854,"Metabolism of RNA",1,862,0.05324603125579097,0.9998036671564912,0.9998036671564912,1,244,0.015244283393727352,9606,Homo sapiens,"ACTB","","R-HSA-428296"
R-HSA-556833,"Metabolism of lipids",3,1509,0.09321143986657607,0.9999659858629755,0.9999659858629755,43,999,0.06241409471448207,9606,Homo sapiens,"CREBBP;ABCB1;CHAT","","R-HSA-400143;R-HSA-1655826;R-HSA-1989778;R-HSA-1989779;R-HSA-560517;R-HSA-1989776;R-HSA-1989777;R-HSA-1989774;R-HSA-560473;R-HSA-1989775;R-HSA-1989772;R-HSA-1989773;R-HSA-1989770;R-HSA-1368065;R-HSA-1989771;R-HSA-1989768;R-HSA-1989767;R-HSA-1989764;R-HSA-1989765;R-HSA-1989762;R-HSA-1989760;R-HSA-1989761;R-HSA-1989758;R-HSA-1989759;R-HSA-879724;R-HSA-1989756;R-HSA-1989757;R-HSA-1989754;R-HSA-1989755;R-HSA-1989752;R-HSA-1989753;R-HSA-1801587;R-HSA-1989750;R-HSA-1989751;R-HSA-264622;R-HSA-1989748;R-HSA-1989749;R-HSA-1989746;R-HSA-1989747;R-HSA-1989745;R-HSA-1655848;R-HSA-1655850;R-HSA-1592238"
R-HSA-1430728,"Metabolism",3,3788,0.23398603990363828,0.999999999999999,0.999999999999999,43,2392,0.14944395851555667,9606,Homo sapiens,"CREBBP;ABCB1;CHAT","","R-HSA-400143;R-HSA-1655826;R-HSA-1989778;R-HSA-1989779;R-HSA-560517;R-HSA-1989776;R-HSA-1989777;R-HSA-1989774;R-HSA-560473;R-HSA-1989775;R-HSA-1989772;R-HSA-1989773;R-HSA-1989770;R-HSA-1368065;R-HSA-1989771;R-HSA-1989768;R-HSA-1989767;R-HSA-1989764;R-HSA-1989765;R-HSA-1989762;R-HSA-1989760;R-HSA-1989761;R-HSA-1989758;R-HSA-1989759;R-HSA-879724;R-HSA-1989756;R-HSA-1989757;R-HSA-1989754;R-HSA-1989755;R-HSA-1989752;R-HSA-1989753;R-HSA-1801587;R-HSA-1989750;R-HSA-1989751;R-HSA-264622;R-HSA-1989748;R-HSA-1989749;R-HSA-1989746;R-HSA-1989747;R-HSA-1989745;R-HSA-1655848;R-HSA-1655850;R-HSA-1592238"
